# Blender 4.4.1
# www.blender.org
mtllib aladdin4.mtl
o Aladdin
v -0.115689 7.569613 0.273232
v -0.163142 7.429172 0.178088
v -0.124328 7.539127 0.315477
v -0.134586 7.468207 0.351615
v -0.063809 7.588006 0.397445
v -0.067485 7.494087 0.444919
v 0.059994 7.516792 0.488377
v -0.067485 7.430446 0.455197
v 0.059994 7.414439 0.506274
v -0.066203 7.338527 0.430899
v 0.067174 7.321052 0.474062
v -0.063932 7.250452 0.420912
v 0.067174 7.233654 0.463783
v -0.058310 7.157168 0.406756
v 0.067174 7.143045 0.446112
v -0.060014 7.078179 0.426948
v 0.062465 7.065913 0.462460
v -0.032261 6.936180 0.421883
v 0.046367 6.964088 0.449230
v 0.057072 6.868358 0.439841
v 0.105255 6.956380 0.468492
v 0.121045 6.857412 0.473578
v 0.172097 6.929401 0.504725
v 0.199456 6.857412 0.508458
v 0.199456 6.927372 0.518027
v 0.226812 6.929401 0.504725
v 0.229472 6.960835 0.531023
v 0.293658 6.956380 0.468492
v 0.246824 6.980973 0.595730
v 0.304482 6.988075 0.479566
v 0.250008 7.009309 0.612446
v 0.279364 7.028902 0.479721
v 0.235095 7.176425 0.573583
v 0.266057 7.142804 0.471685
v 0.263114 7.232543 0.459841
v 0.331735 7.143045 0.446112
v 0.331735 7.233654 0.463783
v 0.457218 7.157168 0.406761
v 0.462841 7.250452 0.420912
v 0.525462 7.283066 0.362086
v 0.465116 7.338527 0.430899
v 0.466394 7.430446 0.455197
v 0.338915 7.414439 0.506274
v 0.338915 7.516792 0.488377
v 0.257385 7.393218 0.530961
v 0.199456 7.523341 0.509540
v 0.199456 7.384525 0.543559
v 0.141524 7.393218 0.530961
v 0.159798 7.305549 0.519712
v 0.125947 7.312868 0.490082
v 0.135795 7.232543 0.459841
v -0.123761 5.840391 0.014491
v -0.087191 5.746376 0.240768
v -0.361154 5.874577 0.221385
v -0.330534 5.847381 0.410602
v -0.626798 5.854064 0.365569
v -0.429856 5.955815 0.560854
v -0.727531 5.975245 0.496691
v -0.660711 6.208741 0.422825
v -0.619454 6.231654 0.430416
v -0.419986 6.425447 -0.072691
v -0.629299 6.305594 0.203192
v -0.431084 6.365059 -0.293499
v -0.585645 6.233704 -0.020425
v -0.404975 5.982575 -0.099576
v -0.701065 5.943711 -0.109068
v -0.626695 5.798767 0.017811
v -0.806102 5.775001 -0.071206
v -0.797942 5.474891 -0.011599
v -0.919466 5.554383 -0.095600
v -1.037590 5.385389 -0.081768
v -1.153237 5.505948 -0.015148
v -1.349768 5.161697 -0.017326
v -1.375817 5.232397 0.142371
v -1.390319 5.112196 0.006467
v -1.420003 5.079079 -0.011346
v -1.301088 5.021434 -0.048129
v -1.330717 4.978788 -0.062816
v -1.212424 4.929949 0.003542
v -1.310017 4.732944 0.002795
v -1.118384 5.024919 0.160733
v -1.256124 4.725202 0.155456
v 1.641637 4.865705 0.218147
v 1.470631 5.147750 0.224372
v 1.700456 4.883725 0.068194
v 1.581158 5.068395 0.069257
v 1.695730 5.132074 0.009260
v 1.660873 5.170691 0.023630
v 1.770878 5.240300 0.066870
v 1.736925 5.269355 0.084142
v 1.703350 5.383318 0.222036
v 1.692007 5.314627 0.059762
v 1.457704 5.634371 0.061368
v 1.359309 5.503468 -0.012999
v 1.223405 5.658412 -0.028031
v 1.108390 5.563433 0.048738
v 1.084809 5.864098 -0.003488
v 0.900399 5.865023 0.078174
v 0.962901 6.020908 -0.041958
v 0.664178 6.025918 -0.044457
v 0.811770 6.293473 0.048274
v 0.829997 6.365059 -0.293499
v 0.837865 6.363542 0.275183
v 0.818895 6.425447 -0.072691
v 0.827266 6.282643 0.499991
v 0.871139 6.264746 0.493672
v 0.961005 6.038281 0.564943
v 0.665110 5.983679 0.615632
v 0.880099 5.910243 0.426792
v 0.584933 5.868999 0.458731
v 0.619920 5.904743 0.271706
v 0.539359 5.625017 0.272153
v 0.396542 5.849851 0.053946
v 0.018512 6.802454 0.406322
v 0.119701 6.754800 0.453648
v 0.138430 6.673459 0.461189
v 0.199456 6.750157 0.487811
v 0.199456 6.663906 0.488229
v 0.260483 6.673459 0.461189
v 0.199456 6.617637 0.437596
v 0.269266 6.635218 0.417514
v 0.199456 6.643104 0.284400
v 0.281622 6.662119 0.267265
v 0.385237 6.743842 0.152076
v 0.366258 6.698778 0.268642
v 0.421851 6.759665 0.178817
v 0.418076 6.781132 0.343148
v 0.478656 6.925930 0.353832
v 0.380397 6.802454 0.406322
v 0.431170 6.936180 0.421883
v 0.341841 6.868358 0.439841
v 0.352546 6.964088 0.449230
v 0.289351 6.992641 0.467607
v -0.266204 0.367086 -0.677928
v -0.328526 0.250774 -0.542207
v -0.372172 0.347197 -0.542548
v -0.339194 0.344689 -0.338620
v -0.287634 0.538523 -0.439588
v -0.159581 0.442034 -0.311822
v -0.158806 0.522798 -0.367361
v -0.014909 0.355554 -0.328051
v -0.029979 0.538523 -0.439588
v 0.045265 0.400819 -0.542207
v -0.052453 0.578587 -0.621434
v -0.052957 0.367082 -0.677928
v -0.159581 0.367086 -0.725349
v -0.159581 0.126549 -0.797707
v -0.322071 0.126549 -0.726037
v -0.359377 -0.000000 -0.542207
v -0.401737 0.202366 -0.110804
v -0.423384 -0.000000 -0.110804
v -0.437076 0.121008 0.218562
v -0.431117 0.000000 0.218743
v -0.413544 0.101677 0.396216
v -0.410036 0.000000 0.382278
v 0.665117 0.367086 -0.677928
v 0.771081 0.347197 -0.542548
v 0.727439 0.250774 -0.542207
v 0.738103 0.344689 -0.338620
v 0.686547 0.538523 -0.439588
v 0.558494 0.442034 -0.311822
v 0.557719 0.522798 -0.367361
v 0.413818 0.355554 -0.328051
v 0.428887 0.538523 -0.439588
v 0.353648 0.400819 -0.542207
v 0.451366 0.578591 -0.621434
v 0.451866 0.367082 -0.677928
v 0.558490 0.367086 -0.725349
v 0.558490 0.126549 -0.797707
v 0.720980 0.126549 -0.726037
v 0.758290 -0.000000 -0.542207
v 0.800646 0.202370 -0.110804
v 0.822292 -0.000000 -0.110804
v 0.835985 0.121008 0.218562
v 0.830030 0.000000 0.218743
v 0.812452 0.101681 0.396216
v 0.808944 0.000000 0.382278
v -2.180826 3.865955 0.294191
v -2.231059 3.935031 0.267736
v -2.243747 3.909242 0.267189
v -2.236719 3.937877 0.207445
v -2.239243 3.909515 0.207127
v -2.179764 3.856896 0.188514
v -2.322350 3.761375 0.200118
v -2.271458 3.725986 0.183426
v -2.336746 3.742733 0.197857
v -2.392718 3.648748 0.195755
v -2.341392 3.742452 0.259811
v -2.396988 3.648489 0.252695
v -2.278975 3.725530 0.283665
v -2.355529 3.617767 0.271044
v -2.260108 3.698025 0.234540
v -2.329729 3.612174 0.228929
v -2.348965 3.618165 0.183518
v -2.346607 3.593253 0.227577
v -2.406974 3.547314 0.188114
v -2.412153 3.547000 0.257179
v -2.449696 3.563236 0.191981
v -2.453831 3.562985 0.247127
v 2.651596 4.112465 0.377020
v 2.710234 4.163298 0.353786
v 2.694685 4.187469 0.354378
v 2.702428 4.192616 0.294472
v 2.708169 4.164741 0.293607
v 2.655860 4.106302 0.271211
v 2.807788 4.027150 0.286788
v 2.761964 3.986735 0.267083
v 2.824289 4.010318 0.284728
v 2.890615 3.923323 0.282881
v 2.826419 4.008830 0.346798
v 2.892575 3.921957 0.339936
v 2.765410 3.984327 0.367521
v 2.854162 3.886261 0.355746
v 2.751802 3.956259 0.316994
v 2.830895 3.878978 0.312427
v 2.851153 3.888363 0.268047
v 2.849859 3.862126 0.311373
v 2.916603 3.824397 0.273518
v 2.918979 3.822735 0.342717
v 2.957044 3.844909 0.279612
v 2.958939 3.843584 0.334861
v 0.199456 7.261034 0.668067
v 0.218911 7.336449 0.673403
v 0.199456 7.326077 0.692345
v 0.240209 7.414618 0.707119
v 0.199456 7.406533 0.760753
v 0.276704 7.536008 0.690546
v 0.199456 7.574384 0.771654
v 0.318264 7.638595 0.577779
v 0.199456 7.726350 0.663604
v 0.299818 7.797585 0.492094
v 0.199456 7.853916 0.539998
v 0.317174 7.872432 0.302940
v 0.199456 7.930028 0.330960
v 0.317666 7.863353 0.125274
v 0.199456 7.902040 0.132536
v 0.199456 7.852014 0.055928
v 0.011541 7.914651 0.132536
v -0.035359 7.807060 0.015704
v -0.212304 7.799265 0.103996
v -0.219444 7.634255 -0.202158
v -0.319616 7.621276 0.015704
v 0.061916 7.631542 0.429907
v 0.199456 7.643992 0.448062
v 0.199456 7.691872 0.400183
v 0.336993 7.631542 0.429907
v 0.462718 7.588006 0.397445
v 0.466394 7.494087 0.444919
v 0.533499 7.468207 0.351615
v 0.533499 7.394169 0.364065
v 0.555178 7.318458 0.219173
v 0.514565 7.200245 0.345877
v 0.543498 7.131439 0.093144
v 0.513594 7.110944 0.362787
v 0.539609 6.964949 0.028941
v 0.505774 6.883202 0.060665
v 0.459567 6.864748 0.028740
v 0.132852 7.142804 0.471685
v 0.119549 7.028902 0.479721
v 0.109558 6.992641 0.467607
v 0.094427 6.988075 0.479566
v 0.152085 6.980973 0.595730
v 0.148901 7.009309 0.612446
v 0.199456 6.971817 0.607324
v 0.199456 7.007087 0.628196
v 0.199456 7.176660 0.584562
v 0.199456 7.306016 0.529986
v 0.239111 7.305549 0.519712
v -0.770002 6.141457 -0.037694
v -0.882789 5.966737 -0.050013
v -0.839166 6.198256 0.187011
v -0.978927 5.986144 0.175561
v -0.917512 5.964631 0.413027
v -1.012816 5.754128 0.360620
v -0.820185 5.817019 0.442522
v -0.894245 5.637911 0.445002
v -0.771010 5.553903 0.373885
v -1.028905 5.447425 0.418733
v -0.912838 5.340643 0.342939
v -1.185237 5.220362 0.331968
v -1.098315 5.123682 0.276828
v -1.206164 4.974934 0.288460
v -1.295332 4.773661 0.320160
v -1.556450 4.431435 0.143135
v -2.241148 3.934817 0.159389
v -2.236359 3.935107 0.095534
v -2.243777 3.903211 0.094833
v -2.171266 3.857412 0.075190
v -2.333396 3.742168 0.087154
v -2.278774 3.704195 0.069180
v -2.348884 3.722108 0.084722
v -2.408837 3.621364 0.082484
v -2.353884 3.721805 0.151400
v -2.413430 3.621083 0.143769
v -2.286865 3.703705 0.177065
v -2.369302 3.588232 0.165973
v -2.266562 3.674104 0.124192
v -2.341764 3.580984 0.118129
v -2.361866 3.588683 0.066813
v -2.359255 3.561973 0.116731
v -2.427997 3.512542 0.073973
v -2.433571 3.512204 0.148306
v -2.470783 3.528524 0.079065
v -2.475130 3.528260 0.137035
v -1.890908 4.346125 0.017967
v -1.937748 4.289704 -0.027825
v -1.925754 4.365279 0.117129
v -1.964701 4.300210 0.124778
v -2.071827 4.184063 0.137744
v -1.957144 4.284807 0.262887
v -2.058278 4.175383 0.286730
v -1.920007 4.181368 0.354782
v -1.981754 4.004848 0.410392
v -1.922822 3.962455 0.414618
v -2.083027 3.857593 0.388943
v -2.028190 3.818146 0.392876
v -2.043324 3.797088 0.392669
v -2.008641 3.807557 0.335343
v -2.059646 3.724287 0.326418
v -2.090829 3.777835 0.279518
v -2.100657 3.693934 0.318482
v -2.170673 3.744306 0.313461
v -2.120630 3.687648 0.361847
v -2.174441 3.726363 0.357988
v -2.199017 3.948159 -0.053187
v -2.181993 3.948378 -0.103417
v -2.192586 3.925537 -0.104451
v -2.134257 3.889465 -0.119873
v -2.252422 3.813803 -0.109294
v -2.208529 3.783273 -0.123571
v -2.264754 3.797832 -0.111229
v -2.313247 3.716551 -0.113073
v -2.268733 3.797591 -0.058159
v -2.316905 3.716329 -0.064298
v -2.214968 3.782883 -0.037701
v -2.280813 3.689592 -0.048542
v -2.198810 3.759323 -0.079786
v -2.260770 3.682671 -0.084781
v -2.275191 3.689933 -0.123516
v -2.273418 3.669284 -0.085791
v -2.326891 3.631299 -0.119720
v -2.331327 3.631030 -0.060561
v -2.361129 3.644809 -0.114200
v -2.364369 3.644613 -0.071003
v 2.175193 4.427113 0.202826
v 2.203181 4.447570 0.292104
v 2.008247 4.633142 0.326236
v 2.089027 4.703908 0.371105
v 1.791368 5.033104 0.452931
v 1.907826 5.131878 0.389309
v 1.675951 5.159429 0.410271
v 1.742698 5.271752 0.352285
v 1.507835 5.344614 0.402832
v 1.619208 5.407679 0.339427
v 1.411424 5.695845 0.416681
v 1.449638 5.740261 0.239298
v 1.329191 5.882154 0.246832
v 1.261970 5.863574 0.060661
v 1.222361 6.086374 0.255393
v 1.138283 6.062583 0.025458
v 1.059052 6.281004 0.265662
v 1.005969 6.223083 0.036905
v 2.674415 4.205867 0.032755
v 2.672679 4.184110 -0.019250
v 2.659526 4.205575 -0.018149
v 2.619501 4.142146 -0.038022
v 2.744974 4.079997 -0.024071
v 2.705450 4.045132 -0.040951
v 2.759106 4.065573 -0.025841
v 2.816560 3.990353 -0.027457
v 2.760930 4.064299 0.027332
v 2.818236 3.989182 0.021416
v 2.708401 4.043069 0.045086
v 2.784801 3.958122 0.034965
v 2.696744 4.019022 0.001803
v 2.767168 3.950004 -0.002263
v 2.782224 3.959923 -0.040160
v 2.781282 3.938162 -0.003031
v 2.840062 3.907398 -0.035478
v 2.842095 3.905977 0.023800
v 2.872285 3.924517 -0.028158
v 2.873770 3.923479 0.015118
v 2.320441 4.564481 0.099646
v 2.348831 4.584658 0.200647
v 2.375206 4.514990 0.054639
v 2.394578 4.524197 0.208477
v 2.513594 4.420530 0.223390
v 2.383221 4.504188 0.345728
v 2.495083 4.406219 0.371404
v 2.354378 4.394702 0.433500
v 2.433479 4.224766 0.487640
v 2.379620 4.175905 0.488316
v 2.551613 4.090507 0.467206
v 2.501502 4.045040 0.467839
v 2.518928 4.025834 0.467798
v 2.485633 4.033927 0.409277
v 2.546089 3.957209 0.400650
v 2.572865 4.015220 0.356404
v 2.590575 3.931902 0.393808
v 2.654558 3.989956 0.393005
v 2.609353 3.926692 0.437843
v 2.658531 3.971313 0.437226
v 2.709122 4.191419 0.246600
v 2.717941 4.162124 0.181504
v 2.706928 4.192953 0.182621
v 2.651965 4.109024 0.157666
v 2.825521 4.012473 0.174000
v 2.776343 3.969110 0.152789
v 2.843276 3.994356 0.171780
v 2.914325 3.901103 0.169814
v 2.845568 3.992754 0.238584
v 2.916432 3.899632 0.231217
v 2.780051 3.966519 0.260884
v 2.875462 3.861412 0.250714
v 2.765405 3.936311 0.206506
v 2.850888 3.852453 0.201562
v 2.872053 3.863794 0.151362
v 2.870468 3.835578 0.200486
v 2.946062 3.795409 0.159628
v 2.948617 3.793624 0.234101
v 2.986514 3.815957 0.166945
v 2.988506 3.814565 0.225023
v -2.210517 3.945126 -0.011416
v -2.218881 3.917331 -0.012277
v -2.224404 3.940370 0.048489
v -2.223443 3.917055 0.048562
v -2.303087 3.767382 -0.019060
v -2.307620 3.767107 0.041379
v -2.317641 3.748542 -0.021346
v -2.322339 3.748257 0.041299
v -2.378510 3.653300 0.034057
v -2.259248 3.731159 0.065420
v -2.336636 3.622268 0.052637
v -2.240172 3.703346 0.015743
v -2.310610 3.615577 0.010592
v -2.329999 3.622670 -0.035869
v -2.327609 3.597044 0.009233
v -2.391811 3.551587 -0.031486
v -2.397048 3.551270 0.038352
v -2.432069 3.566968 -0.024958
v -2.435892 3.566736 0.026032
v 2.684477 4.202985 0.074909
v 2.696371 4.198150 0.135232
v 2.695973 4.176343 0.073766
v 2.698064 4.174882 0.134722
v 2.796879 4.037073 0.067178
v 2.798957 4.035621 0.127738
v 2.813560 4.020056 0.065090
v 2.815713 4.018552 0.127857
v 2.882559 3.930766 0.120867
v 2.754044 3.993797 0.148810
v 2.843760 3.894709 0.136883
v 2.740288 3.965416 0.097722
v 2.820392 3.886308 0.093603
v 2.840718 3.896835 0.048206
v 2.839429 3.869854 0.092555
v 2.909981 3.833069 0.053628
v 2.912382 3.831391 0.123598
v 2.947932 3.852689 0.062256
v 2.949685 3.851464 0.113340
v -1.598575 4.455054 0.255034
v -1.735747 4.228580 0.130756
v -1.769718 4.247790 0.218218
v -1.688684 4.517200 0.294592
v -1.842155 4.297738 0.250255
v -1.777495 4.583772 0.242202
v -1.905196 4.345258 0.208501
v -1.804064 4.609573 0.125376
v -1.759560 4.584859 0.003035
v -1.663551 4.518724 -0.040567
v -1.822312 4.298941 -0.014351
v -1.580643 4.456144 0.015867
v -1.755427 4.248654 0.027683
v 0.742750 7.279222 0.084038
v 0.703432 7.355674 0.269958
v 0.636516 7.282037 0.261142
v 0.648946 7.421123 0.423457
v 0.677891 7.547905 0.230332
v 0.629459 7.603342 0.378200
v 0.613619 7.612608 0.211955
v 0.556793 7.682216 0.411756
v 0.510012 7.796586 0.235959
v 0.484095 7.769979 0.384405
v 0.392487 7.781643 0.235959
v 0.428785 7.727727 0.456492
v 0.353886 7.687659 0.444194
v 0.471984 7.629005 0.513118
v 0.384639 7.577363 0.489987
v 0.551039 7.515423 0.493942
v 0.455432 7.448241 0.465841
v 0.547474 7.357830 0.401916
v 0.080645 7.638595 0.577779
v 0.138368 7.584667 0.632749
v 0.199456 7.534246 0.555317
v 0.114390 7.471670 0.595185
v 0.042908 7.597203 0.676268
v -0.027942 7.364850 0.571013
v -0.108673 7.427409 0.633786
v -0.131811 7.271091 0.449038
v -0.207981 7.300209 0.477680
v -0.196969 7.228477 0.275880
v -0.285945 7.281533 0.290269
v -0.343837 7.279222 0.084038
v -0.425019 7.364227 0.081435
v -0.488185 7.325658 -0.078219
v -0.403097 7.550570 0.038129
v -0.449153 7.462638 -0.120206
v -0.043347 7.770664 -0.280905
v 0.199456 7.813208 -0.296528
v -0.039786 7.589273 -0.444719
v 0.199456 7.584162 -0.506357
v -0.030052 7.430921 -0.506377
v 0.199456 7.430921 -0.564244
v 0.067043 7.314302 -0.557044
v 0.199456 7.153156 -0.580522
v 0.124639 7.153156 -0.571711
v 0.199456 6.940770 -0.488255
v 0.018753 6.940770 -0.456805
v 0.022262 6.732945 -0.417474
v 0.011340 6.761091 -0.367353
v 0.024216 6.628018 -0.329067
v 0.017208 6.864092 -0.255562
v 0.381700 6.864092 -0.255562
v 0.374692 6.628018 -0.329067
v 0.387569 6.761091 -0.367353
v 0.376651 6.732949 -0.417470
v 0.380160 6.940770 -0.456805
v 0.274274 7.153156 -0.571711
v 0.331870 7.314302 -0.557039
v 0.428965 7.430925 -0.506377
v 0.438699 7.589273 -0.444719
v 0.442256 7.770664 -0.280905
v 0.434268 7.807060 0.015708
v 0.618352 7.634255 -0.202158
v -0.172412 5.124825 -0.037962
v -0.258459 5.111470 0.181514
v -0.259360 5.310205 -0.085489
v -0.346132 5.310205 0.151995
v -0.214944 5.101728 0.325239
v -0.296785 5.313200 0.319341
v -0.078366 5.092946 0.471496
v -0.152729 5.314054 0.473709
v 0.199456 5.087843 0.565120
v 0.199456 5.314172 0.576845
v 0.551642 5.314054 0.473709
v 0.327899 5.658410 0.574419
v 0.632356 5.606146 0.458550
v 0.658896 5.701045 0.478603
v 0.811022 5.695836 0.258610
v 0.821424 5.777730 0.346148
v 1.973656 4.608067 0.212093
v 1.668367 4.913648 0.385479
v 1.558265 5.104412 0.354600
v 1.434775 5.240339 0.341742
v 1.223312 5.433115 0.404735
v 1.323323 5.550120 0.487954
v 1.057031 5.628107 0.434417
v 1.166929 5.723430 0.512750
v 1.073163 5.893064 0.511202
v 1.274858 5.854568 0.436320
v 1.154199 6.051461 0.489397
v -0.445690 5.560357 -0.072568
v -0.354271 5.458552 0.289617
v -0.412109 5.695836 0.258606
v -0.233443 5.606146 0.458550
v 0.071010 5.658410 0.574419
v 0.199456 5.636800 0.580374
v 0.199456 5.791771 0.540269
v 0.334948 5.730646 0.592623
v 0.327575 6.037189 0.493655
v 0.692092 6.036849 0.360336
v -2.180257 4.022252 0.135921
v -2.168873 4.009665 0.286083
v -2.046724 4.001348 0.322190
v -2.023860 3.986037 0.308497
v -2.093742 3.868781 0.329240
v -2.098160 3.836539 0.388736
v -2.155594 3.793321 0.319536
v -2.130360 4.019875 -0.095904
v -2.027850 4.176800 -0.075013
v -1.916704 4.100200 -0.087637
v -1.823377 4.220091 -0.040150
v -1.871987 4.074306 -0.023347
v -1.782717 4.187323 0.023192
v -1.765841 4.168882 0.132670
v -1.797241 4.185282 0.236821
v 2.633770 4.036769 0.399550
v 2.569039 4.071300 0.467169
v 2.563401 4.104488 0.408300
v 2.481550 4.213669 0.387261
v 2.501951 4.231067 0.402286
v 2.623726 4.254084 0.371728
v 2.639696 4.272063 0.222539
v 2.268115 4.504442 0.328415
v 2.171750 4.781492 0.324183
v 2.326990 4.559904 0.290550
v 2.199935 4.813375 0.209253
v 2.163530 4.787237 0.084553
v 2.077507 4.711959 0.035296
v 2.259020 4.510798 0.063291
v 2.000026 4.638887 0.086605
v 2.196632 4.452147 0.101200
v 2.236854 4.388064 0.310434
v 2.211775 4.371151 0.204668
v 2.230875 4.394427 0.096480
v 2.334224 4.293520 0.051261
v 2.270084 4.433321 0.035742
v 2.378282 4.326070 -0.010407
v 2.479395 4.414309 0.008810
v 2.599837 4.270565 -0.011229
v 0.199456 6.885218 -0.257353
v -0.011078 6.870510 -0.169097
v -0.049732 6.993403 -0.166093
v -0.057510 6.829798 -0.017754
v -0.050867 6.559524 -0.057581
v 0.033970 6.420844 0.112873
v -0.143770 6.374956 0.085202
v 0.061100 6.329601 0.196456
v -0.148323 6.330749 0.201374
v 0.099181 6.294250 0.280789
v 0.071334 6.037189 0.493651
v 0.199456 6.255919 0.276142
v 0.199456 6.025435 0.466214
v -0.003078 6.607179 -0.223518
v 0.199456 6.833130 -0.243431
v 0.199456 6.583311 -0.295380
v 0.401987 6.607179 -0.223518
v 0.409986 6.870510 -0.169097
v 0.449780 6.559524 -0.057581
v 0.456423 6.829798 -0.017754
v 0.364939 6.420844 0.112877
v 0.376746 6.683414 0.135352
v 0.199456 6.447307 0.187481
v 0.199456 6.613555 0.234225
v 0.022163 6.683414 0.135352
v 0.013676 6.743842 0.152076
v -0.060654 6.864748 0.028740
v 0.010791 7.274615 -0.616193
v -0.092276 7.399402 -0.560728
v -0.080608 7.101145 -0.558962
v -0.210563 7.198683 -0.492251
v -0.195789 7.068401 -0.455231
v -0.334973 7.298536 -0.282303
v -0.266413 7.063725 -0.368472
v -0.328674 7.189704 -0.142676
v -0.289773 7.063725 -0.219604
v -0.375848 7.027902 -0.063207
v -0.316268 6.947647 -0.161442
v -0.351497 6.837327 -0.049687
v -2.148404 3.878588 -0.030376
v -2.251647 3.731620 -0.035942
v -2.374192 3.653561 -0.023520
v -2.390229 3.634867 -0.025934
v -2.394714 3.634595 0.033867
v 2.900775 3.914014 0.120952
v 2.898722 3.915454 0.061031
v 2.880579 3.932149 0.063178
v 2.750560 3.996232 0.047254
v 2.631146 4.130431 0.051726
v 0.750405 6.837330 -0.049687
v 0.715177 6.947647 -0.161442
v 0.774757 7.027902 -0.063207
v 0.688686 7.063725 -0.219604
v 0.727587 7.189704 -0.142676
v 0.665322 7.063725 -0.368472
v 0.733881 7.298536 -0.282303
v 0.594697 7.068401 -0.455231
v 0.609476 7.198683 -0.492251
v 0.479517 7.101145 -0.558957
v 0.491185 7.399402 -0.560728
v 0.388122 7.274615 -0.616193
v -0.984700 5.755834 -0.014311
v -1.061619 5.770959 0.168382
v -1.164884 5.616166 0.159934
v -1.129667 5.580500 0.339893
v -1.300134 5.268879 0.262353
v -1.407984 5.120131 0.273986
v -1.331603 5.017494 0.337750
v -1.557769 4.963298 0.308168
v -1.433813 4.879896 0.379200
v -0.144589 7.131439 0.093144
v -0.153679 7.039533 0.028941
v -0.140700 6.964949 0.028941
v -0.096198 6.964949 -0.013131
v -0.106865 6.883202 0.060665
v -0.022942 6.759665 0.178817
v 0.032651 6.698778 0.268642
v 0.117291 6.662119 0.267265
v 0.129643 6.635218 0.417514
v -0.079743 6.925930 0.353832
v -0.114685 7.110944 0.362787
v -0.115656 7.200245 0.345877
v -0.156265 7.318458 0.219173
v -0.126553 7.283066 0.362086
v -0.134586 7.394169 0.364065
v 0.823932 7.364227 0.081435
v 0.802010 7.550570 0.038129
v 0.718525 7.621276 0.015708
v 0.637590 7.762853 0.015708
v 0.521757 7.824064 0.015708
v 0.407495 7.804491 0.101881
v -2.104738 3.887936 0.247055
v -2.095545 3.942018 0.312690
v -2.060558 3.925336 0.251734
v -2.097743 3.881834 0.137796
v -1.903285 4.075994 0.128467
v -2.083176 3.895385 0.028393
v -2.074949 3.907010 -0.069826
v -2.047602 3.953015 -0.109802
v 2.525848 4.195232 -0.030259
v 2.556602 4.151498 0.009791
v 2.562100 4.138131 0.107976
v 2.358939 4.294478 0.204291
v 2.573663 4.123255 0.217565
v 2.527181 4.159094 0.330756
v 2.575479 4.127050 0.327137
v 2.557544 4.177898 0.393546
v -0.804268 6.139379 0.419248
v -0.608256 5.737863 0.202233
v -0.724248 5.497664 0.192439
v 0.044417 7.949425 0.330960
v 0.019180 7.881530 0.484910
v 0.012184 7.797036 0.597996
v -0.183383 7.696073 0.482455
v -0.140778 7.498890 0.606311
v -0.336243 7.570117 0.255102
v -0.054474 7.462617 0.466623
v -0.058301 7.627919 0.339910
v -0.309584 7.298090 0.100803
v -0.252381 7.380149 0.042109
v 0.199456 6.354707 0.188465
v 0.337808 6.329601 0.196456
v 0.542679 6.374956 0.085202
v 0.547232 6.330749 0.201374
v 0.495111 6.964949 -0.013131
v 0.448645 6.993403 -0.166093
v 0.524614 7.024562 -0.019947
v 0.562067 7.188872 -0.090715
v -0.277675 7.344830 -0.488632
v -0.313891 7.514378 -0.386549
v -0.176531 7.568400 -0.372599
v -0.343689 7.596190 -0.194801
v -0.414798 7.514144 -0.168196
v -0.410646 7.431258 -0.049458
v -0.455739 7.335413 -0.110259
v -0.361148 7.239096 -0.071715
v -0.852052 5.306530 0.181986
v -0.916950 5.281497 0.013642
v -1.155935 5.022246 -0.003425
v -1.192117 4.969803 0.020682
v -2.248282 3.701347 0.125686
v -2.159739 3.817852 0.132856
v -2.338220 3.741876 0.151487
v -2.248565 3.902921 0.158687
v -2.184259 3.781003 -0.078596
v -2.128526 3.854772 -0.074082
v -2.256264 3.813567 -0.058092
v -2.196447 3.925303 -0.052963
v -1.864684 4.230538 0.288105
v -1.833948 4.118727 0.360951
v -1.816927 4.046570 0.264128
v -1.917642 3.909619 0.316115
v -1.971192 3.944597 0.284320
v -2.038483 3.853268 0.306333
v 1.555775 5.105216 0.086421
v 1.514873 5.153909 0.061986
v 1.247484 5.384030 0.074645
v 1.173380 5.396889 0.240543
v 1.024365 5.572055 0.249855
v 0.881530 5.797300 0.260155
v 2.296577 4.439170 0.365637
v 2.275818 4.322622 0.434467
v 2.271051 4.251741 0.335349
v 2.384479 4.125595 0.388480
v 2.434957 4.167255 0.359862
v 2.511238 4.083499 0.382658
v 2.679787 4.038890 0.002861
v 2.615899 4.105759 0.006660
v 2.746733 4.078767 0.027231
v 2.674449 4.182873 0.032338
v 2.744107 3.961268 0.207835
v 2.642677 4.066822 0.213845
v 2.827732 4.010928 0.238454
v 2.720136 4.160590 0.245483
v 0.760057 7.239096 -0.071715
v 0.854648 7.335416 -0.110259
v 0.708493 7.298090 0.100803
v 0.809559 7.431258 -0.049458
v 0.813707 7.514144 -0.168196
v 0.742602 7.596190 -0.194801
v 0.712800 7.514378 -0.386549
v 0.575444 7.568400 -0.372599
v 0.676584 7.344830 -0.488628
v 0.179998 7.336445 0.673403
v 0.199456 7.346785 0.654334
v 0.158700 7.414618 0.707119
v 0.199456 7.420151 0.669719
v 0.122205 7.536008 0.690546
v 0.199456 7.507960 0.631101
v 0.199456 6.639395 -0.364697
v 0.532011 6.907234 -0.113677
v 0.720923 6.908197 -0.081981
v -2.243125 3.723336 0.235929
v -2.162659 3.829266 0.242445
v -2.326832 3.761103 0.259890
v -0.307936 -0.000000 -0.704874
v -0.159581 -0.000000 -0.769913
v 0.002910 0.126549 -0.726037
v 0.004492 0.289441 -0.542207
v -0.159581 0.292380 -0.015713
v -0.121016 0.138172 0.301429
v -0.121016 0.107394 0.544269
v -0.121016 0.000000 0.528241
v 0.051338 0.000000 0.522831
v 0.558494 0.292380 -0.015713
v 0.519929 0.138172 0.301429
v 0.519929 0.107398 0.544269
v 0.519929 0.000000 0.528241
v 0.347575 0.000000 0.522831
v 0.394417 0.289441 -0.542207
v 0.396003 0.126549 -0.726037
v 0.558494 -0.000000 -0.769913
v 0.706849 -0.000000 -0.704874
v 2.533591 4.058802 0.378268
v 2.732006 3.979450 0.318229
v 2.639827 4.075423 0.323692
v 2.809842 4.025714 0.346676
v 0.279208 6.754804 0.453648
v 0.277864 6.857412 0.473578
v 0.552588 7.039533 0.028941
v 0.562600 7.003776 -0.013025
v 0.585854 7.019022 -0.064650
v 0.608418 7.088744 -0.101518
v 0.563227 7.214962 0.039035
v 0.685133 7.196523 -0.139590
v 0.624639 7.317642 -0.013594
v 0.681879 7.298749 -0.099895
v 0.457210 7.627919 0.339910
v 0.514598 7.569613 0.273232
v 0.562051 7.429172 0.178088
v 0.651294 7.380149 0.042109
v -0.317190 1.130835 -0.587091
v -0.158806 1.140962 -0.658646
v -0.158806 0.588005 -0.666330
v -0.000426 1.130839 -0.587091
v 0.033048 1.092751 -0.318264
v -0.158806 1.077292 -0.209100
v 0.399335 1.130839 -0.587091
v 0.557719 1.140962 -0.658646
v 0.557719 0.588005 -0.666330
v 0.716099 1.130839 -0.587091
v 0.664068 0.578591 -0.621434
v 0.749573 1.092751 -0.318264
v 0.557719 1.077292 -0.209100
v 1.021675 6.212105 0.494735
v 0.013791 7.701085 0.699886
v -0.187920 7.503968 0.658551
v -0.161909 7.569228 0.569358
v -0.283130 7.335154 0.482176
v -0.250881 7.372669 0.432477
v -0.276044 7.205908 0.342451
v 0.199456 6.268181 0.225775
v 0.299732 6.294250 0.280789
v -0.097837 6.924488 -0.464682
v -0.108714 6.733080 -0.420355
v -0.007205 6.732945 -0.437929
v -0.007205 6.621858 -0.452252
v -0.050859 6.695425 -0.343682
v -0.082661 6.643284 -0.384873
v -0.125705 7.024562 -0.019951
v -0.163691 7.003776 -0.013029
v -0.186941 7.019022 -0.064650
v -0.209505 7.088744 -0.101522
v -0.164318 7.214962 0.039031
v -0.286224 7.196523 -0.139590
v -0.225726 7.317642 -0.013598
v -0.282966 7.298749 -0.099895
v -2.425653 3.601754 0.079346
v -2.430514 3.601459 0.144165
v -2.141658 3.836358 0.023739
v -2.222996 3.728943 0.017147
v -2.407960 3.630790 0.193006
v -2.412456 3.630517 0.252970
v -2.324697 3.701895 -0.113937
v -2.328344 3.701673 -0.065297
v -0.021397 -0.000000 -0.542207
v 0.017790 0.045216 -0.259614
v 0.081346 -0.000000 -0.015499
v 0.080321 0.000000 0.296666
v -0.121016 0.000000 0.296666
v 0.076436 0.219825 0.037851
v -0.011225 -0.000000 -0.704874
v 0.322477 0.219825 0.037851
v 0.381118 0.045216 -0.259614
v 0.420310 -0.000000 -0.542207
v 0.410134 -0.000000 -0.704874
v 0.317563 -0.000000 -0.015499
v 0.318592 0.000000 0.296666
v 0.519929 0.000000 0.296666
v 2.831298 3.975940 0.020573
v 2.829626 3.977108 -0.028162
v 2.909958 3.905837 0.340466
v 2.907897 3.907278 0.280386
v 2.720272 3.988866 0.098971
v 2.627054 4.086218 0.104503
v 2.935603 3.882050 0.231906
v 2.933374 3.883607 0.166956
v 0.571325 5.124825 -0.037962
v 0.658273 5.310205 -0.085489
v 0.657372 5.111470 0.181514
v 0.745041 5.310205 0.151995
v 0.613853 5.101728 0.325239
v 0.695698 5.313200 0.319341
v 0.477275 5.092946 0.471496
v 0.481574 6.643284 -0.384873
v 0.449772 6.695429 -0.343682
v 0.406114 6.621858 -0.452252
v 0.406114 6.732949 -0.437929
v 0.507627 6.733080 -0.420355
v 0.496750 6.924488 -0.464682
v -1.447666 4.814807 -0.080568
v -1.567967 4.917621 -0.020032
v 1.936461 5.096829 0.060892
v 1.831180 4.982860 -0.007184
v -0.157441 7.847723 0.293301
v 0.063961 5.730646 0.592619
v -0.259987 5.701045 0.478603
v -0.293179 6.036849 0.360336
v -0.422515 5.777730 0.346148
v -0.372402 7.316425 -0.422458
v -0.404987 7.451749 -0.327666
v -0.319690 7.240710 -0.416319
v -0.428916 7.225276 -0.293683
v -0.275179 6.993083 -0.374668
v -0.339177 7.162553 -0.215821
v -0.003389 6.596572 -0.299064
v -0.136819 6.636825 -0.218010
v -0.179551 6.837327 -0.391680
v -0.133098 6.907234 -0.113677
v -0.256061 6.759120 -0.118120
v -0.322010 6.908197 -0.081981
v 0.169437 6.960835 0.531023
v 0.199456 6.956338 0.543498
v -0.019167 6.781132 0.343148
v -2.057702 3.826096 0.301731
v 0.458923 7.078179 0.426948
v 0.336444 7.065913 0.462460
v 0.331735 7.321052 0.474062
v 0.272962 7.312868 0.490086
v 0.523237 7.539127 0.315477
v 0.771315 7.316421 -0.422458
v 0.688354 7.138067 -0.457293
v 0.718603 7.240710 -0.416319
v 0.803900 7.451749 -0.327666
v 0.827825 7.225276 -0.293683
v 0.578464 6.837330 -0.391680
v 0.535732 6.636829 -0.218010
v 0.402302 6.596572 -0.299064
v -1.258929 5.077781 -0.072431
v -1.610725 4.980317 0.130024
v 1.965689 5.159724 0.214079
v 1.613602 5.222587 -0.001171
v -0.200538 5.640157 -0.367410
v 0.199456 5.640157 -0.423654
v 0.199456 5.310205 -0.269086
v 0.599451 5.640157 -0.367406
v 0.469611 5.310537 -0.230751
v 0.810555 5.476630 -0.192187
v -0.113410 7.427409 0.641761
v -0.217165 7.304705 0.483942
v -0.409675 7.256898 -0.052437
v -0.468099 7.195097 -0.225850
v -0.012918 5.133411 -0.179273
v 0.199456 5.135653 -0.216210
v 0.411826 5.133411 -0.179273
v 0.184404 6.592310 -0.462547
v 0.199456 6.733080 -0.448748
v 0.214505 6.592310 -0.462547
v 0.376651 6.599662 -0.430925
v -0.211923 6.875371 -0.380139
v -0.161101 6.759120 -0.140709
v -0.244680 6.789619 -0.279331
v -0.165556 6.633685 -0.229604
v -0.213612 6.691733 -0.283315
v 0.163814 7.176425 0.573583
v -0.265159 0.578591 -0.621434
v 0.091669 0.138172 0.301429
v 0.058961 0.107394 0.538859
v 0.307240 0.138172 0.301429
v 0.339952 0.107394 0.538859
v 0.753180 5.458548 0.289617
v 0.844603 5.560357 -0.072568
v 0.610836 6.875371 -0.380139
v 0.560014 6.759120 -0.140709
v 0.643593 6.789619 -0.279327
v 0.564469 6.633685 -0.229604
v 0.612521 6.691733 -0.283315
v -0.411646 5.476630 -0.192187
v -0.289564 6.873087 -0.284544
v -0.291224 6.697753 -0.303117
v -0.164941 7.318458 0.150597
v -0.221189 7.233465 0.072710
v 0.620098 7.233465 0.072710
v 0.563850 7.318458 0.150597
v 0.738086 7.162553 -0.215821
v 0.690137 6.697753 -0.303113
v 0.688473 6.873092 -0.284540
v 0.654974 6.759120 -0.118120
v 0.808584 7.256898 -0.052437
v 0.867012 7.195097 -0.225850
v 0.887098 7.325658 -0.078219
v 0.848062 7.462638 -0.120206
v 0.022262 6.599662 -0.430925
v -0.350665 1.092751 -0.318264
v 0.365861 1.092751 -0.318264
v -0.163154 7.188872 -0.090715
v -0.070703 5.310537 -0.230751
v 0.107628 6.938646 -0.540044
v 0.068506 7.143894 -0.619861
v 0.674092 6.993083 -0.374668
v 0.291285 6.938646 -0.540044
v 0.330403 7.143894 -0.619861
v -0.289445 7.138067 -0.457293
v -0.466583 5.740883 0.187903
v 0.596133 5.722490 0.532628
v 0.054535 4.336303 0.547727
v 0.199456 4.561086 0.594873
v -0.090886 4.431414 0.492258
v -0.060199 4.835586 0.492418
v 0.199456 4.830729 0.588312
v -0.100411 5.046054 0.517700
v 0.199456 5.040460 0.619463
v 0.199456 5.087843 0.565120
v 0.499319 5.046054 0.517700
v 0.477275 5.092946 0.471496
v 0.658609 5.055726 0.356873
v 0.613853 5.101728 0.325239
v 0.708767 5.067782 0.174883
v 0.657372 5.111470 0.181514
v 0.618127 5.082201 -0.062068
v 0.571325 5.124825 -0.037962
v 0.456309 5.091048 -0.207723
v 0.411826 5.133411 -0.179273
v 0.199456 5.093806 -0.253119
v 0.199456 5.135653 -0.216210
v -0.012918 5.133411 -0.179273
v -0.050867 6.559524 -0.057581
v -0.161032 6.498145 -0.070699
v -0.149774 6.382091 0.228303
v -0.424609 6.352195 0.149769
v -0.346771 6.036849 0.424137
v -0.429856 5.955815 0.560854
v -0.438424 5.777730 0.399736
v -0.227766 5.768843 0.491533
v -0.533081 5.386432 0.117983
v -0.126312 5.691681 0.237585
v -0.432621 5.410620 -0.253443
v -0.169088 5.798777 -0.026345
v -0.200538 5.672140 -0.439318
v -0.404975 5.982575 -0.099576
v -0.202280 6.043455 -0.470546
v -0.195645 6.398435 -0.350751
v 0.199456 6.403288 -0.413233
v -0.160777 6.515320 -0.244287
v 0.199456 6.602666 -0.316355
v -0.003078 6.607179 -0.223518
v 0.401987 6.607179 -0.223518
v 0.559690 6.515320 -0.244287
v 0.594558 6.398435 -0.350751
v 0.601193 6.043455 -0.470546
v 0.883352 6.043459 -0.389262
v 0.599451 5.672140 -0.439314
v 0.892138 5.740883 -0.333043
v 0.831530 5.410620 -0.253443
v 0.594645 5.586603 0.272153
v 0.931994 5.386428 0.117983
v 0.645886 5.687920 0.532628
v 0.837337 5.777730 0.399736
v 0.888331 6.009632 0.271294
v 0.745684 6.036849 0.424137
v 0.823518 6.352199 0.149769
v 0.548683 6.382091 0.228308
v 0.559940 6.498145 -0.070699
v 0.449780 6.559524 -0.057581
v -0.189195 4.607499 -0.131500
v -0.022864 4.873904 -0.155008
v -0.048576 4.581848 -0.248808
v 0.199456 4.876297 -0.194416
v 0.421773 4.873904 -0.155008
v 0.562248 4.866224 -0.028565
v 0.640930 4.853897 0.173969
v 0.597386 4.844224 0.355976
v 0.459112 4.835586 0.492418
v -0.471521 4.832409 -0.312646
v -0.155757 5.140206 -0.444543
v -0.166929 4.858843 -0.473251
v 0.199456 5.144112 -0.478501
v 0.199456 5.423664 -0.450002
v 0.554666 5.140206 -0.444539
v 0.543494 5.421570 -0.415831
v 0.850980 5.121514 -0.283044
v 0.951915 5.072852 0.117983
v 0.650138 5.357331 0.600295
v 0.637380 5.715843 0.553305
v 0.617701 6.036849 0.450886
v -0.144585 5.421570 -0.415831
v -0.452071 5.121514 -0.283044
v -0.553006 5.072852 0.117983
v -0.251229 5.357331 0.600295
v -0.238472 5.715843 0.553305
v -0.218788 6.036849 0.450882
v 0.199456 4.564611 -0.291200
v 0.447489 4.581848 -0.248808
v 0.588103 4.607499 -0.131500
v 0.682006 4.622499 0.115176
v 0.635167 4.574615 0.354500
v -0.572928 4.763047 0.117983
v 0.199456 5.421152 -0.409016
v 0.199456 5.640157 -0.423654
v 0.599451 5.640157 -0.367406
v 0.810555 5.476630 -0.192187
v 0.844603 5.560357 -0.072568
v -0.037142 7.811876 -0.030446
v 0.199456 7.858174 0.055928
v 0.199456 8.002005 -0.130111
v 0.436051 7.811876 -0.030442
v 0.368160 7.968989 -0.191699
v 0.534052 7.700093 -0.238968
v 0.438039 7.889283 -0.340387
v 0.436051 7.588314 -0.447494
v 0.368160 7.809581 -0.489075
v 0.199456 7.542016 -0.533868
v 0.199456 7.776566 -0.550663
v 0.030749 7.809581 -0.489075
v 0.199456 4.864564 -0.507004
v 0.565838 4.858843 -0.473251
v 0.870434 4.832409 -0.312642
v 0.971837 4.763047 0.117983
v 0.653900 5.019207 0.576415
v 0.199456 5.141206 -0.454137
v -0.148323 6.330749 0.201374
v -0.293179 6.036849 0.360336
v -0.422515 5.777730 0.346148
v 0.821424 5.777730 0.346148
v 0.692092 6.036849 0.360336
v 0.547232 6.330749 0.201374
v -0.057396 5.091048 -0.207723
v -0.163335 4.866224 -0.028565
v -0.219218 5.082201 -0.062068
v -0.242017 4.853897 0.173969
v -0.309854 5.067782 0.174883
v -0.198477 4.844224 0.355976
v -0.259700 5.055726 0.356873
v -0.172412 5.124825 -0.037962
v -0.258459 5.111470 0.181514
v -0.214944 5.101728 0.325239
v -0.123761 5.840391 0.014491
v -0.087191 5.746376 0.240768
v -0.192562 5.818061 0.494397
v 0.865492 5.740883 0.187907
v 0.539359 5.625017 0.272153
v 0.830054 5.726039 -0.295900
v -0.037142 7.588314 -0.447494
v -0.039130 7.889283 -0.340387
v -0.135143 7.700093 -0.238972
v 0.030749 7.968989 -0.191699
v -0.200538 5.640157 -0.367410
v 0.199456 6.043455 -0.504779
v 0.199456 5.672140 -0.473550
v -0.283093 4.622499 0.115176
v -0.236259 4.574615 0.354500
v -0.078366 5.092946 0.471496
v -0.254987 5.019210 0.576415
v -0.411646 5.476630 -0.192187
v -0.445690 5.560357 -0.072568
v -0.412109 5.695836 0.258606
v -0.431084 6.365059 -0.293499
v -0.419986 6.425447 -0.072691
v 0.818895 6.425447 -0.072691
v 0.829997 6.365059 -0.293499
v 0.489795 4.431414 0.492258
v 0.344378 4.336303 0.547727
v 0.199456 4.294878 0.560182
v 0.199456 7.928278 -0.361292
v 0.199456 7.857612 -0.321994
v -0.254987 4.647923 0.541527
v 0.653900 4.647923 0.541527
v 0.199456 6.583311 -0.295380
v 0.811022 5.695836 0.258610
v -0.143770 6.374956 0.085202
v 0.542679 6.374956 0.085202
v -0.578128 1.185723 -0.428158
v -0.455313 1.237672 -0.738996
v -0.317190 1.130835 -0.587091
v -0.158806 1.140962 -0.658646
v -0.158806 1.259200 -0.867750
v 0.137700 1.237672 -0.738996
v -0.158806 1.573866 -0.962472
v 0.246143 1.544891 -0.782831
v -0.158806 1.819144 -0.963308
v 0.287794 1.841517 -0.770048
v -0.158806 2.131401 -0.789720
v 0.308875 2.144642 -0.607636
v 0.311084 2.575550 -0.495656
v 0.375246 2.500147 -0.299593
v 0.111480 3.842086 -0.303916
v 0.199456 3.581307 0.121123
v -0.146856 3.626425 -0.284593
v 0.199456 3.626425 -0.243050
v -0.146856 3.908260 -0.444695
v 0.199456 3.927968 -0.415859
v 0.199456 4.145465 -0.440625
v 0.545765 3.908260 -0.444695
v 0.531327 4.145465 -0.454842
v 0.803096 4.020203 -0.279938
v 0.753041 4.248441 -0.244992
v 0.819719 4.324299 0.056924
v 0.588103 4.607499 -0.131500
v 0.682006 4.622499 0.115176
v -0.420810 4.324295 0.056924
v -0.545355 3.937591 0.014802
v -0.401040 3.953959 0.330493
v -0.636921 2.299743 0.355607
v -0.158810 2.247450 0.540068
v -0.158806 1.996077 0.523864
v 0.290437 2.297493 0.363533
v 0.308752 2.040072 0.338509
v 0.347939 2.329242 0.251549
v 0.373721 2.075767 0.187194
v 0.199456 2.329242 0.251549
v 0.199456 2.075767 0.187194
v 0.025188 2.075767 0.187194
v 0.045080 1.843476 0.111213
v 0.117094 1.804010 0.285404
v 0.180781 1.403625 0.093247
v 0.557719 1.376725 0.260032
v 0.557719 1.114647 -0.003357
v 0.960640 1.405478 0.081751
v 0.854222 1.135487 -0.127877
v 1.128967 1.473771 -0.341841
v 0.977041 1.185723 -0.428158
v 1.234250 1.916182 -0.209780
v 1.025400 2.144642 -0.607636
v 1.256819 2.154810 -0.147811
v 1.232164 2.426481 -0.091464
v 1.028327 2.575554 -0.495656
v 0.822317 3.844831 -0.307584
v 0.558559 3.826955 -0.409491
v 0.545765 3.626425 -0.284593
v 0.287433 3.842090 -0.303916
v 0.023663 2.500147 -0.299593
v 0.199456 2.500147 -0.299593
v -0.015495 2.149724 -0.377725
v 0.199456 2.149724 -0.377725
v -0.019741 1.880368 -0.478513
v 0.199456 1.458673 -0.425281
v 0.069621 1.509331 -0.562334
v 0.138393 1.185723 -0.428158
v 0.261213 1.237672 -0.738996
v 0.399335 1.130839 -0.587091
v 0.557719 1.140962 -0.658646
v 0.944264 3.937591 0.014802
v 0.799953 3.953959 0.330493
v 0.730713 4.270670 0.350804
v 0.557719 3.953062 0.424994
v 0.539634 4.201496 0.458419
v 0.451145 3.943455 0.471164
v 0.199456 3.883941 0.498750
v 0.279958 2.966455 0.388589
v 0.050970 2.329242 0.251549
v 0.090161 2.040072 0.338509
v 0.557719 1.762192 0.470816
v 1.036097 1.807592 0.269515
v -0.048576 4.581848 -0.248808
v -0.354132 4.248441 -0.244992
v -0.189195 4.607499 -0.131500
v -0.404187 4.020203 -0.279938
v -0.423408 3.844831 -0.307584
v -0.833255 2.426477 -0.091464
v -0.629418 2.575554 -0.495656
v -0.626487 2.144638 -0.607636
v -0.606927 1.841713 -0.768569
v -0.563756 1.544891 -0.782831
v 0.281814 1.804010 0.285404
v 0.353833 1.843472 0.111213
v 0.199456 1.427965 -0.252135
v 0.096616 1.437772 -0.118549
v 0.261213 1.135487 -0.127877
v 0.557719 1.077292 -0.209100
v 0.749573 1.092751 -0.318264
v 0.716099 1.130839 -0.587091
v 0.854222 1.237676 -0.738996
v 0.557719 1.259200 -0.867750
v 0.557719 1.573866 -0.962472
v 0.152770 1.544891 -0.782827
v 0.557715 1.819144 -0.963308
v 0.111115 1.841517 -0.770048
v 0.557719 2.131401 -0.789720
v 0.090038 2.144642 -0.607636
v 0.087829 2.575550 -0.495656
v -0.159650 3.826955 -0.409491
v -0.256340 3.758314 -0.364951
v -0.132414 4.145465 -0.454842
v 0.199456 4.564611 -0.291200
v 0.447489 4.581848 -0.248808
v -0.350665 1.092751 -0.318264
v -0.455313 1.135487 -0.127877
v -0.730054 1.473771 -0.341841
v -0.561727 1.405478 0.081747
v -0.835341 1.916178 -0.209780
v -0.637188 1.807592 0.269515
v -0.857910 2.154810 -0.147811
v -0.653749 2.042650 0.327653
v 0.414404 2.149724 -0.377725
v 0.418650 1.880368 -0.478513
v 0.329292 1.509331 -0.562334
v 0.260516 1.185723 -0.428158
v -0.000426 1.130839 -0.587091
v 0.118951 2.966455 0.388589
v -0.052236 3.943455 0.471164
v -0.140725 4.201496 0.458419
v -0.158810 3.953062 0.424994
v -0.331805 4.270670 0.350804
v 0.054535 4.336303 0.547727
v 0.199456 4.294878 0.560182
v 0.344378 4.336303 0.547727
v 0.489795 4.431414 0.492258
v 0.635167 4.574615 0.354500
v 1.052662 2.042650 0.327653
v 0.557719 1.996077 0.523860
v 0.108472 2.297498 0.363533
v 1.005840 1.841713 -0.768569
v 0.557719 2.625323 -0.651208
v 0.655253 3.758314 -0.364951
v -0.090886 4.431414 0.492258
v -0.236259 4.574615 0.354500
v -0.283093 4.622499 0.115176
v -0.158806 1.762192 0.470816
v -0.158806 1.376725 0.260032
v 0.218132 1.403625 0.093247
v -0.158806 1.114643 -0.003357
v 0.137700 1.135487 -0.127877
v 1.035834 2.299743 0.355607
v 0.557719 2.247450 0.540068
v 0.302293 1.437772 -0.118549
v 0.033048 1.092751 -0.318264
v -0.158806 1.077292 -0.209100
v 0.962665 1.544891 -0.782827
v -0.158810 2.625319 -0.651208
v 0.365861 1.092751 -0.318264
vn -0.8950 0.4280 0.1259
vn -0.9897 0.0638 0.1279
vn -0.9039 0.3655 0.2221
vn -0.9227 0.1639 0.3489
vn -0.6138 0.5363 0.5793
vn -0.6039 0.2517 0.7562
vn -0.2653 0.3182 0.9101
vn -0.5894 -0.0127 0.8077
vn -0.3295 -0.0657 0.9419
vn -0.5200 -0.1894 0.8329
vn -0.2842 -0.2679 0.9206
vn -0.5330 -0.1348 0.8353
vn -0.1346 -0.1513 0.9793
vn -0.5173 0.0484 0.8544
vn -0.2841 0.0703 0.9562
vn -0.5495 0.0159 0.8354
vn -0.2863 0.0640 0.9560
vn -0.5726 -0.2078 0.7931
vn -0.3009 -0.0949 0.9489
vn -0.4096 -0.1505 0.8998
vn -0.5832 -0.2212 0.7816
vn -0.4484 -0.1127 0.8867
vn -0.4795 -0.3305 0.8129
vn -0.0000 -0.1538 0.9881
vn -0.0000 -0.4391 0.8985
vn 0.4795 -0.3305 0.8129
vn 0.3274 -0.8326 0.4466
vn 0.5832 -0.2212 0.7816
vn 0.5296 -0.6749 0.5138
vn 0.9856 0.0757 -0.1515
vn 0.6673 -0.0838 0.7400
vn 0.7537 0.2005 0.6258
vn 0.6855 0.2436 0.6861
vn 0.7383 0.1410 0.6596
vn 0.5869 -0.0803 0.8057
vn 0.2841 0.0703 0.9562
vn 0.1346 -0.1513 0.9793
vn 0.5173 0.0484 0.8544
vn 0.5330 -0.1348 0.8353
vn 0.8857 -0.1349 0.4442
vn 0.5200 -0.1894 0.8329
vn 0.5894 -0.0127 0.8077
vn 0.3295 -0.0657 0.9419
vn 0.2653 0.3182 0.9101
vn 0.2802 -0.0334 0.9594
vn -0.0000 0.3452 0.9385
vn -0.0000 0.0131 0.9999
vn -0.2802 -0.0334 0.9594
vn -0.5697 -0.0549 0.8200
vn -0.4719 -0.3450 0.8113
vn -0.5869 -0.0803 0.8057
vn -0.1570 -0.9379 -0.3095
vn -0.5023 -0.6605 -0.5581
vn -0.0309 -0.9992 0.0243
vn -0.1515 -0.2075 -0.9664
vn 0.3069 -0.7095 0.6343
vn -0.1671 -0.4826 0.8598
vn -0.1743 -0.1113 0.9784
vn 0.5406 -0.6626 -0.5183
vn 0.5909 0.1736 0.7878
vn -0.6135 0.7786 -0.1318
vn -0.3826 0.9200 0.0849
vn -0.8661 0.1822 -0.4656
vn -0.6528 0.4053 -0.6400
vn 0.8616 0.0041 0.5075
vn 0.0559 -0.1012 -0.9933
vn -0.0165 -0.0906 -0.9958
vn 0.5432 -0.4677 -0.6973
vn 0.0770 -0.1003 -0.9920
vn 0.6790 -0.4002 -0.6155
vn 0.0659 -0.0174 -0.9977
vn 0.0296 -0.0815 -0.9962
vn -0.6240 0.3742 -0.6860
vn -0.6460 0.3009 -0.7015
vn -0.8139 0.5806 -0.0203
vn -0.4842 0.5016 -0.7169
vn -0.3823 0.5381 -0.7512
vn 0.0588 -0.0168 -0.9981
vn 0.1423 0.1003 -0.9847
vn 0.7218 -0.2397 -0.6493
vn 0.6318 -0.4615 -0.6228
vn 0.7888 -0.5777 -0.2098
vn 0.7924 -0.5274 -0.3065
vn -0.7143 -0.6045 -0.3528
vn -0.7089 -0.6567 -0.2572
vn -0.5494 -0.5121 -0.6603
vn -0.6629 -0.3011 -0.6855
vn -0.1127 0.1111 -0.9874
vn -0.0160 0.0046 -0.9999
vn 0.3488 0.5985 -0.7212
vn 0.4528 0.5728 -0.6833
vn 0.7428 0.6689 0.0285
vn 0.6355 0.3912 -0.6656
vn 0.6048 0.4611 -0.6493
vn 0.0203 -0.0565 -0.9982
vn -0.0230 0.0032 -0.9997
vn -0.6036 -0.4567 -0.6535
vn -0.0248 -0.0805 -0.9964
vn -0.4577 -0.5062 -0.7309
vn 0.0671 -0.0603 -0.9959
vn 0.4192 -0.2547 -0.8714
vn 0.8855 0.1063 -0.4524
vn 0.9523 -0.3029 -0.0381
vn -0.2530 0.9625 0.0978
vn 0.9749 0.2221 -0.0161
vn -0.7378 0.1476 0.6587
vn -0.4359 -0.7261 -0.5318
vn 0.1460 -0.1183 0.9822
vn 0.4445 -0.6066 0.6591
vn -0.2498 -0.7570 0.6038
vn 0.8273 -0.5582 -0.0635
vn 0.3779 -0.9240 -0.0594
vn 0.9156 -0.1961 -0.3511
vn 0.3986 -0.7222 -0.5653
vn -0.6233 -0.3103 0.7177
vn -0.4259 -0.0804 0.9012
vn -0.5177 -0.3605 0.7759
vn -0.0000 -0.0935 0.9956
vn -0.0000 -0.3948 0.9188
vn 0.5177 -0.3605 0.7759
vn -0.0000 -0.9417 0.3364
vn 0.4926 -0.8248 0.2776
vn -0.0000 -0.9717 -0.2360
vn 0.2358 -0.9175 -0.3202
vn 0.5057 -0.8032 -0.3150
vn 0.6114 -0.7900 -0.0454
vn 0.7395 -0.6642 -0.1094
vn 0.8222 -0.4748 0.3140
vn 0.8835 -0.2956 0.3633
vn 0.6233 -0.3103 0.7177
vn 0.5725 -0.2078 0.7931
vn 0.4096 -0.1505 0.8998
vn 0.3009 -0.0949 0.9489
vn 0.9238 0.0741 0.3757
vn -0.6459 0.1940 -0.7384
vn -0.9801 -0.0163 -0.1980
vn -0.9743 -0.0520 -0.2190
vn -0.8551 0.4575 0.2440
vn -0.8861 0.1915 0.4221
vn 0.0124 0.7240 0.6897
vn 0.0070 0.2169 0.9762
vn 0.8546 0.4196 0.3059
vn 0.8786 0.1803 0.4421
vn 0.9883 0.0299 -0.1494
vn 0.7671 0.1472 -0.6244
vn 0.6583 0.1907 -0.7282
vn -0.0003 0.2742 -0.9617
vn -0.0000 0.0362 -0.9993
vn -0.7711 0.0613 -0.6338
vn -0.9832 0.0665 -0.1700
vn -0.8501 0.5213 0.0745
vn -0.9904 0.0884 -0.1067
vn -0.8082 0.5623 0.1753
vn -0.9974 -0.0495 0.0519
vn -0.6783 0.5129 0.5261
vn -0.9905 -0.0517 0.1277
vn 0.6459 0.1940 -0.7383
vn 0.9743 -0.0520 -0.2190
vn 0.9801 -0.0163 -0.1980
vn 0.8551 0.4575 0.2440
vn 0.8861 0.1915 0.4221
vn -0.0124 0.7240 0.6897
vn -0.0070 0.2169 0.9762
vn -0.8546 0.4196 0.3059
vn -0.8786 0.1803 0.4421
vn -0.9883 0.0299 -0.1494
vn -0.7671 0.1472 -0.6244
vn -0.6583 0.1907 -0.7282
vn 0.0003 0.2742 -0.9617
vn 0.7711 0.0613 -0.6338
vn 0.9832 0.0665 -0.1700
vn 0.8501 0.5213 0.0745
vn 0.9904 0.0884 -0.1067
vn 0.8082 0.5623 0.1753
vn 0.9974 -0.0495 0.0519
vn 0.6783 0.5129 0.5261
vn 0.9905 -0.0517 0.1277
vn 0.0780 -0.1395 0.9871
vn -0.7635 0.3643 0.5333
vn -0.7414 0.3355 0.5812
vn -0.9068 0.1697 -0.3858
vn -0.7004 0.2207 -0.6788
vn -0.1917 0.1377 -0.9717
vn -0.6129 0.4629 -0.6404
vn -0.1854 0.1640 -0.9689
vn -0.6198 0.4580 -0.6373
vn -0.5920 0.4777 -0.6491
vn -0.7082 0.4526 0.5419
vn -0.6825 0.4721 0.5579
vn 0.2136 -0.2339 0.9485
vn 0.2338 -0.3066 0.9227
vn 0.8063 -0.5887 0.0577
vn 0.7608 -0.6468 0.0540
vn 0.7160 -0.5791 -0.3899
vn 0.7226 -0.6894 0.0510
vn 0.2188 -0.9725 -0.0800
vn 0.0302 -0.7752 0.6309
vn -0.3515 -0.9357 -0.0306
vn -0.1016 -0.1749 0.9793
vn 0.6743 0.4004 0.6205
vn 0.6949 0.4329 0.5743
vn 0.8966 0.2814 -0.3419
vn 0.6977 0.3170 -0.6424
vn 0.2141 0.1855 -0.9590
vn 0.5819 0.5466 -0.6022
vn 0.2048 0.2109 -0.9558
vn 0.5891 0.5424 -0.5990
vn 0.5597 0.5592 -0.6115
vn 0.6296 0.5141 0.5825
vn 0.6013 0.5301 0.5978
vn -0.2239 -0.2829 0.9326
vn -0.2347 -0.3567 0.9043
vn -0.7358 -0.6772 0.0089
vn -0.6838 -0.7296 0.0058
vn -0.6291 -0.6449 -0.4340
vn -0.6409 -0.7676 0.0035
vn -0.1035 -0.9883 -0.1120
vn 0.0325 -0.7911 0.6109
vn 0.4565 -0.8890 -0.0370
vn 0.4565 -0.8889 -0.0370
vn -0.0000 -0.3497 0.9369
vn 0.7424 -0.3569 0.5670
vn 0.0001 -0.5024 0.8646
vn 0.7825 -0.2844 0.5539
vn -0.0000 -0.3875 0.9219
vn 0.7632 0.1497 0.6286
vn -0.0000 0.2756 0.9613
vn 0.7669 0.3667 0.5267
vn 0.2428 0.6034 0.7596
vn 0.7453 0.5191 0.4184
vn 0.2975 0.7866 0.5410
vn 0.6411 0.7499 0.1632
vn 0.2801 0.9524 0.1207
vn 0.3949 0.8558 -0.3341
vn 0.1742 0.9225 -0.3445
vn 0.1288 0.8000 -0.5859
vn -0.1836 0.9101 -0.3716
vn -0.2250 0.7950 -0.5633
vn -0.6214 0.7592 -0.1934
vn -0.5449 0.7434 -0.3880
vn -0.6844 0.6301 -0.3668
vn -0.2640 0.5226 0.8106
vn -0.0000 0.5879 0.8089
vn -0.0000 0.7071 0.7071
vn 0.2640 0.5226 0.8106
vn 0.6138 0.5363 0.5793
vn 0.6039 0.2517 0.7562
vn 0.9227 0.1639 0.3489
vn 0.9168 -0.0075 0.3992
vn 0.9852 -0.0857 0.1483
vn 0.9205 -0.0964 0.3786
vn 0.9861 -0.0926 0.1378
vn 0.9068 -0.0312 0.4203
vn 0.8980 -0.2899 -0.3310
vn 0.8080 -0.5378 -0.2407
vn 0.5950 -0.6399 -0.4864
vn -0.7383 0.1410 0.6596
vn -0.7537 0.2006 0.6258
vn -0.9238 0.0741 0.3757
vn -0.9856 0.0757 -0.1515
vn -0.5296 -0.6749 0.5138
vn -0.6673 -0.0838 0.7400
vn -0.0000 -0.7961 0.6052
vn -0.0000 -0.1407 0.9901
vn -0.0000 0.3171 0.9484
vn -0.0000 0.1122 0.9937
vn 0.5697 -0.0549 0.8200
vn -0.4367 0.5732 -0.6933
vn -0.6064 0.2883 -0.7411
vn -0.6653 0.7451 -0.0466
vn -0.8881 0.4551 -0.0647
vn -0.6993 0.2604 0.6657
vn -0.7102 0.3019 0.6360
vn -0.0144 -0.1474 0.9890
vn -0.0171 -0.0424 0.9990
vn 0.6176 -0.3899 0.6830
vn -0.1520 -0.1444 0.9778
vn 0.4952 -0.5297 0.6886
vn -0.1265 -0.0838 0.9884
vn 0.5227 -0.4934 0.6952
vn 0.6216 -0.2581 0.7396
vn 0.7703 -0.5110 0.3816
vn 0.5730 -0.3919 0.7198
vn 0.7558 -0.5572 0.3439
vn 0.6560 -0.6519 0.3805
vn -0.9071 0.2028 0.3689
vn -0.8421 0.2068 -0.4982
vn -0.6821 0.2821 -0.6747
vn -0.1853 0.1376 -0.9730
vn -0.6133 0.4621 -0.6406
vn -0.1888 0.1692 -0.9673
vn -0.6201 0.4579 -0.6371
vn -0.5976 0.4906 -0.6342
vn -0.7085 0.4525 0.5415
vn -0.6859 0.4850 0.5425
vn 0.2146 -0.2306 0.9491
vn 0.2194 -0.3040 0.9271
vn 0.8085 -0.5856 0.0579
vn 0.7568 -0.6514 0.0537
vn 0.7099 -0.5914 -0.3826
vn 0.7048 -0.7077 0.0495
vn 0.2112 -0.9742 -0.0795
vn 0.0075 -0.7763 0.6303
vn -0.3530 -0.9351 -0.0307
vn -0.3364 0.7459 -0.5749
vn -0.3657 0.6219 -0.6925
vn -0.7942 0.6056 -0.0496
vn -0.8023 0.5959 -0.0349
vn -0.7855 0.6181 -0.0313
vn -0.4077 0.7187 0.5633
vn -0.6746 0.5308 0.5131
vn -0.0209 0.5150 0.8569
vn -0.3751 0.2030 0.9045
vn 0.5018 -0.2324 0.8332
vn -0.5556 0.3317 0.7624
vn 0.4155 -0.3672 0.8322
vn 0.3671 -0.3609 0.8573
vn 0.7892 -0.5457 -0.2817
vn 0.7520 -0.6274 -0.2024
vn 0.0638 -0.0106 -0.9979
vn -0.1687 -0.6364 -0.7527
vn -0.4776 -0.4143 -0.7748
vn -0.5290 -0.7707 -0.3553
vn -0.9876 0.0199 0.1555
vn -0.6556 0.3347 -0.6769
vn -0.6531 0.3098 -0.6910
vn -0.1797 0.1417 -0.9735
vn -0.6151 0.4553 -0.6437
vn -0.1846 0.1614 -0.9695
vn -0.6190 0.4580 -0.6380
vn -0.6105 0.4433 -0.6563
vn -0.7075 0.4527 0.5427
vn -0.7019 0.4376 0.5620
vn 0.2152 -0.2339 0.9481
vn 0.2253 -0.3215 0.9197
vn 0.8072 -0.5874 0.0577
vn 0.7522 -0.6567 0.0533
vn 0.7077 -0.5912 -0.3868
vn 0.7001 -0.7124 0.0492
vn 0.2042 -0.9756 -0.0809
vn -0.0128 -0.7621 0.6474
vn -0.3713 -0.9279 -0.0321
vn -0.6136 -0.7074 0.3509
vn -0.4361 -0.5835 0.6852
vn -0.4141 -0.5983 0.6860
vn 0.1130 -0.1273 0.9854
vn -0.0148 0.0297 0.9995
vn 0.5184 0.4891 0.7015
vn -0.0963 0.1168 0.9885
vn 0.4133 0.5606 0.7175
vn 0.0950 -0.0966 0.9908
vn 0.6000 0.4329 0.6728
vn 0.6507 0.3915 0.6506
vn 0.7926 0.6098 0.0007
vn 0.8267 0.5624 -0.0136
vn 0.6105 0.4131 -0.6758
vn 0.8325 0.5538 -0.0155
vn 0.5993 0.3753 -0.7071
vn 0.5777 0.8163 -0.0004
vn 0.3965 0.6379 -0.6602
vn 0.9719 0.1265 0.1986
vn 0.6411 0.4005 -0.6546
vn 0.6402 0.4251 -0.6399
vn 0.2018 0.1882 -0.9612
vn 0.5851 0.5395 -0.6055
vn 0.2043 0.2082 -0.9565
vn 0.5884 0.5424 -0.5997
vn 0.5823 0.5274 -0.6187
vn 0.6290 0.5140 0.5833
vn 0.6243 0.4979 0.6020
vn -0.2255 -0.2831 0.9322
vn -0.2245 -0.3704 0.9013
vn -0.7370 -0.6759 0.0090
vn -0.6743 -0.7385 0.0053
vn -0.6197 -0.6561 -0.4307
vn -0.6160 -0.7877 0.0022
vn -0.0886 -0.9897 -0.1123
vn 0.0731 -0.7735 0.6295
vn 0.4754 -0.8790 -0.0374
vn 0.2725 0.7947 -0.5423
vn 0.7216 0.6923 -0.0010
vn 0.3204 0.6782 -0.6614
vn 0.7302 0.6831 0.0139
vn 0.7108 0.7032 0.0172
vn 0.3001 0.7440 0.5970
vn 0.5885 0.5888 0.5541
vn -0.0726 0.4900 0.8687
vn 0.3126 0.2186 0.9244
vn -0.5056 -0.3106 0.8050
vn 0.4829 0.3707 0.7933
vn -0.4044 -0.4348 0.8046
vn -0.3581 -0.4238 0.8320
vn -0.7100 -0.6230 -0.3283
vn -0.6670 -0.7021 -0.2494
vn -0.0216 0.0102 -0.9997
vn 0.2704 -0.5921 -0.7592
vn 0.5526 -0.3361 -0.7626
vn 0.6271 -0.6960 -0.3498
vn 0.8625 0.2932 0.4125
vn 0.6725 0.3758 -0.6376
vn 0.8327 0.3140 -0.4561
vn 0.2079 0.1847 -0.9605
vn 0.5823 0.5459 -0.6024
vn 0.2075 0.2164 -0.9540
vn 0.5894 0.5424 -0.5987
vn 0.5632 0.5723 -0.5961
vn 0.6299 0.5141 0.5822
vn 0.6037 0.5438 0.5829
vn -0.2253 -0.2798 0.9332
vn -0.2209 -0.3526 0.9094
vn -0.7384 -0.6743 0.0090
vn -0.6794 -0.7337 0.0056
vn -0.6219 -0.6566 -0.4267
vn -0.6212 -0.7837 0.0024
vn -0.0957 -0.9892 -0.1112
vn 0.0552 -0.7895 0.6112
vn 0.4579 -0.8882 -0.0370
vn -0.7472 0.2440 -0.6181
vn -0.6657 0.2832 -0.6904
vn -0.9842 0.0374 0.1731
vn -0.8125 0.1526 0.5626
vn -0.6130 0.4630 -0.6402
vn -0.7024 0.4572 0.5455
vn -0.6198 0.4582 -0.6372
vn -0.7083 0.4525 0.5419
vn -0.6837 0.4675 0.5604
vn 0.2135 -0.2347 0.9483
vn 0.2223 -0.3106 0.9242
vn 0.8066 -0.5883 0.0577
vn 0.7582 -0.6493 0.0595
vn 0.7069 -0.5856 -0.3967
vn 0.7056 -0.7065 0.0547
vn 0.2093 -0.9743 -0.0833
vn -0.0103 -0.7603 0.6495
vn -0.3611 -0.9320 -0.0313
vn 0.7391 0.3438 -0.5792
vn 0.9657 0.1431 0.2166
vn 0.6566 0.3756 -0.6541
vn 0.7664 0.2273 0.6008
vn 0.5820 0.5467 -0.6021
vn 0.6232 0.5178 0.5860
vn 0.5890 0.5426 -0.5989
vn 0.6297 0.5139 0.5825
vn 0.6028 0.5257 0.6002
vn -0.2238 -0.2837 0.9324
vn -0.2229 -0.3594 0.9062
vn -0.7362 -0.6767 0.0089
vn -0.6812 -0.7320 0.0114
vn -0.6191 -0.6501 -0.4405
vn -0.6223 -0.7827 0.0076
vn -0.0937 -0.9889 -0.1149
vn 0.0703 -0.7721 0.6316
vn 0.4656 -0.8842 -0.0372
vn 0.4486 -0.5313 0.7187
vn 0.6734 -0.6248 0.3952
vn 0.4687 -0.5141 0.7183
vn -0.1407 -0.1165 0.9832
vn -0.1496 -0.1041 0.9833
vn -0.7102 0.2984 0.6376
vn -0.7196 0.2960 0.6282
vn -0.8881 0.4569 -0.0500
vn -0.8925 0.4487 -0.0454
vn -0.6287 0.3058 -0.7150
vn -0.6325 0.3061 -0.7115
vn -0.0049 -0.1219 -0.9925
vn -0.0103 -0.1042 -0.9945
vn 0.5596 -0.5442 -0.6250
vn 0.5776 -0.5221 -0.6275
vn 0.7067 -0.6566 -0.2635
vn 0.7309 -0.6300 -0.2623
vn 0.6660 -0.6253 0.4069
vn 0.8294 -0.2993 0.4717
vn 0.5799 -0.6608 0.4765
vn 0.6834 -0.2624 0.6812
vn 0.8235 0.4631 0.3276
vn 0.8294 0.4493 0.3321
vn 0.7647 0.6023 0.2290
vn 0.6971 0.5452 0.4655
vn 0.3986 0.8901 0.2211
vn 0.2360 0.8834 0.4049
vn -0.1949 0.9631 0.1858
vn -0.1096 0.7270 0.6779
vn -0.4526 0.5880 0.6703
vn 0.1343 0.2455 0.9600
vn -0.2509 -0.0096 0.9680
vn 0.3606 -0.0811 0.9292
vn -0.0025 -0.3829 0.9238
vn 0.2219 -0.6223 0.7506
vn 0.7870 0.2840 -0.5478
vn 0.8231 -0.0823 0.5619
vn 0.7969 0.0398 0.6028
vn 0.3476 -0.4169 0.8399
vn 0.2291 -0.3498 0.9084
vn 0.0844 -0.6312 0.7710
vn -0.3043 -0.3496 0.8861
vn -0.1475 -0.8570 0.4937
vn -0.5907 -0.5759 0.5652
vn -0.4388 -0.8679 0.2328
vn -0.7459 -0.5700 0.3446
vn -0.6745 -0.6820 0.2827
vn -0.8906 -0.2260 0.3947
vn -0.9742 -0.1533 0.1657
vn -0.8706 0.4889 0.0550
vn -0.9365 0.3491 -0.0328
vn -0.6123 0.7139 -0.3398
vn -0.3183 0.9423 -0.1036
vn -0.4210 0.8036 -0.4207
vn -0.0000 0.8920 -0.4521
vn -0.3624 0.5067 -0.7822
vn -0.0000 0.5085 -0.8611
vn -0.2874 0.3003 -0.9095
vn -0.0000 0.2402 -0.9707
vn -0.1667 0.1267 -0.9778
vn -0.0000 -0.1745 -0.9847
vn -0.1245 -0.1877 -0.9743
vn -0.0000 -0.3051 -0.9523
vn -0.2576 -0.2721 -0.9271
vn -0.7515 -0.0719 -0.6558
vn -0.9955 -0.0796 -0.0521
vn -0.9989 -0.0453 0.0133
vn -0.9918 -0.0640 0.1110
vn 0.9918 -0.0640 0.1110
vn 0.9989 -0.0453 0.0133
vn 0.9955 -0.0796 -0.0521
vn 0.7516 -0.0719 -0.6557
vn 0.2576 -0.2721 -0.9271
vn 0.1245 -0.1877 -0.9743
vn 0.1667 0.1267 -0.9778
vn 0.2874 0.3003 -0.9095
vn 0.3624 0.5067 -0.7822
vn 0.4210 0.8036 -0.4207
vn 0.2839 0.9579 -0.0431
vn 0.6123 0.7139 -0.3398
vn -0.8118 -0.4697 -0.3469
vn -0.9095 -0.4154 -0.0116
vn -0.7390 -0.6118 -0.2822
vn -0.9194 -0.3919 0.0345
vn -0.8123 -0.3050 0.4971
vn -0.8301 -0.2610 0.4928
vn -0.4953 -0.1776 0.8504
vn -0.5310 -0.1489 0.8342
vn -0.0000 -0.0763 0.9971
vn -0.0000 -0.0664 0.9978
vn 0.5310 -0.1489 0.8342
vn 0.1147 -0.0848 0.9898
vn 0.5733 -0.1978 0.7951
vn 0.5408 -0.0856 0.8368
vn 0.8460 -0.3060 0.4366
vn 0.6771 -0.2248 0.7007
vn -0.5925 -0.7319 0.3364
vn -0.5535 -0.4739 0.6849
vn -0.7010 -0.6481 0.2977
vn -0.7221 -0.6049 0.3357
vn -0.6177 -0.3470 0.7057
vn -0.4911 -0.5684 0.6602
vn -0.4593 -0.6011 0.6540
vn 0.1276 -0.1537 0.9798
vn -0.5965 -0.4759 0.6463
vn -0.0188 -0.0681 0.9975
vn -0.0091 -0.1724 0.9850
vn 0.6449 0.3620 0.6731
vn 0.6375 0.3188 0.7014
vn -0.9486 -0.3070 0.0766
vn -0.8761 -0.1980 0.4397
vn -0.8460 -0.3060 0.4366
vn -0.5733 -0.1978 0.7951
vn -0.1147 -0.0848 0.9898
vn -0.0000 0.1067 0.9943
vn -0.0000 0.2344 0.9721
vn -0.0025 0.0117 0.9999
vn 0.0644 0.3045 0.9503
vn 0.4041 0.2681 0.8746
vn 0.4041 0.2681 0.8745
vn -0.8004 -0.5890 0.1113
vn -0.9490 0.2952 0.1108
vn -0.9640 0.2636 0.0358
vn -0.8149 0.5786 -0.0341
vn -0.6415 0.3853 0.6633
vn -0.5646 -0.1878 0.8037
vn -0.9103 -0.1130 0.3981
vn -0.7924 0.5554 0.2522
vn -0.5368 0.2894 0.7925
vn -0.8401 0.4568 0.2925
vn -0.6378 0.1300 0.7591
vn -0.9564 0.2898 0.0358
vn -0.9381 0.2769 -0.2080
vn -0.9206 0.3187 -0.2258
vn -0.5094 0.4482 -0.7346
vn -0.4481 0.5187 -0.7281
vn 0.4058 -0.0936 -0.9091
vn 0.4965 0.0478 -0.8667
vn 0.7309 -0.6095 -0.3071
vn 0.8137 -0.4092 -0.4129
vn 0.8449 -0.5348 -0.0094
vn 0.9091 -0.4128 0.0568
vn 0.9230 -0.1914 0.3337
vn 0.8770 -0.2673 0.3993
vn 0.9150 0.3946 0.0841
vn 0.7702 0.5401 0.3392
vn 0.5875 0.1798 0.7890
vn 0.4679 0.3257 0.8216
vn 0.7133 0.6338 0.2991
vn 0.9004 -0.0209 0.4346
vn 0.5492 -0.1455 0.8229
vn 0.5661 0.4364 0.6994
vn 0.7446 0.6674 0.0148
vn 0.9040 0.3969 0.1588
vn 0.9255 0.3693 0.0838
vn 0.8570 -0.4980 0.1323
vn 0.1204 -0.1140 0.9862
vn 0.6452 0.3585 0.6747
vn 0.6552 0.3574 0.6655
vn 0.8317 0.5552 -0.0007
vn 0.8368 0.5475 0.0038
vn 0.6184 0.3945 -0.6797
vn 0.6220 0.3951 -0.6760
vn 0.0590 -0.0928 -0.9939
vn 0.0625 -0.0745 -0.9953
vn -0.4683 -0.5861 -0.6612
vn -0.4886 -0.5660 -0.6640
vn -0.6162 -0.7244 -0.3091
vn -0.6433 -0.7007 -0.3083
vn -0.8564 -0.3754 0.3545
vn -0.8578 -0.5139 0.0076
vn -0.9081 -0.3034 0.2887
vn -0.7776 -0.6260 -0.0585
vn -0.7445 -0.4864 -0.4573
vn -0.6438 -0.6791 -0.3526
vn -0.4631 0.0158 -0.8861
vn -0.3553 -0.1132 -0.9279
vn 0.4155 0.5860 -0.6957
vn 0.4845 0.5231 -0.7012
vn 0.8868 0.4265 -0.1780
vn 0.9082 0.3865 -0.1605
vn -0.0000 -0.2215 -0.9752
vn -0.7075 -0.0719 -0.7031
vn -0.8074 -0.2824 -0.5180
vn -0.9823 -0.1848 -0.0305
vn -0.9600 0.1070 0.2587
vn -0.4311 0.3697 0.8231
vn -0.1691 0.7895 0.5899
vn -0.0057 0.8100 0.5864
vn -0.1038 0.8079 0.5802
vn 0.1489 0.8140 0.5615
vn -0.0014 0.6219 0.7831
vn -0.0000 0.8232 0.5678
vn -0.0000 0.6362 0.7715
vn 0.0014 0.6219 0.7831
vn -0.7038 0.1265 -0.6991
vn -0.0000 -0.0068 -1.0000
vn -0.0000 0.2036 -0.9791
vn 0.7038 0.1265 -0.6991
vn 0.7075 -0.0719 -0.7031
vn 0.9600 0.1070 0.2587
vn 0.9823 -0.1848 -0.0305
vn 0.4311 0.3696 0.8231
vn 0.7612 -0.1943 0.6187
vn -0.0000 -0.0911 0.9958
vn -0.0000 -0.5633 0.8262
vn -0.7612 -0.1942 0.6187
vn -0.8201 -0.2866 0.4953
vn -0.9411 -0.2913 0.1715
vn 0.8745 0.1671 -0.4552
vn 0.0560 0.2376 -0.9697
vn 0.4578 0.4717 -0.7536
vn -0.2686 0.4654 -0.8434
vn -0.3219 -0.3077 -0.8954
vn -0.7357 -0.0474 -0.6756
vn -0.6940 -0.2289 -0.6826
vn -0.9468 0.0485 -0.3182
vn -0.8756 -0.0870 -0.4752
vn -0.9938 0.0049 -0.1111
vn -0.9633 -0.0256 -0.2672
vn -0.8841 -0.0607 -0.4634
vn -0.9287 -0.0368 -0.3690
vn -0.8940 -0.1443 -0.4243
vn -0.1822 0.1388 -0.9734
vn -0.1856 0.1641 -0.9688
vn -0.5923 0.4731 -0.6521
vn -0.5986 0.4586 -0.6568
vn -0.6906 0.4530 0.5638
vn -0.7573 0.3948 0.5202
vn 0.6858 0.4629 0.5616
vn 0.6112 0.5119 0.6037
vn 0.5688 0.5412 -0.6193
vn 0.5607 0.5548 -0.6146
vn 0.2049 0.2109 -0.9558
vn 0.2046 0.1856 -0.9611
vn 0.8940 -0.1443 -0.4243
vn 0.9287 -0.0368 -0.3689
vn 0.8841 -0.0607 -0.4634
vn 0.9633 -0.0257 -0.2672
vn 0.9938 0.0049 -0.1111
vn 0.8756 -0.0870 -0.4752
vn 0.9468 0.0485 -0.3182
vn 0.6940 -0.2289 -0.6826
vn 0.7357 -0.0474 -0.6756
vn 0.3219 -0.3077 -0.8954
vn 0.2686 0.4654 -0.8434
vn -0.0560 0.2376 -0.9697
vn -0.4578 0.4717 -0.7536
vn -0.8745 0.1671 -0.4553
vn -0.6231 0.3253 -0.7113
vn -0.8834 0.4644 -0.0629
vn -0.8555 0.5156 -0.0485
vn -0.7183 0.3300 0.6125
vn -0.6736 0.3774 0.6355
vn -0.5046 0.5265 0.6842
vn 0.0394 0.1499 0.9879
vn -0.6001 0.4432 0.6659
vn -0.0321 0.0543 0.9980
vn -0.9194 -0.1600 0.3592
vn -0.8910 -0.4127 0.1892
vn -0.7284 -0.3055 -0.6133
vn -0.6872 -0.3873 -0.6146
vn -0.5997 -0.5981 -0.5317
vn -0.5949 -0.6399 -0.4864
vn -0.5544 -0.7737 -0.3066
vn -0.5057 -0.8032 -0.3150
vn -0.4070 -0.8843 -0.2291
vn -0.2358 -0.9175 -0.3202
vn -0.2375 -0.9590 -0.1544
vn -0.8694 -0.4801 0.1165
vn -0.8835 -0.2956 0.3633
vn -0.9156 -0.3771 0.1397
vn -0.9682 -0.2130 0.1314
vn -0.9068 -0.0312 0.4203
vn -0.9890 -0.0868 0.1194
vn -0.9205 -0.0964 0.3786
vn -0.9852 -0.0857 0.1483
vn -0.8857 -0.1349 0.4442
vn -0.9168 -0.0075 0.3992
vn 0.8630 -0.1942 0.4664
vn 0.8094 0.5489 0.2085
vn 0.7543 0.6467 0.1135
vn 0.7111 0.7008 -0.0560
vn 0.5483 0.6692 -0.5016
vn 0.1331 0.9529 -0.2725
vn -0.1825 0.9390 -0.2917
vn -0.1152 0.9886 0.0966
vn 0.5311 -0.6348 0.5612
vn 0.5751 -0.7777 0.2538
vn 0.3567 -0.7083 0.6092
vn 0.4923 -0.8590 0.1409
vn 0.5991 -0.8003 0.0259
vn 0.5877 -0.7968 -0.1400
vn 0.5916 -0.8057 -0.0282
vn 0.5977 -0.7782 -0.1928
vn 0.3886 -0.3393 -0.8567
vn 0.3595 -0.2803 -0.8900
vn -0.4711 0.4473 -0.7603
vn 0.4476 0.5186 -0.7285
vn -0.2889 -0.2941 -0.9111
vn -0.3124 -0.3568 -0.8804
vn -0.4971 -0.8348 -0.2366
vn -0.4946 -0.8661 -0.0725
vn -0.4872 -0.8537 -0.1839
vn -0.5048 -0.8630 -0.0187
vn -0.3968 -0.9125 0.0994
vn -0.4928 -0.8443 0.2104
vn -0.2983 -0.7607 0.5765
vn -0.4779 -0.7060 0.5227
vn -0.5408 0.5686 0.6198
vn 0.6764 -0.6999 0.2295
vn 0.7929 -0.4887 0.3640
vn -0.1613 0.9799 0.1170
vn -0.3066 0.8314 0.4635
vn -0.3560 0.6850 0.6356
vn -0.7505 0.4099 0.5184
vn -0.7151 0.0877 0.6935
vn -0.9003 0.2541 0.3533
vn 0.0872 -0.6936 -0.7151
vn 0.3962 -0.6013 -0.6939
vn 0.3709 -0.6049 -0.7046
vn 0.7167 -0.4157 -0.5599
vn 0.7201 -0.4075 -0.5617
vn 0.8854 -0.2641 -0.3826
vn 0.8894 -0.2803 -0.3611
vn 0.8589 -0.3143 -0.4044
vn 0.8834 -0.3629 -0.2964
vn 0.6386 -0.5120 -0.5745
vn 0.7136 -0.6618 -0.2297
vn -0.8979 -0.3414 -0.2780
vn -0.0000 0.3337 0.9427
vn 0.0057 0.8100 0.5864
vn 0.1691 0.7895 0.5899
vn 0.1038 0.8079 0.5802
vn -0.0000 -0.8617 0.5075
vn 0.8201 -0.2866 0.4953
vn 0.9411 -0.2914 0.1715
vn 0.8979 -0.3414 -0.2780
vn 0.8074 -0.2824 -0.5180
vn 0.8457 -0.3989 -0.3545
vn 0.8583 -0.3552 -0.3704
vn -0.5179 0.1980 -0.8322
vn -0.4373 0.6134 -0.6577
vn -0.2434 0.7709 -0.5887
vn -0.2981 0.9101 -0.2878
vn -0.5512 0.8068 -0.2127
vn -0.7168 0.6922 0.0842
vn -0.9003 0.4345 -0.0254
vn -0.9030 0.2145 0.3722
vn -0.9605 -0.1555 0.2305
vn -0.8089 -0.2967 0.5076
vn -0.7282 -0.5974 0.3358
vn 0.8809 -0.4162 -0.2255
vn 0.8478 -0.4701 -0.2454
vn 0.7820 -0.5853 -0.2144
vn 0.6460 -0.5268 -0.5524
vn 0.5685 -0.5702 -0.5930
vn 0.7262 -0.3831 -0.5708
vn 0.7362 -0.5130 -0.4414
vn 0.8075 -0.5870 0.0578
vn 0.8074 -0.5871 0.0578
vn 0.0775 -0.1507 0.9855
vn -0.7023 0.4567 0.5461
vn -0.7753 0.2765 0.5679
vn 0.7359 -0.5135 -0.4412
vn 0.8085 -0.5857 0.0578
vn 0.8095 -0.5866 0.0233
vn 0.1012 -0.1762 0.9791
vn -0.7043 0.4501 0.5490
vn -0.8108 0.1152 0.5739
vn 0.2534 0.4621 0.8499
vn 0.4088 0.5000 0.7634
vn 0.5767 0.1068 0.8100
vn 0.7807 0.1409 0.6088
vn 0.6870 0.1271 0.7154
vn 0.9021 -0.3527 0.2488
vn 0.7007 -0.6383 -0.3188
vn 0.0238 -0.2769 -0.9606
vn 0.0108 -0.0839 -0.9964
vn 0.6257 0.7798 0.0207
vn -0.3186 0.2820 -0.9050
vn -0.6542 -0.4463 -0.6106
vn -0.4755 -0.6138 -0.6302
vn -0.5590 -0.5806 -0.5920
vn -0.7011 -0.6633 -0.2617
vn -0.7782 -0.5555 -0.2929
vn -0.8180 -0.5062 -0.2732
vn -0.3385 0.4067 0.8485
vn -0.6175 0.0185 0.7864
vn -0.4937 0.4293 0.7563
vn -0.8157 0.0350 0.5774
vn -0.7255 0.0290 0.6876
vn -0.8655 -0.4588 0.2011
vn -0.6101 -0.7039 -0.3637
vn 0.0469 -0.2508 -0.9669
vn 0.0392 -0.0567 -0.9976
vn -0.7106 0.7035 0.0118
vn 0.3209 0.3412 -0.8835
vn -0.6543 -0.5805 -0.4847
vn -0.7379 -0.6744 -0.0255
vn -0.1202 -0.2138 0.9695
vn 0.6258 0.5109 0.5894
vn 0.7685 0.1896 0.6112
vn -0.6546 -0.5800 -0.4848
vn -0.7373 -0.6756 0.0090
vn -0.7372 -0.6756 0.0091
vn -0.0998 -0.1859 0.9775
vn 0.6231 0.5174 0.5865
vn 0.7152 0.3459 0.6073
vn 0.7282 -0.5974 0.3358
vn 0.9606 -0.1555 0.2305
vn 0.8089 -0.2967 0.5076
vn 0.9030 0.2145 0.3722
vn 0.9003 0.4345 -0.0254
vn 0.7168 0.6922 0.0842
vn 0.5512 0.8068 -0.2127
vn 0.2981 0.9101 -0.2878
vn 0.4373 0.6134 -0.6577
vn 0.2434 0.7709 -0.5887
vn 0.5178 0.1980 -0.8322
vn -0.0000 -0.1581 -0.9874
vn -0.6968 -0.0113 -0.7172
vn -0.0000 0.0378 -0.9993
vn -0.6694 -0.1063 -0.7352
vn -0.0000 -0.1290 -0.9916
vn -0.6492 -0.5572 -0.5178
vn -0.0000 -0.7875 -0.6163
vn 0.1582 -0.9347 -0.3183
vn 0.6492 -0.5572 -0.5177
vn 0.7189 -0.6932 -0.0509
vn 0.1559 -0.6676 0.7280
vn -0.0000 -0.6800 0.7332
vn 0.3106 -0.3808 0.8709
vn -0.0000 -0.4432 0.8964
vn -0.3106 -0.3808 0.8709
vn -0.3667 -0.1219 0.9223
vn -0.4022 -0.0556 0.9139
vn -0.3199 0.2000 0.9261
vn -0.3420 -0.0120 0.9396
vn -0.5726 0.1306 0.8093
vn 0.7342 -0.5150 -0.4424
vn 0.8076 -0.5869 0.0578
vn 0.8048 -0.5870 0.0876
vn -0.7019 0.4574 0.5460
vn -0.3768 0.7772 0.5040
vn -0.7392 -0.1906 -0.6459
vn -0.0000 -0.2132 -0.9770
vn 0.8257 0.0143 -0.5640
vn 0.9903 -0.0831 -0.1113
vn -0.0795 0.9298 0.3593
vn -0.0573 0.9593 0.2765
vn -0.1777 0.5572 0.8112
vn -0.2186 -0.1445 0.9651
vn 0.0302 -0.1489 0.9884
vn 0.0795 0.9298 0.3593
vn 0.0573 0.9593 0.2765
vn 0.1777 0.5572 0.8112
vn 0.2186 -0.1445 0.9651
vn -0.0302 -0.1489 0.9884
vn -0.9903 -0.0831 -0.1113
vn -0.8257 0.0143 -0.5640
vn 0.7393 -0.1906 -0.6459
vn 0.4308 0.4010 -0.8085
vn -0.1854 0.1912 -0.9639
vn -0.6524 -0.5818 -0.4857
vn -0.7373 -0.6755 0.0090
vn -0.7358 -0.6761 0.0389
vn 0.6226 0.5181 0.5864
vn 0.4259 -0.0804 0.9012
vn 0.4484 -0.1127 0.8867
vn 0.8196 -0.3027 0.4864
vn -0.4926 -0.8631 0.1115
vn 0.2737 -0.9281 0.2525
vn 0.4498 -0.7057 -0.5474
vn 0.4607 -0.5783 -0.6732
vn 0.8745 -0.1723 0.4534
vn 0.8724 -0.3954 0.2874
vn 0.8005 -0.1911 0.5680
vn 0.7967 -0.1965 0.5715
vn -0.7706 -0.5299 -0.3541
vn -0.7407 -0.4715 -0.4786
vn -0.7646 -0.3648 -0.5313
vn -0.8314 -0.3631 -0.4206
vn -0.8755 -0.3787 -0.3002
vn -0.8186 -0.4962 -0.2893
vn -0.8626 -0.5017 -0.0646
vn -0.6767 -0.7169 -0.1678
vn -0.8624 -0.4740 0.1777
vn -0.5258 -0.8142 0.2462
vn -0.7980 -0.0403 -0.6013
vn -0.0000 0.0139 -0.9999
vn 0.0005 0.1385 -0.9904
vn 0.7980 -0.0403 -0.6013
vn 0.8844 -0.1944 0.4244
vn -0.0000 -0.2751 0.9614
vn -0.0005 0.1385 -0.9904
vn 0.7736 0.1402 -0.6179
vn -0.7463 -0.5848 0.3178
vn -0.6012 -0.7777 0.1836
vn 0.4471 0.6084 0.6557
vn -0.7423 -0.3569 0.5671
vn -0.7824 -0.2844 0.5540
vn -0.7632 0.1497 0.6286
vn -0.7287 0.3772 0.5715
vn 0.0830 -0.1970 0.9769
vn 0.1278 0.3776 0.9171
vn -0.1913 0.3400 0.9208
vn -0.3573 0.7016 0.6165
vn -0.6716 0.0711 0.7375
vn -0.8378 0.5317 0.1242
vn -0.9313 -0.1622 0.3260
vn -0.8717 0.4240 -0.2456
vn -0.9191 -0.3114 0.2414
vn -0.0000 0.8292 0.5589
vn -0.1489 0.8140 0.5615
vn 0.2848 0.5609 0.7774
vn -0.2246 -0.3183 -0.9210
vn 0.1720 -0.3743 -0.9112
vn -0.7532 -0.3887 -0.5307
vn 0.6583 -0.2067 -0.7238
vn 0.4736 -0.7257 -0.4990
vn 0.7531 -0.5099 0.4157
vn 0.3522 -0.7030 0.6179
vn -0.6664 0.6463 0.3718
vn 0.3775 -0.8280 -0.4146
vn -0.6177 -0.7851 0.0463
vn -0.4498 -0.7057 -0.5474
vn -0.9353 -0.0992 0.3398
vn -0.4607 -0.5783 -0.6733
vn -0.8745 -0.1723 0.4534
vn -0.8724 -0.3954 0.2875
vn -0.8005 -0.1911 0.5681
vn -0.7967 -0.1965 0.5715
vn -0.1777 0.1489 -0.9728
vn -0.6019 0.4740 -0.6427
vn -0.6915 0.4685 0.5498
vn -0.7578 0.3853 0.5266
vn 0.1201 -0.1828 0.9758
vn 0.8103 -0.5860 -0.0065
vn 0.8081 -0.5862 0.0578
vn 0.7345 -0.5151 -0.4417
vn -0.1501 0.1216 -0.9812
vn -0.5921 0.4698 -0.6548
vn -0.6835 0.4641 0.5633
vn -0.7474 0.3881 0.5392
vn -0.1663 0.1198 -0.9788
vn -0.6142 0.4497 -0.6485
vn -0.7046 0.4440 0.5536
vn -0.7501 0.4087 0.5199
vn 0.0394 -0.9985 0.0367
vn 0.0971 -0.9952 -0.0146
vn 0.0307 -0.9995 -0.0102
vn 0.0143 -0.9970 -0.0755
vn -0.0000 -1.0000 -0.0000
vn 0.8648 0.5005 -0.0398
vn 0.9879 0.0350 -0.1514
vn 0.9956 -0.0914 -0.0228
vn 0.8570 -0.1767 -0.4840
vn -0.8648 0.5005 -0.0397
vn -0.9879 0.0350 -0.1514
vn -0.9955 -0.0914 -0.0228
vn -0.8571 -0.1766 -0.4840
vn -0.0394 -0.9985 0.0367
vn -0.0307 -0.9995 -0.0102
vn -0.0971 -0.9952 -0.0146
vn -0.0143 -0.9970 -0.0755
vn 0.6771 0.4758 0.5613
vn 0.6265 0.5048 0.5938
vn 0.5850 0.5338 -0.6106
vn 0.1912 0.1650 -0.9676
vn 0.6760 0.4545 0.5800
vn 0.6030 0.5221 0.6032
vn 0.5610 0.5515 -0.6173
vn 0.1750 0.1651 -0.9706
vn -0.6527 -0.5820 -0.4850
vn -0.7379 -0.6748 0.0090
vn -0.7375 -0.6731 -0.0552
vn -0.1381 -0.2224 0.9651
vn 0.6870 0.4533 0.5679
vn 0.6109 0.5278 0.5901
vn 0.5697 0.5565 -0.6047
vn 0.1990 0.1950 -0.9604
vn 0.8118 -0.4697 -0.3469
vn 0.7390 -0.6118 -0.2822
vn 0.9096 -0.4154 -0.0116
vn 0.9194 -0.3919 0.0345
vn 0.8123 -0.3050 0.4971
vn 0.8301 -0.2610 0.4928
vn 0.4953 -0.1776 0.8504
vn -0.3522 -0.7029 0.6179
vn -0.7531 -0.5099 0.4157
vn -0.4736 -0.7257 -0.4990
vn -0.6583 -0.2067 -0.7238
vn 0.7532 -0.3887 -0.5307
vn -0.1720 -0.3743 -0.9112
vn 0.2246 -0.3183 -0.9210
vn 0.0379 -0.0461 -0.9982
vn -0.5634 0.3957 -0.7252
vn 0.5438 0.4768 -0.6907
vn 0.0082 -0.0222 -0.9997
vn -0.6486 0.7437 0.1616
vn 0.8972 0.3000 0.3242
vn 0.8380 0.4974 0.2245
vn 0.6014 0.7834 -0.1569
vn 0.0025 0.0117 0.9999
vn -0.0644 0.3045 0.9503
vn -0.5408 -0.0856 0.8368
vn -0.4041 0.2681 0.8746
vn -0.6771 -0.2248 0.7007
vn -0.9345 -0.2019 -0.2930
vn -0.8551 0.3078 -0.4172
vn -0.9186 -0.3951 -0.0029
vn -0.9162 -0.3357 -0.2187
vn -0.8449 -0.4707 -0.2542
vn -0.7077 -0.6395 0.3005
vn 0.9965 -0.0802 0.0216
vn -0.0564 -0.5965 -0.8006
vn 0.9436 -0.1954 -0.2672
vn -0.2873 -0.5420 -0.7897
vn -0.8285 -0.4392 -0.3473
vn -0.9853 -0.1691 0.0224
vn -0.9837 -0.0416 0.1748
vn -0.9851 -0.0224 0.1702
vn 0.1944 -0.3149 0.9290
vn 0.4022 -0.0556 0.9139
vn 0.3420 -0.0120 0.9396
vn 0.3199 0.2000 0.9261
vn 0.3667 -0.1219 0.9223
vn 0.1267 -0.0218 0.9917
vn -0.0813 -0.3042 0.9491
vn -0.0097 -0.3617 0.9322
vn -0.3274 -0.8326 0.4466
vn -0.0000 -0.8823 0.4707
vn -0.8222 -0.4748 0.3140
vn -0.5967 -0.5859 0.5483
vn -0.4376 0.3306 -0.8362
vn 0.2045 0.1886 -0.9605
vn 0.2653 0.8003 0.5378
vn 0.5495 0.0159 0.8354
vn 0.2863 0.0640 0.9560
vn 0.2842 -0.2679 0.9206
vn 0.4719 -0.3450 0.8113
vn 0.9897 0.0638 0.1279
vn 0.9039 0.3655 0.2221
vn 0.6664 0.6463 0.3718
vn 0.9345 -0.2019 -0.2930
vn 0.7858 -0.2555 -0.5632
vn 0.9186 -0.3951 -0.0029
vn 0.8551 0.3078 -0.4172
vn 0.9162 -0.3357 -0.2187
vn 0.9851 -0.0224 0.1702
vn 0.9837 -0.0416 0.1748
vn 0.9853 -0.1691 0.0224
vn 0.8285 -0.4392 -0.3473
vn 0.2874 -0.5420 -0.7897
vn 0.0564 -0.5965 -0.8006
vn -0.9436 -0.1954 -0.2672
vn -0.9965 -0.0803 0.0216
vn -0.0596 -0.1793 -0.9820
vn -0.8112 0.5796 -0.0782
vn 0.7425 0.6691 -0.0294
vn 0.1194 -0.1439 -0.9824
vn -0.2198 -0.4459 -0.8677
vn -0.0000 -0.4242 -0.9056
vn -0.0000 -0.3670 -0.9302
vn 0.2198 -0.4459 -0.8677
vn 0.3116 -0.4538 -0.8349
vn 0.3627 -0.5741 -0.7341
vn 0.4813 -0.6130 -0.6265
vn 0.6695 -0.1063 -0.7352
vn 0.6969 -0.0113 -0.7171
vn -0.2118 -0.4167 0.8840
vn -0.3258 -0.6669 0.6701
vn 0.6906 -0.3289 -0.6441
vn 0.8580 -0.0853 -0.5065
vn 0.9171 0.0383 -0.3968
vn 0.8810 -0.0636 -0.4687
vn 0.9379 0.0679 -0.3402
vn -0.3660 -0.3602 -0.8581
vn -0.0000 -0.2899 -0.9571
vn 0.3660 -0.3602 -0.8581
vn 0.5692 -0.4212 -0.7061
vn 0.3921 0.0420 -0.9189
vn -0.0000 -0.0663 -0.9978
vn -0.0000 -0.6678 -0.7443
vn -0.3922 0.0421 -0.9189
vn 0.6887 0.0728 -0.7213
vn 0.9489 -0.1801 -0.2592
vn 0.9532 -0.1469 -0.2644
vn 0.9118 -0.3028 -0.2772
vn 0.9165 -0.0465 -0.3972
vn 0.8226 -0.4420 -0.3577
vn 0.8470 0.2871 -0.4475
vn 0.8469 0.2870 -0.4476
vn -0.6855 0.2436 0.6861
vn 0.5489 -0.5785 0.6033
vn 0.7153 -0.6970 0.0505
vn 0.5842 -0.8105 -0.0425
vn 0.7017 -0.7039 0.1103
vn 0.5626 -0.8262 -0.0299
vn 0.3871 -0.9090 -0.1546
vn 0.6485 -0.6822 -0.3378
vn 0.2811 0.3731 -0.8842
vn 0.8348 -0.2050 -0.5110
vn -0.7736 0.1402 -0.6179
vn 0.7140 0.6794 0.1692
vn 0.7748 0.5969 0.2082
vn 0.5626 0.4804 0.6728
vn -0.7140 0.6794 0.1692
vn -0.7748 0.5969 0.2082
vn -0.5626 0.4804 0.6728
vn -0.5525 -0.7411 -0.3814
vn -0.2747 -0.9421 -0.1923
vn -0.7847 -0.2833 -0.5514
vn -0.2856 0.3636 -0.8867
vn -0.6090 -0.7922 0.0384
vn -0.4634 -0.8831 -0.0735
vn -0.6210 -0.7812 0.0634
vn -0.4861 -0.8696 -0.0866
vn 0.8761 -0.1981 0.4397
vn 0.9486 -0.3070 0.0766
vn 0.8446 -0.5270 -0.0941
vn -0.9489 -0.1802 -0.2592
vn -0.9118 -0.3028 -0.2772
vn -0.9532 -0.1469 -0.2644
vn -0.9165 -0.0465 -0.3972
vn -0.8226 -0.4420 -0.3577
vn -0.8470 0.2871 -0.4475
vn 0.8899 0.1053 -0.4439
vn 0.8652 0.0461 -0.4993
vn 0.8637 0.0553 -0.5010
vn 0.7073 -0.1141 -0.6976
vn 0.6893 -0.0925 -0.7186
vn 0.4579 -0.2481 -0.8537
vn -0.8447 -0.5270 -0.0941
vn 0.2426 0.6925 -0.6794
vn -0.6528 0.3937 -0.6471
vn 0.8736 -0.4668 0.1379
vn 0.9833 -0.1792 0.0303
vn 0.9165 -0.3182 0.2426
vn 0.9489 -0.0231 0.3148
vn 0.9997 0.0216 -0.0117
vn 0.9640 0.2023 0.1726
vn 0.8090 -0.1593 0.5658
vn 0.6728 -0.6802 0.2910
vn 0.5258 -0.8142 0.2462
vn 0.5624 -0.8017 0.2022
vn 0.6435 -0.7177 0.2661
vn 0.6401 -0.6338 0.4342
vn -0.6363 -0.2898 -0.7150
vn -0.8274 -0.2145 0.5190
vn -0.9376 -0.3230 -0.1289
vn -0.7710 -0.0948 -0.6298
vn -0.9241 -0.0309 -0.3808
vn -0.9966 0.0007 0.0822
vn -0.2927 -0.0980 0.9512
vn 0.8855 -0.4385 -0.1537
vn -0.8830 -0.4427 -0.1563
vn 0.2864 -0.8663 -0.4094
vn -0.9118 -0.4008 -0.0891
vn -0.9204 -0.3832 -0.0771
vn -0.9077 -0.3960 -0.1390
vn -0.9880 -0.0909 0.1250
vn -0.8068 -0.1300 0.5763
vn -0.9284 -0.1513 0.3393
vn -0.7612 -0.1355 0.6342
vn -0.8706 -0.4787 0.1138
vn -0.8882 -0.3514 -0.2961
vn -0.5476 -0.5725 -0.6102
vn 0.0420 -0.5733 -0.8183
vn 0.2670 -0.8981 -0.3496
vn -0.1156 0.0070 -0.9933
vn -0.6709 0.3907 -0.6303
vn -0.9241 0.2834 -0.2564
vn -0.1598 0.1220 -0.9796
vn -0.6712 0.4003 -0.6239
vn -0.0875 0.0071 -0.9961
vn -0.6588 0.3935 -0.6412
vn -0.1370 0.0568 -0.9889
vn -0.6643 0.4140 -0.6223
vn 0.5702 -0.8085 0.1454
vn 0.2512 -0.5096 0.8229
vn -0.4801 -0.8713 0.1016
vn -0.2249 -0.5574 0.7992
vn 0.1698 0.0996 -0.9804
vn 0.6377 0.5034 -0.5831
vn 0.1266 0.0448 -0.9909
vn 0.6353 0.4830 -0.6026
vn 0.1845 0.1666 -0.9686
vn 0.6462 0.4906 -0.5846
vn 0.8177 -0.5272 -0.2312
vn 0.8955 0.3927 -0.2092
vn 0.1543 0.0477 -0.9869
vn 0.6471 0.4812 -0.5913
vn -0.1488 -0.9123 -0.3816
vn 0.0566 -0.5513 -0.8324
vn 0.9714 -0.2282 0.0652
vn 0.6872 -0.3873 -0.6146
vn 0.5476 -0.5725 -0.6102
vn 0.8882 -0.3515 -0.2961
vn 0.8706 -0.4787 0.1138
vn 0.9284 -0.1513 0.3393
vn 0.7612 -0.1355 0.6342
vn 0.8068 -0.1300 0.5764
vn -0.8424 0.0336 0.5378
vn -0.9489 -0.0231 0.3148
vn -0.9165 -0.3182 0.2426
vn -0.9833 -0.1792 0.0303
vn -0.9997 0.0216 -0.0118
vn -0.9491 -0.1615 -0.2704
vn 0.9966 0.0008 0.0822
vn 0.7710 -0.0948 -0.6297
vn 0.9242 -0.0309 -0.3808
vn 0.9077 -0.3960 -0.1390
vn 0.9204 -0.3832 -0.0772
vn 0.9119 -0.4007 -0.0891
vn 0.8830 -0.4426 -0.1563
vn -0.2865 -0.8662 -0.4094
vn -0.8855 -0.4384 -0.1536
vn 0.9376 -0.3230 -0.1290
vn 0.8274 -0.2145 0.5190
vn 0.6363 -0.2898 -0.7150
vn 0.6706 -0.6047 0.4297
vn 0.9543 -0.2762 0.1144
vn 0.9742 -0.1533 0.1657
vn 0.9365 0.3491 -0.0328
vn -0.9379 0.0679 -0.3402
vn -0.9171 0.0383 -0.3968
vn -0.8811 -0.0636 -0.4687
vn -0.8580 -0.0853 -0.5065
vn -0.7134 -0.2584 -0.6513
vn -0.5685 -0.3874 -0.7257
vn 0.6528 0.3937 -0.6471
vn -0.2426 0.6925 -0.6794
vn -0.6887 0.0728 -0.7213
vn 0.7003 -0.5931 0.3972
vn -0.8844 -0.1944 0.4244
vn -0.6440 -0.6790 0.3526
vn 0.5275 -0.2220 0.8200
vn -0.8583 -0.3552 -0.3705
vn -0.8457 -0.3990 -0.3546
vn -0.3116 -0.4538 -0.8349
vn -0.5692 -0.4212 -0.7061
vn 0.0478 -0.3541 -0.9340
vn 0.2173 -0.0865 -0.9723
vn -0.4012 0.7337 -0.5484
vn -0.6707 -0.6046 0.4297
vn -0.9543 -0.2762 0.1144
vn 0.4667 -0.1215 -0.8760
vn 0.5959 -0.2079 -0.7757
vn -0.4813 -0.6130 -0.6265
vn -0.3627 -0.5741 -0.7341
vn 0.5048 -0.8393 -0.2019
vn 0.7107 -0.7032 0.0200
vn -0.7725 -0.5789 -0.2611
vn -0.9483 0.2602 -0.1814
vn 0.6921 -0.7168 0.0852
vn -0.2970 0.0759 0.9518
vn -0.6576 0.4251 0.6220
vn 0.9995 -0.0020 -0.0317
vn 0.9944 -0.0839 0.0640
vn 0.9882 -0.0877 0.1253
vn -0.9995 -0.0020 -0.0317
vn -0.9944 -0.0839 0.0640
vn -0.9882 -0.0877 0.1253
vn 0.2632 0.1371 0.9550
vn 0.5792 0.4789 0.6597
vn 0.2476 0.0822 0.9654
vn -0.6265 -0.7790 -0.0272
vn -0.3975 -0.8848 -0.2431
vn 0.9192 0.3703 -0.1339
vn 0.8432 -0.4807 -0.2406
vn -0.6329 -0.7742 0.0031
vn -0.5037 -0.6532 0.5653
vn -0.4667 -0.1215 -0.8760
vn -0.5959 -0.2078 -0.7757
vn 0.0097 -0.3617 0.9322
vn 0.0813 -0.3042 0.9491
vn -0.1267 -0.0218 0.9917
vn 0.3455 -0.5054 0.7907
vn -0.1898 -0.5722 0.7979
vn -0.1944 -0.3149 0.9290
vn -0.2121 -0.4001 0.8916
vn -0.0086 -0.9634 0.2680
vn -0.1559 -0.6676 0.7280
vn -0.0975 -0.9260 0.3647
vn 0.2024 0.9750 0.0920
vn 0.0249 0.9961 -0.0852
vn 0.8449 -0.4707 -0.2542
vn 0.7077 -0.6395 0.3005
vn -0.6401 -0.6338 0.4342
vn -0.6435 -0.7177 0.2661
vn -0.5625 -0.8017 0.2022
vn 0.4012 0.7337 -0.5484
vn -0.0477 -0.3541 -0.9340
vn -0.2173 -0.0865 -0.9723
vn -0.0000 -0.7015 -0.7127
vn -0.1519 -0.6933 -0.7044
vn 0.6876 -0.4345 -0.5817
vn 0.9158 -0.4007 0.0267
vn 0.5009 -0.2798 -0.8190
vn 0.6535 -0.1888 -0.7330
vn 0.8515 -0.5075 0.1320
vn 0.9390 -0.3168 0.1340
vn 0.0975 -0.9260 0.3647
vn 0.0086 -0.9634 0.2680
vn 0.9060 -0.4172 -0.0717
vn 0.2121 -0.4001 0.8916
vn 0.1898 -0.5722 0.7979
vn -0.7901 -0.6112 0.0463
vn -0.8760 -0.4815 -0.0287
vn -0.7859 -0.2555 -0.5631
vn -0.8030 -0.5646 0.1908
vn -0.5308 -0.8463 -0.0446
vn 0.4844 -0.7196 0.4975
vn 0.0856 0.8775 -0.4719
vn -0.7697 -0.6204 0.1505
vn -0.7423 -0.6219 -0.2495
vn 0.9612 -0.0621 -0.2688
vn 0.9880 -0.0909 0.1249
vn 0.8030 -0.5646 0.1908
vn -0.7546 0.0608 0.6533
vn -0.8396 -0.4982 0.2165
vn 0.8950 0.4280 0.1259
vn 0.8760 -0.4815 -0.0287
vn 0.7901 -0.6112 0.0463
vn -0.9060 -0.4172 -0.0717
vn -0.5275 -0.2220 0.8200
vn -0.4715 -0.1768 0.8640
vn -0.0000 0.3021 0.9533
vn -0.6525 -0.6646 -0.3641
vn -0.3454 -0.5054 0.7907
vn 0.0249 0.1441 0.9893
vn 0.8746 0.1671 -0.4552
vn 0.0739 -0.5028 -0.8612
vn 0.8176 -0.2075 -0.5371
vn 0.4715 -0.1768 0.8640
vn 0.9491 -0.1615 -0.2704
vn -0.9223 0.2836 0.2626
vn 0.5726 0.1306 0.8094
vn 0.8973 -0.4344 -0.0780
vn 0.8424 0.0336 0.5378
vn -0.9678 -0.0725 0.2409
vn -0.8446 -0.5271 -0.0941
vn -0.2848 0.5608 0.7774
vn 0.7261 -0.4906 -0.4817
vn 0.7265 -0.4902 -0.4816
vn 0.7281 -0.4934 -0.4758
vn -0.3182 0.1283 0.9393
vn 0.7321 -0.4958 -0.4672
vn 0.2167 -0.3257 0.9203
vn 0.6681 0.5700 0.4783
vn -0.1378 0.0589 -0.9887
vn 0.1703 0.1016 -0.9801
vn -0.7474 0.4780 0.4614
vn -0.2155 -0.3736 0.9022
vn -0.6514 -0.5617 -0.5100
vn -0.6474 -0.5588 -0.5183
vn -0.6460 -0.5551 -0.5240
vn -0.6455 -0.5556 -0.5241
vn 0.8281 -0.4483 -0.3366
vn 0.9678 -0.0726 0.2409
vn -0.9640 0.2023 0.1725
vn -0.8973 -0.4344 -0.0780
vn 0.2927 -0.0980 0.9512
vn 0.9223 0.2836 0.2626
vn -0.5747 -0.7476 -0.3328
vn -0.8176 -0.2075 -0.5370
vn -0.8736 -0.4667 0.1379
vn -0.0739 -0.5028 -0.8612
vn -0.0250 0.1441 0.9893
vn -0.8745 0.1671 -0.4554
vn -0.4466 -0.1366 0.8843
vn -0.9682 0.0793 -0.2374
vn 0.9682 0.0792 -0.2374
vn 0.4466 -0.1366 0.8843
vn -0.2476 -0.0433 0.9679
vn -0.0000 -0.0037 1.0000
vn -0.4546 0.0336 0.8901
vn -0.5237 -0.0737 0.8487
vn -0.0000 -0.0698 0.9976
vn -0.5082 0.2882 0.8116
vn -0.0000 0.3132 0.9497
vn -0.0000 0.7533 0.6577
vn 0.5082 0.2882 0.8116
vn 0.3479 0.7396 0.5761
vn 0.8315 0.2763 0.4818
vn 0.5492 0.7622 0.3427
vn 0.9658 0.2568 -0.0367
vn 0.6484 0.7607 0.0305
vn 0.8012 0.2757 -0.5310
vn 0.5304 0.7768 -0.3394
vn 0.4526 0.2591 -0.8533
vn 0.2603 0.7121 -0.6520
vn -0.0000 0.2188 -0.9758
vn -0.0000 0.6615 -0.7500
vn -0.2603 0.7121 -0.6520
vn -0.4890 0.8068 0.3316
vn -0.3666 0.8677 0.3355
vn -0.2723 0.7756 0.5695
vn -0.2183 0.8091 0.5456
vn 0.1368 0.4708 0.8716
vn 0.9664 0.2559 -0.0224
vn -0.3269 0.9404 0.0934
vn -0.2486 0.5809 -0.7750
vn -0.6803 0.7278 -0.0860
vn -0.7324 0.6698 -0.1223
vn -0.7056 0.6819 -0.1926
vn -0.8725 0.0458 0.4865
vn -0.5865 -0.0299 -0.8094
vn -0.8867 -0.3666 -0.2816
vn -0.5320 0.0960 -0.8413
vn -0.3159 0.4211 -0.8502
vn -0.0000 0.3952 -0.9186
vn -0.3519 0.8526 -0.3863
vn -0.0000 0.4907 -0.8713
vn -0.4073 0.7992 -0.4421
vn 0.4073 0.7992 -0.4421
vn 0.3519 0.8526 -0.3862
vn 0.2080 0.5208 -0.8280
vn 0.1885 0.1087 -0.9760
vn 0.3484 0.1072 -0.9312
vn 0.2500 -0.1479 -0.9569
vn 0.9819 0.0584 -0.1799
vn 0.9274 0.2562 -0.2727
vn 0.5493 0.8313 -0.0848
vn 0.5681 0.8197 -0.0736
vn 0.4142 -0.0895 -0.9058
vn 0.9590 -0.0190 -0.2827
vn 0.8087 0.1239 0.5750
vn 0.4650 0.3717 0.8035
vn 0.3366 0.7596 0.5565
vn 0.2723 0.7756 0.5695
vn 0.3666 0.8677 0.3355
vn 0.4890 0.8068 0.3316
vn -0.7410 0.2884 -0.6064
vn -0.4327 0.0267 -0.9012
vn -0.3535 0.3071 -0.8836
vn -0.0000 0.0245 -0.9997
vn 0.4327 0.0266 -0.9012
vn 0.8315 -0.0002 -0.5556
vn 0.9967 -0.0612 -0.0530
vn 0.8596 -0.0686 0.5064
vn 0.5237 -0.0737 0.8487
vn -0.8087 0.1105 -0.5777
vn -0.2934 0.1096 -0.9497
vn -0.2950 0.1078 -0.9494
vn -0.2949 0.1078 -0.9494
vn -0.0000 0.1022 -0.9948
vn -0.0000 0.0041 -1.0000
vn 0.2934 0.1096 -0.9497
vn 0.2849 -0.0184 -0.9584
vn 0.2611 0.0308 -0.9648
vn 0.7603 -0.3641 -0.5380
vn 0.6105 0.5856 -0.5333
vn 0.9890 -0.0027 0.1480
vn 0.9893 -0.0341 0.1421
vn 0.8179 -0.0259 0.5748
vn 0.5388 0.1503 0.8289
vn 0.1838 0.4394 0.8793
vn -0.2849 -0.0184 -0.9584
vn -0.7088 -0.2519 -0.6590
vn -0.7035 0.5644 -0.4318
vn -0.8425 0.4874 0.2294
vn -0.8179 -0.0259 0.5748
vn -0.5388 0.1503 0.8289
vn -0.1837 0.4394 0.8793
vn -0.0000 0.2965 -0.9550
vn 0.3535 0.3071 -0.8836
vn 0.7410 0.2884 -0.6064
vn 0.9764 0.1923 -0.0982
vn 0.8267 0.0916 0.5551
vn 0.9710 -0.0723 0.2280
vn 0.8088 -0.1105 0.5776
vn 0.7937 -0.1103 0.5982
vn 0.8088 -0.1105 0.5777
vn 0.2781 -0.0081 0.9605
vn 0.7442 -0.2926 0.6005
vn 0.2490 -0.1011 0.9632
vn 0.2537 -0.1159 0.9603
vn -0.0000 -0.0340 0.9994
vn -0.0000 -0.0238 0.9997
vn -0.2490 -0.1011 0.9632
vn -0.3653 -0.1788 0.9136
vn -0.7846 -0.2501 0.5673
vn -0.5541 -0.6540 0.5150
vn -0.9269 -0.3163 0.2020
vn -0.6455 0.6648 0.3760
vn -0.0000 0.7911 0.6116
vn 0.6455 0.6648 0.3760
vn 0.9128 0.3599 -0.1929
vn 0.6455 0.0549 -0.7618
vn -0.0000 -0.0714 -0.9974
vn -0.6455 0.0549 -0.7618
vn -0.0000 0.1014 -0.9948
vn 0.2950 0.1078 -0.9494
vn 0.9719 0.0433 0.2315
vn 0.9856 0.0579 0.1588
vn 0.8281 -0.0240 0.5601
vn 0.2768 -0.1259 0.9526
vn -0.0000 -0.1557 0.9878
vn -0.2537 -0.1159 0.9603
vn 0.9268 -0.3751 0.0174
vn 0.9674 -0.0957 0.2346
vn 0.9746 -0.1833 0.1290
vn 0.7356 -0.3797 -0.5610
vn 0.6844 -0.4224 -0.5943
vn 0.7145 -0.1801 -0.6761
vn 0.8209 -0.1965 -0.5362
vn 0.8338 -0.0060 -0.5520
vn 0.8834 -0.0400 -0.4669
vn 0.9761 -0.0653 -0.2074
vn 0.9952 -0.0889 -0.0417
vn -0.8449 -0.0393 -0.5335
vn -0.8338 -0.0060 -0.5520
vn -0.8834 -0.0400 -0.4669
vn -0.8209 -0.1965 -0.5362
vn -0.7145 -0.1801 -0.6761
vn -0.6844 -0.4224 -0.5942
vn -0.7356 -0.3797 -0.5610
vn -0.9746 -0.1833 0.1291
vn -0.9674 -0.0957 0.2346
vn -0.9268 -0.3751 0.0174
vn -0.4526 0.2591 -0.8533
vn -0.8315 -0.0002 -0.5556
vn -0.8012 0.2757 -0.5310
vn -0.9967 -0.0612 -0.0530
vn -0.9658 0.2568 -0.0367
vn -0.9696 -0.0688 0.2349
vn -0.9420 0.1959 0.2726
vn -0.0000 -0.1877 0.9822
vn -0.2769 -0.1259 0.9526
vn -0.8087 -0.1105 0.5777
vn -0.2538 -0.1159 0.9603
vn -0.7937 -0.1103 0.5982
vn -0.8088 -0.1105 0.5776
vn -0.9710 -0.0723 0.2280
vn -0.9681 -0.0672 0.2413
vn -0.5304 0.7768 -0.3394
vn -0.6484 0.7607 0.0305
vn -0.6245 0.7478 0.2253
vn -0.7672 0.2655 0.5839
vn -0.8118 0.5828 -0.0367
vn -0.4909 0.3963 -0.7759
vn 0.7546 -0.5195 0.4009
vn 0.9309 0.3632 0.0378
vn 0.0869 0.8781 0.4705
vn -0.9128 0.3599 -0.1929
vn 0.3653 -0.1788 0.9136
vn 0.7846 -0.2501 0.5673
vn -0.0000 0.0817 -0.9967
vn -0.0000 -0.0926 -0.9957
vn -0.9764 0.1923 -0.0982
vn -0.9667 0.1246 0.2236
vn -0.6712 0.0625 0.7386
vn -0.7030 -0.0636 0.7084
vn -0.6616 0.3417 0.6675
vn -0.3479 0.7396 0.5761
vn -0.9073 -0.3906 0.1559
vn -0.8281 -0.0240 0.5601
vn -0.9856 0.0579 0.1588
vn 0.5541 -0.6540 0.5150
vn 0.9269 -0.3162 0.2019
vn 0.9600 -0.2032 0.1924
vn 0.9188 -0.3892 0.0661
vn -0.3890 0.2702 -0.8807
vn -0.3927 0.9124 -0.1152
vn -0.3852 0.9184 0.0903
vn 0.3852 0.9184 0.0903
vn 0.3926 0.9124 -0.1152
vn 0.3603 0.6217 -0.6955
vn 0.4546 0.0336 0.8901
vn 0.2476 -0.0433 0.9679
vn -0.0000 -0.1292 0.9916
vn -0.1289 0.8057 -0.5782
vn -0.1823 0.8666 -0.4645
vn -0.0000 0.8814 -0.4725
vn -0.1289 0.9275 -0.3509
vn -0.0000 0.9527 -0.3038
vn -0.0000 0.7804 -0.6252
vn 0.1289 0.8057 -0.5782
vn 0.1823 0.8666 -0.4645
vn 0.3330 -0.9348 0.1236
vn 0.4698 -0.7779 0.4173
vn -0.0000 -0.8821 0.4710
vn 0.3314 -0.6218 0.7096
vn -0.0000 -0.5574 0.8303
vn -0.0000 -1.0000 0.0015
vn -0.3330 -0.9348 0.1236
vn -0.4698 -0.7779 0.4173
vn -0.8281 0.0240 -0.5601
vn -0.8251 -0.0134 -0.5648
vn -0.8057 0.0554 -0.5897
vn -0.3314 -0.6218 0.7096
vn 0.1289 0.9275 -0.3509
vn 0.3110 0.6985 0.6445
vn -0.0000 0.7349 0.6782
vn -0.3110 0.6985 0.6445
vn -0.9188 -0.3892 0.0661
vn -0.9270 -0.3162 0.2019
vn -0.9600 -0.2032 0.1924
vn -0.5017 0.8601 0.0917
vn 0.5017 0.8601 0.0917
vn 0.8176 -0.5481 -0.1765
vn 0.9268 -0.3752 0.0174
vn -0.9719 0.0433 0.2315
vn -0.8057 -0.0554 0.5897
vn 0.6579 -0.5093 0.5547
vn 0.8210 -0.1965 -0.5361
vn 0.8834 -0.0401 -0.4669
vn -0.2602 0.9187 0.2971
vn 0.2602 0.9187 0.2971
vn -0.6579 -0.5093 0.5547
vn -0.8176 -0.5481 -0.1765
vn -0.4513 0.7603 0.4671
vn -0.7595 -0.5279 -0.3801
vn -0.5155 -0.6046 -0.6072
vn -0.2458 -0.8838 -0.3981
vn -0.0000 -0.8742 -0.4855
vn -0.0000 -0.5717 -0.8205
vn 0.5180 -0.6034 -0.6063
vn -0.0000 -0.1348 -0.9909
vn 0.6959 -0.1911 -0.6922
vn -0.0004 0.2264 -0.9740
vn 0.3650 0.2532 -0.8959
vn -0.0002 0.3804 -0.9248
vn 0.6886 0.2551 -0.6788
vn 0.7417 0.1956 -0.6416
vn 0.8263 -0.1071 0.5529
vn 0.3739 0.9150 -0.1514
vn -0.0000 0.1199 0.9928
vn -0.8442 -0.5262 -0.1018
vn -0.0000 -0.8480 -0.5301
vn -0.1919 -0.2160 -0.9574
vn -0.0000 -0.3081 -0.9513
vn -0.0000 0.1280 -0.9918
vn 0.1919 -0.2160 -0.9574
vn 0.2775 0.2002 -0.9396
vn 0.7575 0.1872 -0.6254
vn 0.7569 0.3673 -0.5406
vn 0.8628 0.3957 -0.3147
vn 0.7010 0.4778 -0.5294
vn 0.8260 0.4482 -0.3417
vn -0.9078 0.2634 0.3263
vn -0.8967 0.1816 0.4036
vn -0.6987 0.1242 0.7045
vn -0.6827 0.0356 0.7298
vn 0.0022 -0.0034 1.0000
vn 0.0021 -0.0676 0.9977
vn 0.6675 0.0534 0.7427
vn 0.7899 -0.0915 0.6064
vn 0.8433 0.3075 -0.4407
vn 0.8529 0.1523 -0.4993
vn -0.0000 0.2303 -0.9731
vn -0.0000 0.3265 -0.9452
vn -0.8529 0.1523 -0.4993
vn -0.9389 0.1357 -0.3162
vn -0.6940 -0.3151 0.6473
vn -0.6614 -0.4972 0.5616
vn -0.0001 -0.5887 0.8084
vn 0.0001 -0.8568 0.5156
vn 0.6591 -0.5098 0.5529
vn 0.4932 -0.8029 0.3348
vn 0.8675 -0.4110 0.2801
vn 0.6180 -0.7822 0.0791
vn 0.9123 0.0036 -0.4096
vn 0.6870 0.2340 -0.6880
vn 0.8865 0.1130 -0.4487
vn 0.8955 0.1662 -0.4129
vn 0.6883 0.2020 -0.6968
vn 0.6535 0.2265 -0.7223
vn -0.0167 0.9251 -0.3793
vn 0.8442 -0.5262 -0.1018
vn -0.3739 0.9150 -0.1514
vn -0.8263 -0.1071 0.5529
vn -0.0000 -0.2910 0.9567
vn -0.8401 -0.1049 0.5322
vn -0.0000 -0.2264 0.9740
vn -0.9412 -0.0717 0.3301
vn -0.0000 0.1033 0.9946
vn -0.9672 -0.2484 0.0530
vn -0.8170 -0.5622 -0.1287
vn -0.5180 -0.6034 -0.6063
vn -0.2601 -0.9012 -0.3466
vn 0.8967 0.1816 0.4036
vn 0.9078 0.2634 0.3263
vn 0.6987 0.1242 0.7045
vn 0.7588 0.1376 0.6366
vn 0.3695 -0.0383 0.9284
vn 0.4111 -0.0807 0.9080
vn 0.2547 -0.0759 0.9640
vn -0.0000 -0.1094 0.9940
vn -0.3743 -0.0300 0.9268
vn -0.8433 0.3075 -0.4407
vn -0.7064 -0.1304 0.6957
vn -0.0001 -0.3555 0.9347
vn 0.6995 -0.3121 0.6429
vn 0.9143 -0.2422 0.3246
vn -0.3351 0.4610 -0.8217
vn -0.7569 0.3673 -0.5406
vn -0.7010 0.4778 -0.5294
vn -0.8628 0.3957 -0.3147
vn -0.7575 0.1872 -0.6254
vn -0.8962 0.2441 -0.3704
vn -0.6535 0.2265 -0.7223
vn -0.8955 0.1662 -0.4129
vn -0.6883 0.2020 -0.6968
vn -0.6870 0.2340 -0.6880
vn -0.6857 0.1370 -0.7149
vn -0.6947 -0.1892 -0.6940
vn 0.9146 -0.2380 0.3268
vn 0.9389 0.1357 -0.3162
vn -0.0000 0.6318 -0.7751
vn -0.9867 -0.0877 -0.1367
vn -0.5102 -0.7912 0.3371
vn -0.0000 -0.9867 0.1624
vn 0.2771 -0.9608 0.0008
vn 0.3011 -0.9382 -0.1704
vn 0.7595 -0.5279 -0.3801
vn 0.2458 -0.8838 -0.3981
vn 0.5155 -0.6046 -0.6072
vn -0.6959 -0.1911 -0.6922
vn 0.0004 0.2263 -0.9740
vn -0.3650 0.2532 -0.8959
vn 0.0002 0.3804 -0.9248
vn -0.6886 0.2551 -0.6788
vn -0.7416 0.1956 -0.6416
vn 0.0167 0.9251 -0.3792
vn -0.3649 -0.4722 -0.8024
vn -0.2775 0.2002 -0.9396
vn -0.0000 0.4053 -0.9142
vn 0.3351 0.4610 -0.8217
vn -0.3012 -0.9382 -0.1704
vn -0.2771 -0.9608 0.0008
vn -0.6180 -0.7822 0.0791
vn -0.5375 -0.8251 0.1741
vn -0.8675 -0.4110 0.2801
vn -0.8740 -0.3960 0.2816
vn -0.9143 -0.2422 0.3246
vn -0.9147 -0.2327 0.3304
vn -0.9243 -0.0844 0.3722
vn -0.7911 -0.0805 0.6063
vn -0.9061 0.0757 0.4163
vn 0.8401 -0.1049 0.5322
vn 0.9412 -0.0717 0.3301
vn 0.9672 -0.2484 0.0530
vn 0.8170 -0.5622 -0.1287
vn 0.2601 -0.9012 -0.3466
vn 0.3743 -0.0300 0.9268
vn -0.2547 -0.0759 0.9640
vn -0.4111 -0.0807 0.9080
vn -0.3695 -0.0383 0.9284
vn -0.7588 0.1376 0.6366
vn -0.2762 -0.1347 0.9516
vn -0.0000 -0.1479 0.9890
vn 0.2762 -0.1347 0.9516
vn 0.4886 0.0373 0.8717
vn 0.8080 0.2756 0.5208
vn 0.8969 0.3656 0.2487
vn 0.9243 -0.0844 0.3722
vn 0.7052 -0.1239 0.6981
vn -0.0010 -0.1464 0.9892
vn -0.6675 0.0534 0.7427
vn 0.9035 -0.2108 -0.3733
vn 0.6857 0.1370 -0.7149
vn -0.0003 0.2332 -0.9724
vn -0.8865 0.1130 -0.4487
vn -0.9123 0.0036 -0.4096
vn -0.9035 -0.2108 -0.3733
vn 0.8962 0.2441 -0.3704
vn 0.3649 -0.4722 -0.8024
vn 0.9161 -0.0227 -0.4004
vn -0.4886 0.0373 0.8717
vn -0.8080 0.2756 0.5208
vn -0.8969 0.3656 0.2487
vn 0.3773 -0.2048 0.9031
vn 0.3857 -0.3280 0.8623
vn 0.3902 -0.2324 0.8909
vn 0.3932 -0.3424 0.8533
vn 0.3693 -0.5470 0.7512
vn 0.3654 -0.5593 0.7441
vn 0.3362 -0.6623 0.6695
vn 0.3306 -0.6575 0.6771
vn -0.3773 -0.2048 0.9031
vn -0.3906 -0.2351 0.8900
vn -0.3856 -0.3280 0.8624
vn -0.3931 -0.3443 0.8526
vn -0.3692 -0.5471 0.7512
vn -0.3663 -0.5556 0.7464
vn -0.3365 -0.6622 0.6695
vn -0.3308 -0.6566 0.6778
vn 0.9061 0.0757 0.4163
vn 0.6827 0.0356 0.7298
vn -0.0022 -0.0034 1.0000
vn -0.9161 -0.0227 -0.4004
vn 0.9867 -0.0877 -0.1367
vn 0.8282 -0.5598 0.0266
vn 0.5586 -0.8083 0.1859
vn 0.2649 -0.9617 0.0703
vn 0.5585 -0.8084 0.1859
vn 0.6947 -0.1892 -0.6940
vn 0.0003 0.2332 -0.9724
vn -0.8282 -0.5597 0.0266
vn -0.2649 -0.9617 0.0703
vn 0.8845 -0.3637 0.2922
vn -0.0000 -0.9839 0.1786
vn -0.0000 0.9846 0.1746
vn -0.3011 -0.9382 -0.1704
vn -0.8260 0.4482 -0.3417
vt 0.074559 0.853983
vt 0.073959 0.853047
vt 0.074663 0.853725
vt 0.074712 0.853323
vt 0.075378 0.853998
vt 0.075378 0.853496
vt 0.076175 0.853642
vt 0.075318 0.853219
vt 0.076175 0.853039
vt 0.075198 0.852579
vt 0.076094 0.852444
vt 0.075149 0.851990
vt 0.076066 0.851844
vt 0.075115 0.851298
vt 0.075999 0.851159
vt 0.075183 0.850855
vt 0.075954 0.850826
vt 0.075310 0.849991
vt 0.075951 0.850182
vt 0.075925 0.849421
vt 0.076445 0.849998
vt 0.076336 0.849361
vt 0.076843 0.849789
vt 0.077048 0.849358
vt 0.077048 0.849774
vt 0.077258 0.849789
vt 0.077269 0.850065
vt 0.077656 0.849998
vt 0.077321 0.850268
vt 0.077531 0.850234
vt 0.077355 0.850399
vt 0.077703 0.850361
vt 0.077344 0.851499
vt 0.077633 0.851260
vt 0.077550 0.851777
vt 0.078097 0.851159
vt 0.078033 0.851844
vt 0.078981 0.851298
vt 0.078950 0.851990
vt 0.079527 0.852144
vt 0.078903 0.852579
vt 0.078782 0.853219
vt 0.077921 0.853039
vt 0.077921 0.853642
vt 0.077386 0.852946
vt 0.077048 0.853699
vt 0.077048 0.852894
vt 0.076711 0.852946
vt 0.076752 0.852271
vt 0.076557 0.852351
vt 0.076550 0.851777
vt 0.470824 0.633839
vt 0.469947 0.636177
vt 0.467537 0.634278
vt 0.469105 0.633292
vt 0.466523 0.630343
vt 0.469961 0.630343
vt 0.659090 0.352987
vt 0.660275 0.352987
vt 0.659581 0.352291
vt 0.660954 0.352009
vt 0.660523 0.351595
vt 0.661390 0.350805
vt 0.660644 0.350817
vt 0.661249 0.350037
vt 0.660542 0.350037
vt 0.660275 0.348590
vt 0.659385 0.349316
vt 0.659090 0.348590
vt 0.658563 0.349316
vt 0.657631 0.348590
vt 0.657676 0.349316
vt 0.656937 0.349316
vt 0.657093 0.350037
vt 0.655684 0.350037
vt 0.655842 0.350817
vt 0.655419 0.350037
vt 0.655225 0.350037
vt 0.655322 0.349316
vt 0.655121 0.349316
vt 0.655213 0.348590
vt 0.654383 0.348590
vt 0.655691 0.347906
vt 0.654487 0.347906
vt 0.900900 0.034900
vt 0.948700 0.034900
vt 0.912800 0.064200
vt 0.467379 0.619682
vt 0.469961 0.617574
vt 0.470738 0.621775
vt 0.472788 0.621775
vt 0.959500 0.093300
vt 0.988000 0.093300
vt 0.963600 0.124800
vt 0.993700 0.124300
vt 0.471033 0.624041
vt 0.473198 0.624005
vt 0.470681 0.626300
vt 0.976100 0.172900
vt 0.958700 0.156200
vt 0.920700 0.184300
vt 0.471932 0.627501
vt 0.467947 0.628322
vt 0.075583 0.849054
vt 0.076415 0.848747
vt 0.076435 0.848342
vt 0.077048 0.848643
vt 0.077048 0.848301
vt 0.077666 0.848342
vt 0.077048 0.847838
vt 0.077913 0.847965
vt 0.077996 0.847336
vt 0.078558 0.847833
vt 0.079880 0.848246
vt 0.079202 0.848503
vt 0.079992 0.849070
vt 0.078906 0.848844
vt 0.079183 0.849896
vt 0.078516 0.849054
vt 0.078789 0.849991
vt 0.078176 0.849421
vt 0.078145 0.850182
vt 0.077723 0.850212
vt 0.823200 0.539600
vt 0.791300 0.524200
vt 0.791000 0.548600
vt 0.744900 0.543500
vt 0.772900 0.587400
vt 0.731000 0.579100
vt 0.743900 0.591300
vt 0.811800 0.588600
vt 0.845500 0.544200
vt 0.861300 0.492200
vt 0.826200 0.487800
vt 0.789800 0.463400
vt 0.678000 0.506800
vt 0.678000 0.463400
vt 0.605200 0.481200
vt 0.606000 0.463400
vt 0.569100 0.481000
vt 0.571800 0.463400
vt 0.650084 0.348359
vt 0.650555 0.348035
vt 0.650555 0.348359
vt 0.651112 0.348035
vt 0.651112 0.348359
vt 0.651583 0.348359
vt 0.651112 0.350059
vt 0.651583 0.350121
vt 0.651112 0.350297
vt 0.651112 0.351360
vt 0.650555 0.350297
vt 0.650555 0.351360
vt 0.650084 0.350121
vt 0.650084 0.351439
vt 0.649715 0.350188
vt 0.649715 0.351275
vt 0.649346 0.351439
vt 0.649715 0.351548
vt 0.649346 0.352395
vt 0.650084 0.352395
vt 0.649346 0.352975
vt 0.650084 0.352975
vt 0.076603 0.843307
vt 0.076643 0.843107
vt 0.076565 0.843119
vt 0.076708 0.842845
vt 0.076536 0.842831
vt 0.076801 0.842426
vt 0.076490 0.842415
vt 0.076929 0.841935
vt 0.198700 0.206100
vt 0.227300 0.174800
vt 0.196000 0.175000
vt 0.218300 0.144300
vt 0.427677 0.499916
vt 0.427352 0.500363
vt 0.427677 0.500353
vt 0.427250 0.500940
vt 0.427569 0.500926
vt 0.427204 0.501427
vt 0.427520 0.501463
vt 0.427498 0.501705
vt 0.428008 0.501494
vt 0.428199 0.501883
vt 0.428650 0.501573
vt 0.428943 0.502394
vt 0.129200 0.061300
vt 0.109100 0.004900
vt 0.093800 0.044200
vt 0.179200 0.975300
vt 0.235100 0.980200
vt 0.235100 0.998800
vt 0.291300 0.975300
vt 0.292000 0.938000
vt 0.077910 0.854214
vt 0.078722 0.853998
vt 0.078722 0.853496
vt 0.079389 0.853323
vt 0.079418 0.853068
vt 0.079940 0.852305
vt 0.079452 0.851421
vt 0.080434 0.851182
vt 0.079381 0.850956
vt 0.080651 0.850309
vt 0.080498 0.849769
vt 0.080849 0.849332
vt 0.076468 0.851260
vt 0.076396 0.850361
vt 0.076378 0.850212
vt 0.076565 0.850234
vt 0.076775 0.850268
vt 0.076744 0.850399
vt 0.077048 0.850249
vt 0.077048 0.850429
vt 0.077048 0.851504
vt 0.077048 0.852275
vt 0.077347 0.852271
vt 0.659816 0.350037
vt 0.659071 0.350037
vt 0.659821 0.350817
vt 0.658932 0.350817
vt 0.659036 0.351595
vt 0.658231 0.351595
vt 0.658751 0.352291
vt 0.658109 0.352291
vt 0.658020 0.352987
vt 0.657307 0.352291
vt 0.657143 0.352987
vt 0.656266 0.352291
vt 0.656127 0.352987
vt 0.655478 0.352987
vt 0.655691 0.353726
vt 0.654693 0.352987
vt 0.654487 0.353726
vt 0.653052 0.353726
vt 0.653833 0.354100
vt 0.653972 0.354620
vt 0.652792 0.354100
vt 0.652696 0.354620
vt 0.652510 0.355829
vt 0.651643 0.354633
vt 0.651407 0.355753
vt 0.650657 0.354952
vt 0.649641 0.356042
vt 0.649195 0.355710
vt 0.648746 0.357046
vt 0.648335 0.356684
vt 0.648231 0.356870
vt 0.647966 0.356399
vt 0.647500 0.357041
vt 0.647193 0.356538
vt 0.647084 0.357167
vt 0.646581 0.356781
vt 0.646799 0.357390
vt 0.646422 0.357088
vt 0.652153 0.353726
vt 0.652153 0.352987
vt 0.653137 0.352987
vt 0.653181 0.352291
vt 0.654752 0.352291
vt 0.654752 0.351595
vt 0.655364 0.352291
vt 0.655498 0.351595
vt 0.656132 0.351595
vt 0.657438 0.351595
vt 0.657408 0.350817
vt 0.658134 0.350817
vt 0.658218 0.350037
vt 0.930200 0.093300
vt 0.650555 0.350059
vt 0.652153 0.352291
vt 0.653228 0.351595
vt 0.652153 0.351595
vt 0.653157 0.350817
vt 0.652153 0.350817
vt 0.653107 0.350037
vt 0.652153 0.350037
vt 0.653077 0.349316
vt 0.652153 0.349316
vt 0.653065 0.348590
vt 0.652153 0.348590
vt 0.653052 0.347906
vt 0.652153 0.347906
vt 0.077074 0.844261
vt 0.077636 0.844133
vt 0.077622 0.844406
vt 0.078097 0.844126
vt 0.077745 0.843621
vt 0.078186 0.843662
vt 0.280500 0.284700
vt 0.286900 0.269000
vt 0.309300 0.287400
vt 0.324700 0.277300
vt 0.312500 0.240500
vt 0.333000 0.258800
vt 0.425980 0.498962
vt 0.425713 0.499132
vt 0.425681 0.498695
vt 0.425457 0.498560
vt 0.330800 0.228800
vt 0.362100 0.264900
vt 0.348400 0.268100
vt 0.345900 0.290300
vt 0.361300 0.299600
vt 0.078748 0.843707
vt 0.078984 0.843850
vt 0.078490 0.844006
vt 0.078651 0.844271
vt 0.078191 0.844419
vt 0.075146 0.842831
vt 0.075034 0.842553
vt 0.074756 0.842714
vt 0.074689 0.842437
vt 0.075074 0.842234
vt 0.074356 0.842044
vt 0.074618 0.841857
vt 0.074008 0.841572
vt 0.074203 0.841452
vt 0.073790 0.841059
vt 0.074034 0.840935
vt 0.073839 0.840404
vt 0.074105 0.840239
vt 0.073910 0.839828
vt 0.074585 0.840033
vt 0.074281 0.839644
vt 0.074881 0.839932
vt 0.429096 0.498581
vt 0.429630 0.499378
vt 0.429682 0.498616
vt 0.430301 0.498656
vt 0.429679 0.497970
vt 0.430301 0.497873
vt 0.074341 0.843988
vt 0.073686 0.844089
vt 0.074263 0.844429
vt 0.073681 0.844523
vt 0.074042 0.844827
vt 0.073697 0.845264
vt 0.073899 0.845264
vt 0.073704 0.845879
vt 0.074190 0.845900
vt 0.074190 0.846463
vt 0.074364 0.846404
vt 0.048800 0.470000
vt 0.063000 0.490000
vt 0.060100 0.466100
vt 0.074408 0.846770
vt 0.074704 0.846183
vt 0.058400 0.264200
vt 0.062000 0.211900
vt 0.098600 0.266600
vt 0.452963 0.686610
vt 0.459552 0.686610
vt 0.452963 0.682956
vt 0.459372 0.683050
vt 0.463904 0.686610
vt 0.462976 0.682819
vt 0.467925 0.686610
vt 0.466767 0.682697
vt 0.473249 0.686610
vt 0.473249 0.682697
vt 0.471033 0.676921
vt 0.465343 0.677640
vt 0.465026 0.675899
vt 0.460883 0.676496
vt 0.461516 0.674425
vt 0.455243 0.677266
vt 0.462077 0.680410
vt 0.473249 0.677093
vt 0.473249 0.674281
vt 0.470738 0.675741
vt 0.470717 0.670015
vt 0.464293 0.670015
vt 0.651994 0.358577
vt 0.651831 0.357943
vt 0.652175 0.357943
vt 0.652406 0.357239
vt 0.651311 0.357180
vt 0.650307 0.356659
vt 0.649921 0.356806
vt 0.649066 0.357356
vt 0.648600 0.357192
vt 0.648541 0.357911
vt 0.647949 0.357943
vt 0.648226 0.358148
vt 0.652993 0.357943
vt 0.653434 0.357943
vt 0.654155 0.357185
vt 0.654093 0.355824
vt 0.655079 0.355800
vt 0.655176 0.354620
vt 0.655671 0.355723
vt 0.655877 0.354620
vt 0.656791 0.354620
vt 0.656724 0.354100
vt 0.657686 0.354620
vt 0.657505 0.354100
vt 0.084347 0.850688
vt 0.083504 0.850823
vt 0.083354 0.850353
vt 0.082912 0.851021
vt 0.083213 0.851935
vt 0.082650 0.852590
vt 0.447539 0.674533
vt 0.448359 0.678252
vt 0.444899 0.677604
vt 0.444518 0.679654
vt 0.448453 0.680309
vt 0.443921 0.681201
vt 0.444093 0.686733
vt 0.441568 0.681661
vt 0.441568 0.686733
vt 0.674600 0.816900
vt 0.712200 0.756600
vt 0.725600 0.815700
vt 0.084367 0.850860
vt 0.083790 0.851785
vt 0.082268 0.851567
vt 0.443108 0.672806
vt 0.441252 0.677798
vt 0.081579 0.851941
vt 0.081872 0.852631
vt 0.081974 0.851047
vt 0.082434 0.850553
vt 0.077404 0.846572
vt 0.077861 0.846572
vt 0.077827 0.846807
vt 0.078306 0.846635
vt 0.077775 0.846014
vt 0.078262 0.845988
vt 0.078093 0.845669
vt 0.078940 0.845815
vt 0.078340 0.845463
vt 0.079036 0.845347
vt 0.078654 0.845216
vt 0.078976 0.844856
vt 0.078602 0.844871
vt 0.078674 0.844445
vt 0.651112 0.351640
vt 0.650555 0.351640
vt 0.650555 0.352395
vt 0.080763 0.850702
vt 0.080961 0.849938
vt 0.074109 0.849070
vt 0.074913 0.849896
vt 0.073618 0.849769
vt 0.073532 0.850309
vt 0.074720 0.850956
vt 0.073663 0.851182
vt 0.074648 0.851421
vt 0.074161 0.852305
vt 0.074572 0.852144
vt 0.074681 0.853068
vt 0.077071 0.843962
vt 0.077149 0.843440
vt 0.241700 0.272900
vt 0.077277 0.843133
vt 0.077843 0.843380
vt 0.077576 0.842793
vt 0.076988 0.842494
vt 0.269500 0.230700
vt 0.231200 0.211200
vt 0.284900 0.213900
vt 0.293200 0.201700
vt 0.426382 0.499349
vt 0.426261 0.499527
vt 0.426009 0.499381
vt 0.658637 0.358624
vt 0.657844 0.357779
vt 0.658637 0.357512
vt 0.657844 0.357385
vt 0.656942 0.357779
vt 0.656774 0.355849
vt 0.656006 0.357779
vt 0.655238 0.357779
vt 0.654953 0.357227
vt 0.654764 0.358624
vt 0.654160 0.357943
vt 0.659792 0.351595
vt 0.648328 0.363343
vt 0.648251 0.363343
vt 0.648300 0.363396
vt 0.657815 0.353726
vt 0.658697 0.353726
vt 0.427929 0.500983
vt 0.428104 0.500578
vt 0.428250 0.500221
vt 0.428811 0.500598
vt 0.156700 0.154100
vt 0.118200 0.128200
vt 0.090100 0.160200
vt 0.084500 0.088600
vt 0.074824 0.841711
vt 0.074738 0.840613
vt 0.079041 0.842257
vt 0.079179 0.841995
vt 0.078554 0.841980
vt 0.078869 0.841523
vt 0.078329 0.841650
vt 0.079137 0.841044
vt 0.078280 0.841374
vt 0.078843 0.840636
vt 0.078311 0.840909
vt 0.078337 0.840348
vt 0.078082 0.840519
vt 0.082530 0.850140
vt 0.441597 0.679215
vt 0.081208 0.851541
vt 0.082520 0.849896
vt 0.082722 0.849481
vt 0.074307 0.844782
vt 0.074450 0.845302
vt 0.074128 0.845515
vt 0.044700 0.408200
vt 0.065700 0.394300
vt 0.067400 0.436000
vt 0.086700 0.422900
vt 0.110800 0.450000
vt 0.103000 0.411900
vt 0.075141 0.846157
vt 0.075022 0.845572
vt 0.075419 0.845606
vt 0.075408 0.845268
vt 0.076056 0.845474
vt 0.075718 0.845051
vt 0.658697 0.347906
vt 0.657815 0.347906
vt 0.657009 0.347906
vt 0.656828 0.348590
vt 0.655607 0.348590
vt 0.655369 0.348590
vt 0.649346 0.350121
vt 0.649715 0.349885
vt 0.649715 0.348518
vt 0.651281 0.353827
vt 0.650862 0.354234
vt 0.650828 0.353344
vt 0.650362 0.353654
vt 0.649943 0.354591
vt 0.649182 0.354130
vt 0.648469 0.355371
vt 0.648025 0.355136
vt 0.647614 0.355938
vt 0.647584 0.354880
vt 0.647131 0.355770
vt 0.849400 0.007300
vt 0.885000 0.007300
vt 0.074476 0.845942
vt 0.080467 0.841493
vt 0.080363 0.841684
vt 0.080430 0.841717
vt 0.080254 0.841894
vt 0.080397 0.841938
vt 0.080101 0.842161
vt 0.080348 0.842250
vt 0.080322 0.842497
vt 0.080610 0.842227
vt 0.080733 0.842595
vt 0.075947 0.846591
vt 0.075471 0.846575
vt 0.075985 0.845934
vt 0.075502 0.845864
vt 0.076183 0.845526
vt 0.076490 0.845692
vt 0.077041 0.845209
vt 0.076981 0.845557
vt 0.077139 0.845710
vt 0.651999 0.354033
vt 0.825900 0.463400
vt 0.862300 0.463400
vt 0.678000 0.554000
vt 0.572300 0.559300
vt 0.526600 0.557600
vt 0.492400 0.554000
vt 0.482400 0.590600
vt 0.646660 0.356369
vt 0.647483 0.356206
vt 0.077685 0.848747
vt 0.077760 0.849361
vt 0.074109 0.848207
vt 0.073595 0.847919
vt 0.073894 0.847987
vt 0.073970 0.847724
vt 0.074385 0.847552
vt 0.075138 0.848140
vt 0.075040 0.847134
vt 0.075749 0.847773
vt 0.075637 0.847290
vt 0.079782 0.842089
vt 0.079460 0.841756
vt 0.080044 0.841789
vt 0.080161 0.841426
vt 0.079501 0.841478
vt 0.080130 0.840940
vt 0.079651 0.841036
vt 0.079898 0.840535
vt 0.079599 0.840587
vt 0.079565 0.840358
vt 0.822500 0.707300
vt 0.857200 0.702100
vt 0.835400 0.592500
vt 0.767600 0.709200
vt 0.723400 0.704300
vt 0.885000 0.242200
vt 0.857700 0.212400
vt 0.900900 0.212400
vt 0.076490 0.843126
vt 0.076370 0.842883
vt 0.076191 0.842481
vt 0.076004 0.842044
vt 0.167000 0.181900
vt 0.423640 0.501933
vt 0.423852 0.502427
vt 0.423917 0.501960
vt 0.458500 0.002700
vt 0.430700 0.029500
vt 0.454100 0.034700
vt 0.468000 0.078600
vt 0.448700 0.079300
vt 0.080621 0.840460
vt 0.080325 0.840470
vt 0.080719 0.841111
vt 0.080538 0.841153
vt 0.080800 0.841598
vt 0.441568 0.680834
vt 0.450539 0.686733
vt 0.077715 0.845411
vt 0.077419 0.845526
vt 0.077617 0.844882
vt 0.077321 0.844983
vt 0.272200 0.366900
vt 0.252900 0.373500
vt 0.247300 0.355000
vt 0.232200 0.373000
vt 0.230000 0.361300
vt 0.072800 0.960200
vt 0.079600 0.943400
vt 0.119900 0.976300
vt 0.126200 0.961200
vt 0.076191 0.854214
vt 0.178200 0.938000
vt 0.077048 0.854290
vt 0.651583 0.351439
vt 0.919700 0.355000
vt 0.907200 0.411600
vt 0.994600 0.446800
vt 0.892300 0.461200
vt 0.992900 0.513200
vt 0.889400 0.523900
vt 0.929900 0.525900
vt 0.893100 0.569600
vt 0.927700 0.572300
vt 0.733600 0.463400
vt 0.654390 0.349316
vt 0.654457 0.350037
vt 0.428480 0.501101
vt 0.140900 0.093700
vt 0.074500 0.050800
vt 0.240700 0.147900
vt 0.427026 0.500311
vt 0.426922 0.501000
vt 0.426937 0.501477
vt 0.056400 0.360400
vt 0.077600 0.361300
vt 0.074632 0.844796
vt 0.074760 0.845209
vt 0.074738 0.844554
vt 0.075149 0.844755
vt 0.075229 0.844014
vt 0.075476 0.844632
vt 0.079677 0.845380
vt 0.079407 0.846048
vt 0.079789 0.845767
vt 0.413800 0.424600
vt 0.388900 0.442900
vt 0.409200 0.440200
vt 0.402100 0.467500
vt 0.079719 0.846006
vt 0.079610 0.846425
vt 0.080236 0.846081
vt 0.080249 0.846853
vt 0.080872 0.846051
vt 0.076902 0.845991
vt 0.076744 0.844811
vt 0.076632 0.844827
vt 0.076539 0.844549
vt 0.076830 0.850065
vt 0.077048 0.850062
vt 0.075195 0.848844
vt 0.076183 0.847965
vt 0.078917 0.850855
vt 0.078142 0.850826
vt 0.078007 0.852444
vt 0.077542 0.852351
vt 0.080138 0.853047
vt 0.079438 0.853725
vt 0.390900 0.943400
vt 0.350600 0.976300
vt 0.344200 0.961200
vt 0.074611 0.844284
vt 0.655595 0.349316
vt 0.654638 0.350817
vt 0.464674 0.663606
vt 0.465415 0.657232
vt 0.470155 0.659354
vt 0.469983 0.664433
vt 0.465113 0.668943
vt 0.469544 0.668943
vt 0.080542 0.841935
vt 0.080509 0.841704
vt 0.473100 0.036600
vt 0.080699 0.839815
vt 0.080901 0.840449
vt 0.080909 0.841104
vt 0.078326 0.840236
vt 0.077760 0.840197
vt 0.078108 0.839890
vt 0.077557 0.840088
vt 0.077921 0.839415
vt 0.473198 0.664347
vt 0.473198 0.660268
vt 0.473198 0.668943
vt 0.016400 0.492900
vt 0.015400 0.468500
vt 0.003900 0.484100
vt 0.044900 0.492700
vt 0.074772 0.845741
vt 0.079407 0.840329
vt 0.079272 0.839321
vt 0.078950 0.839981
vt 0.078869 0.839288
vt 0.078674 0.839771
vt 0.078459 0.839321
vt 0.078539 0.839573
vt 0.076757 0.851499
vt 0.657433 0.358624
vt 0.656930 0.358624
vt 0.656410 0.358624
vt 0.655956 0.358624
vt 0.655473 0.358624
vt 0.658097 0.356701
vt 0.657891 0.355408
vt 0.654928 0.354100
vt 0.655822 0.354100
vt 0.678000 0.608900
vt 0.563500 0.605200
vt 0.511500 0.595900
vt 0.655129 0.358624
vt 0.452963 0.678532
vt 0.079374 0.842478
vt 0.079246 0.842972
vt 0.079490 0.842951
vt 0.079418 0.843587
vt 0.079636 0.843530
vt 0.079587 0.844144
vt 0.078329 0.846864
vt 0.079018 0.846692
vt 0.077445 0.840880
vt 0.077562 0.841733
vt 0.077996 0.841348
vt 0.077950 0.841699
vt 0.077580 0.842138
vt 0.078186 0.842332
vt 0.079610 0.840082
vt 0.079875 0.840033
vt 0.079763 0.839610
vt 0.077921 0.845089
vt 0.077689 0.844617
vt 0.264900 0.350800
vt 0.276900 0.349600
vt 0.078220 0.844923
vt 0.077857 0.844541
vt 0.078194 0.844699
vt 0.076415 0.839639
vt 0.076783 0.839418
vt 0.076632 0.839602
vt 0.076925 0.839940
vt 0.077165 0.839370
vt 0.077277 0.839680
vt 0.073855 0.852325
vt 0.075884 0.842481
vt 0.075861 0.842033
vt 0.075596 0.842354
vt 0.075461 0.842040
vt 0.075711 0.841852
vt 0.075352 0.841898
vt 0.659440 0.354343
vt 0.651583 0.352395
vt 0.651112 0.352395
vt 0.653749 0.357943
vt 0.647344 0.357373
vt 0.647584 0.357628
vt 0.653585 0.358570
vt 0.465379 0.632487
vt 0.329100 0.309800
vt 0.078205 0.841860
vt 0.077113 0.841966
vt 0.076629 0.844175
vt 0.076105 0.844047
vt 0.076599 0.843894
vt 0.076655 0.843489
vt 0.075809 0.844294
vt 0.075899 0.843790
vt 0.075318 0.843707
vt 0.075494 0.843561
vt 0.076040 0.843411
vt 0.076030 0.843299
vt 0.073678 0.846440
vt 0.657009 0.353726
vt 0.076497 0.846463
vt 0.077071 0.846089
vt 0.077534 0.846430
vt 0.074756 0.843928
vt 0.085700 0.304700
vt 0.058600 0.308600
vt 0.073693 0.840007
vt 0.016400 0.049100
vt 0.030500 0.037400
vt 0.004600 0.016800
vt 0.054700 0.025400
vt 0.074427 0.847040
vt 0.073756 0.847477
vt 0.657438 0.358624
vt 0.657886 0.358624
vt 0.652805 0.358560
vt 0.652641 0.357943
vt 0.650572 0.357264
vt 0.651395 0.357943
vt 0.987500 0.359400
vt 0.979200 0.325900
vt 0.950400 0.311000
vt 0.678000 0.644300
vt 0.556400 0.644300
vt 0.510300 0.614300
vt 0.919700 0.322000
vt 0.650773 0.357943
vt 0.076287 0.844902
vt 0.076726 0.846466
vt 0.076655 0.846061
vt 0.160200 0.496100
vt 0.163300 0.478300
vt 0.131300 0.496100
vt 0.132300 0.477300
vt 0.429718 0.499631
vt 0.430262 0.499549
vt 0.310500 0.211700
vt 0.078423 0.843507
vt 0.078786 0.843366
vt 0.333300 0.177700
vt 0.327400 0.203100
vt 0.365000 0.195800
vt 0.342800 0.224600
vt 0.079254 0.841523
vt 0.111100 0.233200
vt 0.133100 0.213900
vt 0.103800 0.215100
vt 0.106400 0.194300
vt 0.365200 0.335200
vt 0.389600 0.282500
vt 0.376000 0.286400
vt 0.079209 0.843647
vt 0.448500 0.211400
vt 0.467000 0.242200
vt 0.475300 0.217800
vt 0.477500 0.242900
vt 0.077139 0.845130
vt 0.077004 0.844975
vt 0.077378 0.840164
vt 0.077412 0.839921
vt 0.076200 0.327900
vt 0.075128 0.842086
vt 0.081052 0.850189
vt 0.080984 0.850488
vt 0.074899 0.848503
vt 0.929200 0.156200
vt 0.080246 0.852325
vt 0.397500 0.199000
vt 0.397700 0.188500
vt 0.413300 0.184800
vt 0.392300 0.163100
vt 0.079542 0.853983
vt 0.397700 0.960200
vt 0.241000 0.383100
vt 0.076108 0.846643
vt 0.473249 0.670015
vt 0.987300 0.545900
vt 0.079895 0.842489
vt 0.077067 0.846089
vt 0.076850 0.846713
vt 0.077198 0.845916
vt 0.077542 0.840740
vt 0.079337 0.845497
vt 0.078381 0.840018
vt 0.074588 0.848537
vt 0.649346 0.348379
vt 0.658637 0.357066
vt 0.647730 0.354313
vt 0.079940 0.840426
vt 0.075175 0.843073
vt 0.540500 0.477300
vt 0.835200 0.692400
vt 0.782200 0.779100
vt 0.894000 0.727300
vt 0.894000 0.878900
vt 0.457984 0.671108
vt 0.457984 0.678288
vt 0.466026 0.678288
vt 0.466487 0.684258
vt 0.457984 0.684258
vt 0.457984 0.686438
vt 0.449503 0.684258
vt 0.449366 0.686438
vt 0.443338 0.684258
vt 0.443201 0.686438
vt 0.438295 0.684258
vt 0.438281 0.686438
vt 0.431541 0.684258
vt 0.431397 0.686438
vt 0.426074 0.684258
vt 0.425426 0.686438
vt 0.419017 0.684258
vt 0.419017 0.686438
vt 0.402314 0.667555
vt 0.406738 0.666166
vt 0.402314 0.658793
vt 0.411320 0.657585
vt 0.406227 0.648132
vt 0.412046 0.648010
vt 0.408709 0.641745
vt 0.415204 0.641112
vt 0.417082 0.631681
vt 0.422175 0.637544
vt 0.428289 0.631925
vt 0.428203 0.641018
vt 0.436490 0.639054
vt 0.428448 0.648751
vt 0.436562 0.648571
vt 0.436159 0.657865
vt 0.447223 0.657880
vt 0.436382 0.661937
vt 0.447223 0.663519
vt 0.481900 0.651600
vt 0.541000 0.686300
vt 0.632600 0.673600
vt 0.397900 0.772500
vt 0.335200 0.878900
vt 0.326900 0.761000
vt 0.240500 0.878900
vt 0.425829 0.678288
vt 0.419017 0.678288
vt 0.431836 0.678288
vt 0.438598 0.678288
vt 0.444302 0.678288
vt 0.449963 0.678288
vt 0.427886 0.615647
vt 0.437403 0.624387
vt 0.437173 0.615647
vt 0.447223 0.624387
vt 0.447223 0.631839
vt 0.437612 0.631925
vt 0.428167 0.624387
vt 0.416823 0.624387
vt 0.402314 0.631343
vt 0.402314 0.640054
vt 0.402314 0.648413
vt 0.240500 0.758500
vt 0.418700 0.878900
vt 0.498500 0.789300
vt 0.512700 0.878900
vt 0.591800 0.775900
vt 0.444288 0.670878
vt 0.469422 0.646888
vt 0.462854 0.646888
vt 0.462854 0.652679
vt 0.456545 0.652679
vt 0.456545 0.658340
vt 0.449524 0.658340
vt 0.449524 0.662081
vt 0.456545 0.662203
vt 0.462854 0.658340
vt 0.462854 0.659851
vt 0.465818 0.661620
vt 0.420691 0.497962
vt 0.420691 0.496529
vt 0.418399 0.496529
vt 0.418399 0.497962
vt 0.420691 0.499411
vt 0.418399 0.499411
vt 0.420691 0.500852
vt 0.418399 0.500852
vt 0.420691 0.502278
vt 0.418399 0.502278
vt 0.447223 0.615647
vt 0.632600 0.008100
vt 0.632600 0.129600
vt 0.492900 0.008100
vt 0.415974 0.615647
vt 0.402314 0.624387
vt 0.456545 0.646888
vt 0.449524 0.652679
vt 0.472882 0.656232
vt 0.472882 0.649593
vt 0.471716 0.649398
vt 0.472882 0.641673
vt 0.470055 0.642248
vt 0.472882 0.635242
vt 0.467947 0.636299
vt 0.472882 0.627271
vt 0.464221 0.627271
vt 0.464221 0.621596
vt 0.449524 0.646888
vt 0.849900 0.522900
vt 0.941200 0.442400
vt 0.941200 0.522900
vt 0.426512 0.641428
vt 0.422247 0.639004
vt 0.416413 0.642212
vt 0.344700 0.366500
vt 0.368200 0.360800
vt 0.371600 0.468300
vt 0.675500 0.110800
vt 0.675500 0.209700
vt 0.832800 0.209700
vt 0.447223 0.648521
vt 0.447223 0.638824
vt 0.430339 0.670634
vt 0.437576 0.671842
vt 0.471702 0.670878
vt 0.471666 0.678288
vt 0.472652 0.684258
vt 0.466609 0.686438
vt 0.469422 0.658340
vt 0.469422 0.665203
vt 0.429519 0.657196
vt 0.427584 0.664483
vt 0.434174 0.667468
vt 0.359600 0.687000
vt 0.386500 0.585700
vt 0.670700 0.878900
vt 0.670700 0.727300
vt 0.729500 0.692400
vt 0.782200 0.677700
vt 0.427460 0.495832
vt 0.428154 0.494224
vt 0.425869 0.494178
vt 0.427527 0.492592
vt 0.425869 0.491854
vt 0.425869 0.496501
vt 0.429077 0.488646
vt 0.429669 0.490115
vt 0.427730 0.490055
vt 0.429018 0.491521
vt 0.427730 0.492019
vt 0.427730 0.488073
vt 0.472882 0.621596
vt 0.464221 0.615805
vt 0.472882 0.615805
vt 0.918900 0.244400
vt 0.917700 0.199500
vt 0.942900 0.194300
vt 0.941200 0.697000
vt 0.891100 0.647200
vt 0.941200 0.601600
vt 0.438598 0.668857
vt 0.512700 0.747800
vt 0.471371 0.652031
vt 0.466026 0.667382
vt 0.402314 0.615647
vt 0.469422 0.652679
vt 0.464221 0.634119
vt 0.413327 0.663203
vt 0.161400 0.669200
vt 0.069800 0.710400
vt 0.133500 0.591100
vt 0.868900 0.264900
vt 0.868900 0.169700
vt 0.920700 0.295200
vt 0.472788 0.686438
vt 0.036100 0.011500
vt 0.032500 0.126500
vt 0.009800 0.090300
vt 0.009800 0.247100
vt 0.031700 0.247100
vt 0.031500 0.361800
vt 0.064000 0.247100
vt 0.064500 0.361800
vt 0.101300 0.247100
vt 0.110400 0.361800
vt 0.159200 0.247100
vt 0.163300 0.361800
vt 0.226800 0.356900
vt 0.220700 0.439500
vt 0.370800 0.384500
vt 0.395500 0.496600
vt 0.405300 0.293500
vt 0.435500 0.473600
vt 0.450700 0.316700
vt 0.465800 0.456100
vt 0.507600 0.441200
vt 0.487800 0.311300
vt 0.435800 0.103500
vt 0.470000 0.138700
vt 0.474600 0.011500
vt 0.534200 0.123000
vt 0.533900 0.011500
vt 0.526900 0.906700
vt 0.585000 0.906700
vt 0.579300 0.788100
vt 0.783900 0.793200
vt 0.780800 0.660600
vt 0.822800 0.660900
vt 0.782200 0.554900
vt 0.822800 0.554700
vt 0.774200 0.493900
vt 0.814700 0.472200
vt 0.765900 0.351600
vt 0.809600 0.316700
vt 0.863300 0.470900
vt 0.868400 0.554700
vt 0.926500 0.554700
vt 0.926500 0.660900
vt 0.963600 0.660900
vt 0.926500 0.791700
vt 0.963600 0.791700
vt 0.931200 0.906700
vt 0.965300 0.906700
vt 0.133800 0.011500
vt 0.165800 0.126500
vt 0.180700 0.011500
vt 0.224600 0.011500
vt 0.233900 0.127000
vt 0.387500 0.123500
vt 0.369600 0.278600
vt 0.828325 0.000091
vt 0.626799 0.999909
vt 0.000091 0.000091
vt 0.222700 0.586400
vt 0.166000 0.439500
vt 0.162800 0.592500
vt 0.114500 0.440400
vt 0.054900 0.576400
vt 0.062000 0.422400
vt 0.027100 0.455600
vt 0.009800 0.361800
vt 0.531000 0.790500
vt 0.564500 0.665300
vt 0.532200 0.663100
vt 0.580600 0.569100
vt 0.573700 0.481400
vt 0.695100 0.549100
vt 0.868400 0.660900
vt 0.868400 0.791700
vt 0.867400 0.906700
vt 0.550500 0.229700
vt 0.416500 0.011500
vt 0.109600 0.126500
vt 0.064900 0.126500
vt 0.924800 0.315200
vt 0.924100 0.449200
vt 0.963600 0.554700
vt 0.991700 0.660900
vt 0.991700 0.838400
vt 0.991700 0.985600
vt 0.411100 0.204300
vt 0.568600 0.340100
vt 0.820600 0.906700
vt 0.822800 0.791700
vt 0.776600 0.906700
vt 0.502200 0.556900
vt 0.507600 0.489300
vt 0.492400 0.654800
vt 0.472200 0.793700
vt 0.467500 0.906700
vt 0.070300 0.011500
vt 0.233200 0.248800
vt 0.109600 0.361800
vt 0.663600 0.229000
vt 0.754600 0.229000
vt 0.663600 0.017100
vt 0.754600 0.017100
vt 0.871100 0.229000
vt 0.871100 0.017100
vt 0.945100 0.229000
vt 0.945100 0.017100
vt 0.097900 0.717300
vt 0.097900 0.978800
vt 0.189200 0.717300
vt 0.189200 0.978800
vt 0.305700 0.717300
vt 0.305700 0.978800
vt 0.379600 0.717300
vt 0.379600 0.978800
vt 0.961200 0.406000
vt 0.991700 0.554700
vt 0.030300 0.664300
vt 0.009800 0.448500
s 1
usemtl Material__48
f 1/1/1 2/2/2 3/3/3
f 2/2/2 4/4/4 3/3/3
f 3/3/3 4/4/4 5/5/5
f 4/4/4 6/6/6 5/5/5
f 5/5/5 6/6/6 7/7/7
f 6/6/6 8/8/8 7/7/7
f 7/7/7 8/8/8 9/9/9
f 8/8/8 10/10/10 9/9/9
f 9/9/9 10/10/10 11/11/11
f 10/10/10 12/12/12 11/11/11
f 11/11/11 12/12/12 13/13/13
f 12/12/12 14/14/14 13/13/13
f 13/13/13 14/14/14 15/15/15
f 14/14/14 16/16/16 15/15/15
f 15/15/15 16/16/16 17/17/17
f 16/16/16 18/18/18 17/17/17
f 17/17/17 18/18/18 19/19/19
f 18/18/18 20/20/20 19/19/19
f 19/19/19 20/20/20 21/21/21
f 20/20/20 22/22/22 21/21/21
f 21/21/21 22/22/22 23/23/23
f 22/22/22 24/24/24 23/23/23
f 23/23/23 24/24/24 25/25/25
f 24/24/24 26/26/26 25/25/25
f 25/25/25 26/26/26 27/27/27
f 26/26/26 28/28/28 27/27/27
f 27/27/27 28/28/28 29/29/29
f 28/28/28 30/30/30 29/29/29
f 29/29/29 30/30/30 31/31/31
f 30/30/30 32/32/32 31/31/31
f 31/31/31 32/32/32 33/33/33
f 32/32/32 34/34/34 33/33/33
f 33/33/33 34/34/34 35/35/35
f 34/34/34 36/36/36 35/35/35
f 35/35/35 36/36/36 37/37/37
f 36/36/36 38/38/38 37/37/37
f 37/37/37 38/38/38 39/39/39
f 38/38/38 40/40/40 39/39/39
f 39/39/39 40/40/40 41/41/41
f 40/40/40 42/42/42 41/41/41
f 41/41/41 42/42/42 43/43/43
f 42/42/42 44/44/44 43/43/43
f 43/43/43 44/44/44 45/45/45
f 44/44/44 46/46/46 45/45/45
f 45/45/45 46/46/46 47/47/47
f 46/46/46 48/48/48 47/47/47
f 47/47/47 48/48/48 49/49/49
f 48/48/48 50/50/50 49/49/49
f 49/49/49 50/50/50 51/51/51
f 50/50/50 11/11/11 51/51/51
f 51/51/51 11/11/11 13/13/13
f 52/52/52 53/53/53 54/54/54
f 53/53/53 55/55/55 54/54/54
f 54/54/54 55/55/55 56/56/56
f 55/55/55 57/57/57 56/56/56
f 56/58/56 57/59/57 58/60/58
f 57/59/57 59/61/59 58/60/58
f 58/60/58 59/61/59 60/62/60
f 59/61/59 61/63/61 60/62/60
f 60/62/60 61/63/61 62/64/62
f 61/63/61 63/65/63 62/64/62
f 62/64/62 63/65/63 64/66/64
f 63/65/63 65/67/65 64/66/64
f 64/66/64 65/67/66 66/68/67
f 65/67/66 67/69/68 66/68/67
f 66/68/67 67/69/68 68/70/69
f 67/69/68 69/71/70 68/70/69
f 68/70/69 69/71/70 70/72/71
f 69/71/70 71/73/72 70/72/71
f 70/72/71 71/73/72 72/74/73
f 71/73/72 73/75/74 72/74/73
f 72/74/73 73/75/74 74/76/75
f 73/75/74 75/77/76 74/76/75
f 74/76/75 75/77/76 76/78/77
f 75/77/76 77/79/78 76/78/77
f 76/78/77 77/79/78 78/80/79
f 77/79/78 79/81/80 78/80/79
f 78/80/79 79/81/80 80/82/81
f 79/81/80 81/83/82 80/82/81
f 80/82/81 81/83/82 82/84/83
f 83/84/84 84/83/85 85/82/86
f 84/83/85 86/81/87 85/82/86
f 85/82/86 86/81/87 87/80/88
f 86/81/87 88/79/89 87/80/88
f 87/80/88 88/79/89 89/78/90
f 88/79/89 90/77/91 89/78/90
f 89/78/90 90/77/91 91/76/92
f 90/77/91 92/75/93 91/76/92
f 91/76/92 92/75/93 93/74/94
f 92/75/93 94/73/95 93/74/94
f 93/74/94 94/73/95 95/72/96
f 94/73/95 96/71/97 95/72/96
f 95/72/96 96/71/97 97/70/98
f 96/71/97 98/69/99 97/70/98
f 97/70/98 98/69/99 99/68/100
f 98/85/99 100/86/101 99/87/100
f 99/88/100 100/89/101 101/90/102
f 100/89/101 102/91/103 101/90/102
f 101/92/102 102/93/103 103/94/104
f 102/93/103 104/95/105 103/94/104
f 103/96/104 104/97/105 105/98/106
f 104/95/105 106/99/107 105/100/106
f 105/100/106 106/99/107 107/101/108
f 106/102/107 108/57/109 107/103/108
f 107/103/108 108/57/109 109/56/110
f 108/57/109 110/55/111 109/56/110
f 109/56/110 110/55/111 111/54/112
f 110/55/111 112/53/113 111/54/112
f 111/54/112 112/53/113 113/52/114
f 18/18/18 114/104/115 20/20/20
f 20/20/20 114/104/115 115/105/116
f 114/104/115 116/106/117 115/105/116
f 115/105/116 116/106/117 117/107/118
f 116/106/117 118/108/119 117/107/118
f 117/107/118 118/108/119 119/109/120
f 118/108/119 120/110/121 119/109/120
f 119/109/120 120/110/121 121/111/122
f 120/110/121 122/112/123 121/111/122
f 121/111/122 122/112/123 123/113/124
f 122/112/123 124/114/125 123/113/124
f 123/113/124 124/114/125 125/115/126
f 124/114/125 126/116/127 125/115/126
f 125/115/126 126/116/127 127/117/128
f 126/116/127 128/118/129 127/117/128
f 127/117/128 128/118/129 129/119/130
f 128/118/129 130/120/131 129/119/130
f 129/119/130 130/120/131 131/121/132
f 130/120/131 132/122/133 131/121/132
f 131/121/132 132/122/133 28/28/28
f 132/122/133 133/123/134 28/28/28
f 28/28/28 133/123/134 30/30/30
f 133/123/134 32/32/32 30/30/30
f 134/124/135 135/125/136 136/126/137
f 135/125/136 137/127/138 136/126/137
f 136/126/137 137/127/138 138/128/139
f 137/127/138 139/129/140 138/128/139
f 138/128/139 139/129/140 140/130/141
f 139/129/140 141/127/142 140/130/141
f 140/130/141 141/127/142 142/128/143
f 141/127/142 143/126/144 142/128/143
f 142/128/143 143/126/144 144/131/145
f 143/126/144 145/124/146 144/131/145
f 144/131/145 145/124/146 146/132/147
f 145/124/146 147/133/148 146/132/147
f 146/132/147 147/133/148 134/124/135
f 147/133/148 148/134/149 134/124/135
f 134/124/135 148/134/149 135/125/136
f 148/134/149 149/135/150 135/125/136
f 135/125/136 149/135/150 150/136/151
f 149/135/150 151/137/152 150/136/151
f 150/136/151 151/137/152 152/138/153
f 151/137/152 153/139/154 152/138/153
f 152/138/153 153/139/154 154/140/155
f 153/139/154 155/141/156 154/140/155
f 156/124/157 157/126/158 158/125/159
f 158/125/159 157/126/158 159/127/160
f 157/126/158 160/128/161 159/127/160
f 159/127/160 160/128/161 161/129/162
f 160/128/161 162/130/163 161/129/162
f 161/129/162 162/130/163 163/127/164
f 162/130/163 164/128/165 163/127/164
f 163/127/164 164/128/165 165/126/166
f 164/128/165 166/131/167 165/126/166
f 165/126/166 166/131/167 167/124/168
f 166/131/167 168/132/169 167/124/168
f 167/124/168 168/132/169 169/133/148
f 168/132/169 156/124/157 169/133/148
f 169/133/148 156/124/157 170/134/170
f 156/124/157 158/125/159 170/134/170
f 170/134/170 158/125/159 171/135/171
f 158/125/159 172/136/172 171/135/171
f 171/135/171 172/136/172 173/137/173
f 172/136/172 174/138/174 173/137/173
f 173/137/173 174/138/174 175/139/175
f 174/138/174 176/140/176 175/139/175
f 175/139/175 176/140/176 177/141/177
f 178/142/178 179/143/179 180/144/180
f 179/143/179 181/145/181 180/144/180
f 180/144/180 181/145/181 182/146/182
f 181/145/181 183/147/183 182/146/182
f 182/146/182 183/147/183 184/148/184
f 183/147/183 185/149/185 184/148/184
f 184/148/184 185/149/185 186/150/186
f 185/149/185 187/151/187 186/150/186
f 186/150/186 187/151/187 188/152/188
f 187/151/187 189/153/189 188/152/188
f 188/152/188 189/153/189 190/154/190
f 189/153/189 191/155/191 190/154/190
f 190/154/190 191/155/191 192/156/192
f 191/155/191 193/157/193 192/156/192
f 192/156/192 193/157/193 194/158/194
f 193/157/193 195/159/195 194/158/194
f 194/158/194 195/159/195 196/160/196
f 195/159/195 197/161/197 196/160/196
f 196/160/196 197/161/197 198/162/198
f 197/161/197 199/163/198 198/162/198
f 200/142/199 201/144/200 202/143/201
f 202/143/201 201/144/200 203/145/202
f 201/144/200 204/146/203 203/145/202
f 203/145/202 204/146/203 205/147/204
f 204/146/203 206/148/205 205/147/204
f 205/147/204 206/148/205 207/149/206
f 206/148/205 208/150/207 207/149/206
f 207/149/206 208/150/207 209/151/208
f 208/150/207 210/152/209 209/151/208
f 209/151/208 210/152/209 211/153/210
f 210/152/209 212/154/211 211/153/210
f 211/153/210 212/154/211 213/155/212
f 212/154/211 214/156/213 213/155/212
f 213/155/212 214/156/213 215/157/214
f 214/156/213 216/158/215 215/157/214
f 215/157/214 216/158/215 217/159/216
f 216/158/215 218/160/217 217/159/216
f 217/159/216 218/160/217 219/161/218
f 218/160/217 220/162/219 219/161/218
f 219/161/218 220/162/219 221/163/220
f 222/164/221 223/165/222 224/166/223
f 223/165/222 225/167/224 224/166/223
f 224/166/223 225/167/224 226/168/225
f 225/167/224 227/169/226 226/168/225
f 226/168/225 227/169/226 228/170/227
f 227/169/226 229/171/228 228/170/227
f 228/172/227 229/173/228 230/174/229
f 229/173/228 231/175/230 230/174/229
f 230/176/229 231/177/230 232/178/231
f 231/177/230 233/179/232 232/178/231
f 232/178/231 233/179/232 234/180/233
f 233/179/232 235/181/234 234/180/233
f 234/180/233 235/181/234 236/182/235
f 235/181/234 237/183/236 236/182/235
f 236/182/235 237/183/236 238/184/237
f 237/183/236 239/185/238 238/184/237
f 238/184/237 239/185/238 240/186/239
f 239/185/238 241/187/240 240/186/239
f 240/188/239 241/189/240 242/190/241
f 243/191/242 244/192/243 245/193/244
f 245/193/244 244/192/243 246/194/245
f 244/192/243 44/195/44 246/194/245
f 246/196/245 44/44/44 247/197/246
f 44/44/44 248/198/247 247/197/246
f 247/197/246 248/198/247 249/199/248
f 248/198/247 42/42/42 249/199/248
f 249/199/248 42/42/42 250/200/249
f 42/42/42 40/40/40 250/200/249
f 250/200/249 40/40/40 251/201/250
f 40/40/40 252/202/251 251/201/250
f 251/201/250 252/202/251 253/203/252
f 252/202/251 254/204/253 253/203/252
f 253/203/252 254/204/253 255/205/254
f 254/204/253 128/118/129 255/205/254
f 255/205/254 128/118/129 256/206/255
f 128/118/129 126/116/127 256/206/255
f 256/206/255 126/116/127 257/207/256
f 126/116/127 124/114/125 257/207/256
f 13/13/13 15/15/15 51/51/51
f 51/51/51 15/15/15 258/208/257
f 15/15/15 17/17/17 258/208/257
f 258/208/257 17/17/17 259/209/258
f 17/17/17 19/19/19 259/209/258
f 259/209/258 19/19/19 260/210/259
f 19/19/19 21/21/21 260/210/259
f 260/210/259 21/21/21 261/211/260
f 21/21/21 262/212/261 261/211/260
f 261/211/260 262/212/261 263/213/262
f 262/212/261 264/214/263 263/213/262
f 263/213/262 264/214/263 265/215/264
f 264/214/263 31/31/31 265/215/264
f 265/215/264 31/31/31 266/216/265
f 31/31/31 33/33/33 266/216/265
f 266/216/265 33/33/33 267/217/266
f 33/33/33 268/218/267 267/217/266
f 267/217/266 268/218/267 47/47/47
f 268/218/267 45/45/45 47/47/47
f 64/66/64 66/68/67 269/219/268
f 66/68/67 270/220/269 269/219/268
f 269/219/268 270/220/269 271/221/270
f 270/220/269 272/222/271 271/221/270
f 271/221/270 272/222/271 273/223/272
f 272/222/271 274/224/273 273/223/272
f 273/223/272 274/224/273 275/225/274
f 274/224/273 276/226/275 275/225/274
f 275/225/274 276/226/275 277/227/276
f 276/226/275 278/228/277 277/227/276
f 277/227/276 278/228/277 279/229/278
f 278/228/277 280/230/279 279/229/278
f 279/229/278 280/230/279 281/231/280
f 280/230/279 282/232/281 281/231/280
f 281/231/280 282/232/281 81/233/282
f 282/232/281 283/234/283 81/233/282
f 81/233/282 283/234/283 82/235/284
f 283/234/283 284/236/285 82/235/284
f 285/143/286 286/145/287 287/146/288
f 286/145/287 288/147/289 287/146/288
f 287/146/288 288/147/289 289/148/290
f 288/147/289 290/149/291 289/148/290
f 289/148/290 290/149/291 291/150/292
f 290/149/291 292/151/293 291/150/292
f 291/150/292 292/151/293 293/152/294
f 292/151/293 294/153/295 293/152/294
f 293/152/294 294/153/295 295/154/296
f 294/153/295 296/155/297 295/154/296
f 295/154/296 296/155/297 297/156/298
f 296/155/297 298/157/299 297/156/298
f 297/156/298 298/157/299 299/158/300
f 298/157/299 300/159/301 299/158/300
f 299/158/300 300/159/301 301/160/302
f 300/159/301 302/161/303 301/160/302
f 301/160/302 302/161/303 303/162/304
f 302/161/303 304/163/304 303/162/304
f 305/237/305 306/238/306 307/239/307
f 307/239/307 306/238/306 308/240/308
f 306/238/306 309/241/309 308/240/308
f 308/240/308 309/241/309 310/242/310
f 309/241/309 311/243/311 310/242/310
f 310/242/310 311/243/311 312/244/312
f 311/243/311 313/245/313 312/244/312
f 312/244/312 313/245/313 314/246/314
f 313/245/313 315/247/315 314/246/314
f 314/246/314 315/247/315 316/248/316
f 315/247/315 317/249/317 316/248/316
f 316/248/316 317/249/317 318/250/318
f 317/249/317 319/251/319 318/250/318
f 318/250/318 319/251/319 320/252/320
f 319/251/319 321/253/321 320/252/320
f 320/252/320 321/253/321 322/254/322
f 321/253/321 323/255/323 322/254/322
f 322/254/322 323/255/323 324/256/323
f 325/143/324 326/145/325 327/146/326
f 326/145/325 328/147/327 327/146/326
f 327/146/326 328/147/327 329/148/328
f 328/147/327 330/149/329 329/148/328
f 329/148/328 330/149/329 331/150/330
f 330/149/329 332/151/331 331/150/330
f 331/150/330 332/151/331 333/152/332
f 332/151/331 334/153/333 333/152/332
f 333/152/332 334/153/333 335/154/334
f 334/153/333 336/155/335 335/154/334
f 335/154/334 336/155/335 337/156/336
f 336/155/335 338/157/337 337/156/336
f 337/156/336 338/157/337 339/158/338
f 338/157/337 340/159/339 339/158/338
f 339/158/338 340/159/339 341/160/340
f 340/159/339 342/161/341 341/160/340
f 341/160/340 342/161/341 343/162/342
f 342/161/341 344/163/342 343/162/342
f 345/257/343 346/258/344 347/259/345
f 346/258/344 348/260/346 347/259/345
f 347/259/345 348/260/346 349/261/347
f 348/260/346 350/262/348 349/261/347
f 349/261/347 350/262/348 351/263/349
f 350/262/348 352/264/350 351/263/349
f 351/263/349 352/264/350 353/230/351
f 352/264/350 354/265/352 353/230/351
f 353/230/351 354/265/352 355/266/353
f 354/265/352 356/267/354 355/266/353
f 355/266/353 356/267/354 357/268/355
f 356/267/354 358/269/356 357/268/355
f 357/268/355 358/269/356 359/222/357
f 358/269/356 360/220/358 359/222/357
f 359/222/357 360/220/358 361/221/359
f 360/220/358 362/219/360 361/221/359
f 361/221/359 362/219/360 103/64/104
f 362/270/360 101/92/102 103/94/104
f 363/143/361 364/146/362 365/145/363
f 365/145/363 364/146/362 366/147/364
f 364/146/362 367/148/365 366/147/364
f 366/147/364 367/148/365 368/149/366
f 367/148/365 369/150/367 368/149/366
f 368/149/366 369/150/367 370/151/368
f 369/150/367 371/152/369 370/151/368
f 370/151/368 371/152/369 372/153/370
f 371/152/369 373/154/371 372/153/370
f 372/153/370 373/154/371 374/155/372
f 373/154/371 375/156/373 374/155/372
f 374/155/372 375/156/373 376/157/374
f 375/156/373 377/158/375 376/157/374
f 376/157/374 377/158/375 378/159/376
f 377/158/375 379/160/377 378/159/376
f 378/159/376 379/160/377 380/161/378
f 379/160/377 381/162/379 380/161/378
f 380/161/378 381/162/379 382/163/379
f 383/237/380 384/239/381 385/238/382
f 384/239/381 386/240/383 385/238/382
f 385/238/382 386/240/383 387/241/384
f 386/240/383 388/242/385 387/241/384
f 387/241/384 388/242/385 389/243/386
f 388/242/385 390/244/387 389/243/386
f 389/243/386 390/244/387 391/245/388
f 390/244/387 392/246/389 391/245/388
f 391/245/388 392/246/389 393/247/390
f 392/246/389 394/248/391 393/247/390
f 393/247/390 394/248/391 395/249/392
f 394/248/391 396/250/393 395/249/392
f 395/249/392 396/250/393 397/251/394
f 396/250/393 398/252/395 397/251/394
f 397/251/394 398/252/395 399/253/396
f 398/252/395 400/254/397 399/253/396
f 399/253/396 400/254/397 401/255/398
f 400/254/397 402/256/398 401/255/398
f 403/143/399 404/146/400 405/145/401
f 405/145/401 404/146/400 406/147/402
f 404/146/400 407/148/403 406/147/402
f 406/147/402 407/148/403 408/149/404
f 407/148/403 409/150/405 408/149/404
f 408/149/404 409/150/405 410/151/406
f 409/150/405 411/152/407 410/151/406
f 410/151/406 411/152/407 412/153/408
f 411/152/407 413/154/409 412/153/408
f 412/153/408 413/154/409 414/155/410
f 413/154/409 415/156/411 414/155/410
f 414/155/410 415/156/411 416/157/412
f 415/156/411 417/158/413 416/157/412
f 416/157/412 417/158/413 418/159/414
f 417/158/413 419/160/415 418/159/414
f 418/159/414 419/160/415 420/161/416
f 419/160/415 421/162/417 420/161/416
f 420/161/416 421/162/417 422/163/417
f 423/145/418 424/146/419 425/143/420
f 425/143/420 424/146/419 426/144/421
f 424/146/419 427/148/422 426/144/421
f 426/144/421 427/148/422 428/271/423
f 427/148/422 429/150/424 428/271/423
f 428/271/423 429/150/424 430/152/425
f 429/150/424 431/153/426 430/152/425
f 430/152/425 431/153/426 432/154/427
f 431/153/426 433/155/428 432/154/427
f 432/154/427 433/155/428 434/156/429
f 433/155/428 435/157/430 434/156/429
f 434/156/429 435/157/430 436/158/431
f 435/157/430 437/159/432 436/158/431
f 436/158/431 437/159/432 438/160/433
f 437/159/432 439/161/434 438/160/433
f 438/160/433 439/161/434 440/162/435
f 439/161/434 441/163/435 440/162/435
f 442/145/436 443/143/437 444/146/438
f 443/143/437 445/144/439 444/146/438
f 444/146/438 445/144/439 446/148/440
f 445/144/439 447/271/441 446/148/440
f 446/148/440 447/271/441 448/150/442
f 447/271/441 449/152/443 448/150/442
f 448/150/442 449/152/443 450/153/444
f 449/152/443 451/154/445 450/153/444
f 450/153/444 451/154/445 452/155/446
f 451/154/445 453/156/447 452/155/446
f 452/155/446 453/156/447 454/157/448
f 453/156/447 455/158/449 454/157/448
f 454/157/448 455/158/449 456/159/450
f 455/158/449 457/160/451 456/159/450
f 456/159/450 457/160/451 458/161/452
f 457/160/451 459/162/453 458/161/452
f 458/161/452 459/162/453 460/163/453
f 284/236/285 461/259/454 462/257/455
f 462/257/455 461/259/454 463/258/456
f 461/259/454 464/260/457 463/258/456
f 463/258/456 464/260/457 465/272/458
f 464/260/457 466/273/459 465/272/458
f 465/272/458 466/273/459 467/274/460
f 466/273/459 468/275/461 467/274/460
f 467/274/460 468/275/461 307/276/462
f 468/275/461 469/277/463 307/276/462
f 307/276/462 469/277/463 305/278/464
f 469/277/463 470/279/465 305/278/464
f 305/278/464 470/279/465 471/280/466
f 470/279/465 472/281/467 471/280/466
f 471/280/466 472/281/467 473/282/468
f 472/281/467 284/283/469 473/282/468
f 473/282/468 284/283/469 462/284/470
f 474/285/471 475/286/472 476/287/473
f 476/287/473 475/286/472 477/288/474
f 475/286/472 478/289/475 477/288/474
f 477/288/474 478/289/475 479/290/476
f 478/291/475 480/292/477 479/293/476
f 479/293/476 480/292/477 481/294/478
f 480/292/477 482/295/479 481/294/478
f 481/294/478 482/295/479 483/296/480
f 482/297/479 484/298/481 483/299/480
f 483/299/480 484/298/481 485/300/482
f 484/301/481 486/302/483 485/303/482
f 485/303/482 486/302/483 487/304/484
f 486/302/483 488/305/485 487/304/484
f 487/306/484 488/307/485 489/308/486
f 488/307/485 490/309/487 489/308/486
f 489/308/486 490/309/487 491/310/488
f 492/311/489 493/312/490 494/313/491
f 494/313/491 493/312/490 495/314/492
f 493/312/490 496/315/493 495/314/492
f 495/314/492 496/315/493 497/316/494
f 496/315/493 498/317/495 497/316/494
f 497/316/494 498/317/495 499/318/496
f 498/317/495 500/319/497 499/318/496
f 499/318/496 500/319/497 501/320/498
f 500/319/497 502/321/499 501/320/498
f 501/320/498 502/321/499 503/322/500
f 502/321/499 504/323/501 503/322/500
f 503/322/500 504/323/501 505/324/502
f 504/323/501 506/325/503 505/324/502
f 505/324/502 506/325/503 507/326/504
f 506/325/503 242/327/241 507/326/504
f 241/328/505 239/329/506 508/330/507
f 239/329/506 509/331/508 508/330/507
f 508/330/507 509/331/508 510/332/509
f 509/331/508 511/333/510 510/332/509
f 510/334/509 511/335/510 512/336/511
f 511/335/510 513/337/512 512/336/511
f 512/336/511 513/337/512 514/338/513
f 513/337/512 515/339/514 514/338/513
f 514/338/513 515/339/514 516/340/515
f 515/339/514 517/341/516 516/340/515
f 516/340/515 517/341/516 518/342/517
f 517/341/516 519/343/518 518/342/517
f 518/342/517 519/343/518 520/344/519
f 519/345/518 521/346/520 520/347/519
f 520/344/519 521/348/520 522/349/521
f 523/349/522 524/348/523 525/344/524
f 524/346/523 526/345/525 525/347/524
f 525/344/524 526/343/525 527/342/526
f 526/343/525 517/341/516 527/342/526
f 527/342/526 517/341/516 528/340/527
f 517/341/516 515/339/514 528/340/527
f 528/340/527 515/339/514 529/338/528
f 515/339/514 513/337/512 529/338/528
f 529/338/528 513/337/512 530/336/529
f 513/337/512 511/335/510 530/336/529
f 530/336/529 511/335/510 531/334/530
f 511/333/510 509/331/508 531/332/530
f 531/332/530 509/331/508 532/330/531
f 509/331/508 533/329/532 532/330/531
f 532/350/531 533/351/532 534/352/533
f 535/353/534 536/354/535 537/355/536
f 537/355/536 536/354/535 538/356/537
f 536/354/535 539/357/538 538/356/537
f 538/356/537 539/357/538 540/358/539
f 539/357/538 541/359/540 540/358/539
f 540/358/539 541/359/540 542/360/541
f 541/359/540 543/361/542 542/360/541
f 542/360/541 543/361/542 544/362/543
f 543/361/542 545/360/544 544/362/543
f 544/362/543 545/360/544 546/363/545
f 545/360/544 547/364/546 546/363/545
f 546/363/545 547/364/546 548/365/547
f 547/364/546 549/366/548 548/365/547
f 548/365/547 549/366/548 550/367/549
f 551/236/550 552/234/551 83/235/552
f 83/235/552 552/234/551 84/233/553
f 552/234/551 553/232/554 84/233/553
f 84/233/553 553/232/554 554/231/555
f 553/232/554 353/230/351 554/231/555
f 554/231/555 353/230/351 555/229/556
f 353/230/351 556/228/557 555/229/556
f 555/229/556 556/228/557 557/227/558
f 556/228/557 558/226/559 557/227/558
f 557/227/558 558/226/559 559/225/560
f 558/226/559 560/224/561 559/225/560
f 559/225/560 560/224/561 561/223/562
f 560/224/561 359/222/357 561/223/562
f 561/223/562 359/222/357 361/221/359
f 562/368/563 563/369/564 564/366/565
f 564/366/565 563/369/564 565/364/566
f 563/369/564 542/360/541 565/364/566
f 565/364/566 542/360/541 566/363/567
f 542/360/541 544/362/543 566/363/567
f 566/363/567 544/362/543 567/370/568
f 544/362/543 546/363/545 567/370/568
f 567/370/568 546/363/545 568/371/569
f 546/363/545 569/372/570 568/371/569
f 568/371/569 569/372/570 570/373/571
f 569/372/570 548/365/547 570/373/571
f 570/373/571 548/365/547 571/374/572
f 548/365/547 550/367/549 571/374/573
f 183/375/574 181/376/575 285/377/576
f 285/377/576 181/376/575 572/378/577
f 181/376/575 573/379/578 572/378/577
f 572/378/577 573/379/578 311/243/311
f 573/379/578 574/380/579 311/243/311
f 311/243/311 574/380/579 313/245/313
f 574/380/579 575/381/580 313/245/313
f 313/245/313 575/381/580 315/247/315
f 575/381/580 576/382/581 315/247/315
f 315/247/315 576/382/581 577/383/582
f 576/382/581 578/384/583 577/383/582
f 577/383/582 578/384/583 324/385/584
f 578/384/583 322/386/585 324/385/584
f 425/387/586 572/378/577 423/388/587
f 423/388/587 572/378/577 579/389/588
f 572/378/577 309/241/309 579/389/588
f 579/389/588 309/241/309 580/390/589
f 309/241/309 306/238/306 580/390/589
f 580/390/589 306/238/306 581/391/590
f 306/238/306 582/392/591 581/391/590
f 581/391/590 582/392/591 583/393/592
f 582/392/591 584/394/593 583/393/592
f 583/393/592 584/394/593 585/395/594
f 584/394/593 462/396/595 585/395/594
f 585/395/594 462/396/595 586/397/596
f 462/396/595 463/398/597 586/397/596
f 400/386/598 587/384/599 402/385/600
f 402/385/600 587/384/599 588/383/601
f 587/384/599 589/382/602 588/383/601
f 588/383/601 589/382/602 393/247/390
f 589/382/602 590/381/603 393/247/390
f 393/247/390 590/381/603 391/245/388
f 590/381/603 591/380/604 391/245/388
f 391/245/388 591/380/604 389/243/386
f 591/380/604 592/379/605 389/243/386
f 389/243/386 592/379/605 593/378/606
f 592/379/605 203/376/607 593/378/606
f 593/378/606 203/376/607 403/377/608
f 203/376/607 205/375/609 403/377/608
f 346/258/344 594/272/610 348/260/346
f 348/260/346 594/272/610 595/273/611
f 594/272/610 596/274/612 595/273/611
f 595/273/611 596/274/612 597/275/613
f 596/274/612 384/276/614 597/275/613
f 597/275/613 384/276/614 598/277/615
f 384/276/614 383/278/616 598/277/615
f 598/277/615 383/278/616 599/279/617
f 383/278/616 600/280/618 599/279/617
f 599/279/617 600/280/618 601/281/619
f 600/280/618 602/282/620 601/281/619
f 601/281/619 602/282/620 551/283/621
f 602/282/620 345/284/622 551/283/621
f 346/398/623 345/396/624 603/397/625
f 603/397/625 345/396/624 604/395/626
f 345/396/624 605/394/627 604/395/626
f 604/395/626 605/394/627 606/393/628
f 605/394/627 607/392/629 606/393/628
f 606/393/628 607/392/629 608/391/630
f 607/392/629 385/238/382 608/391/630
f 608/391/630 385/238/382 609/390/631
f 385/238/382 387/241/384 609/390/631
f 609/390/631 387/241/384 610/389/632
f 387/241/384 593/378/606 610/389/632
f 610/389/632 593/378/606 442/388/633
f 593/378/606 443/387/634 442/388/633
f 611/399/635 612/400/636 613/401/637
f 613/401/637 612/400/636 614/402/638
f 612/400/636 615/403/639 614/402/638
f 614/402/638 615/403/639 616/404/640
f 615/405/639 617/406/641 616/407/640
f 616/407/640 617/406/641 618/408/642
f 617/406/641 619/409/643 618/408/642
f 618/408/642 619/409/643 620/410/644
f 619/409/643 621/411/645 620/410/644
f 620/410/644 621/411/645 622/412/646
f 621/411/645 623/413/647 622/412/646
f 622/412/646 623/413/647 570/411/648
f 624/414/649 625/415/650 626/416/651
f 626/416/651 625/415/650 627/414/652
f 625/417/650 628/400/653 627/418/652
f 627/418/652 628/400/653 629/403/654
f 628/400/653 630/402/655 629/403/654
f 629/403/654 630/402/655 631/404/656
f 630/402/655 632/419/657 631/404/656
f 631/407/656 632/420/657 633/421/658
f 632/419/657 634/422/659 633/423/658
f 633/423/658 634/422/659 635/419/660
f 634/422/659 636/424/661 635/419/660
f 635/419/660 636/424/661 637/425/662
f 516/426/663 638/427/664 514/428/665
f 514/428/665 638/427/664 639/429/666
f 638/427/664 640/430/667 639/429/666
f 639/429/666 640/430/667 641/431/668
f 640/430/667 642/432/669 641/431/668
f 641/431/668 642/432/669 643/433/670
f 642/432/669 644/434/671 643/433/670
f 643/433/670 644/434/671 645/435/672
f 644/434/671 646/436/673 645/435/672
f 645/435/672 646/436/673 647/437/674
f 646/436/673 648/438/675 647/437/674
f 647/437/674 648/438/675 649/439/676
f 423/145/418 650/147/677 424/146/419
f 424/146/419 650/147/677 427/148/422
f 650/147/677 651/149/678 427/148/422
f 427/148/422 651/149/678 429/150/424
f 651/149/678 652/151/679 429/150/424
f 429/150/424 652/151/679 431/153/426
f 652/151/679 653/440/680 431/153/426
f 431/153/426 653/440/680 654/441/681
f 653/440/680 441/442/682 654/441/681
f 654/441/681 441/442/682 433/155/428
f 441/442/682 439/161/434 433/155/428
f 433/155/428 439/161/434 437/159/432
f 456/159/450 458/161/452 452/155/446
f 458/161/452 460/442/683 452/155/446
f 452/155/446 460/442/683 655/441/684
f 460/442/683 656/440/685 655/441/684
f 655/441/684 656/440/685 450/153/444
f 656/440/685 657/151/686 450/153/444
f 450/153/444 657/151/686 448/150/442
f 657/151/686 658/149/687 448/150/442
f 448/150/442 658/149/687 446/148/440
f 658/149/687 659/147/688 446/148/440
f 446/148/440 659/147/688 444/146/438
f 659/147/688 442/145/436 444/146/438
f 660/439/689 661/438/690 662/437/691
f 661/438/690 663/436/692 662/437/691
f 662/437/691 663/436/692 664/435/693
f 663/436/692 665/434/694 664/435/693
f 664/435/693 665/434/694 666/433/695
f 665/434/694 667/432/696 666/433/695
f 666/433/695 667/432/696 668/431/697
f 667/432/696 669/430/698 668/431/697
f 668/431/697 669/430/698 670/429/699
f 669/430/698 671/427/700 670/429/699
f 670/429/699 671/427/700 529/428/701
f 671/427/700 528/426/702 529/428/701
f 270/220/269 672/269/703 272/222/271
f 272/222/271 672/269/703 673/268/704
f 672/269/703 674/267/705 673/268/704
f 673/268/704 674/267/705 675/266/706
f 674/267/705 676/265/707 675/266/706
f 675/266/706 676/265/707 280/230/279
f 676/265/707 677/264/708 280/230/279
f 280/230/279 677/264/708 678/263/709
f 677/264/708 679/262/710 678/263/709
f 678/263/709 679/262/710 680/261/711
f 679/262/710 464/260/457 680/261/711
f 680/261/711 464/260/457 461/259/454
f 681/203/712 682/443/713 683/205/714
f 682/443/713 684/444/715 683/205/714
f 683/205/714 684/444/715 685/206/716
f 684/444/715 637/207/717 685/206/716
f 685/206/716 637/207/717 686/116/718
f 637/207/717 636/114/719 686/116/718
f 686/116/718 636/114/719 687/115/720
f 636/114/719 688/113/721 687/115/720
f 687/115/720 688/113/721 689/111/722
f 688/113/721 122/112/123 689/111/722
f 689/111/722 122/112/123 120/110/121
f 686/445/723 690/446/724 685/447/725
f 685/447/725 690/446/724 683/448/726
f 690/446/724 691/449/727 683/448/726
f 683/448/726 691/449/727 681/450/728
f 691/449/727 692/451/729 681/450/728
f 681/450/728 692/451/729 693/452/730
f 692/451/729 694/453/731 693/452/730
f 693/452/730 694/453/731 695/454/732
f 694/453/731 8/8/8 695/454/732
f 695/454/732 8/8/8 4/4/4
f 8/8/8 6/6/6 4/4/4
f 474/285/471 696/455/733 475/286/472
f 475/286/472 696/455/733 478/289/475
f 696/455/733 697/456/734 478/289/475
f 478/291/475 697/457/734 480/292/477
f 697/456/734 698/458/735 480/459/477
f 480/459/477 698/458/735 699/460/736
f 698/458/735 534/461/737 699/460/736
f 699/462/736 534/463/737 700/464/738
f 534/463/737 533/465/739 700/464/738
f 700/466/738 533/467/739 701/468/740
f 178/469/741 702/470/742 703/471/743
f 703/471/743 702/470/742 704/472/744
f 702/470/742 705/473/745 704/472/744
f 704/472/744 705/473/745 706/474/746
f 705/473/745 707/475/747 706/474/746
f 706/474/746 707/475/747 583/393/592
f 707/475/747 708/476/748 583/393/592
f 583/393/592 708/476/748 709/477/749
f 708/476/748 328/478/750 709/477/749
f 709/477/749 328/478/750 326/479/751
f 365/479/752 366/478/753 710/477/754
f 366/478/753 711/476/755 710/477/754
f 710/477/754 711/476/755 606/393/628
f 711/476/755 712/475/756 606/393/628
f 606/393/628 712/475/756 713/474/757
f 712/475/756 714/473/758 713/474/757
f 713/474/757 714/473/758 715/472/759
f 714/473/758 716/470/760 715/472/759
f 715/472/759 716/470/760 717/471/761
f 716/470/760 200/469/762 717/471/761
f 64/66/64 269/219/268 62/64/62
f 269/219/268 271/221/270 62/64/62
f 62/64/62 271/221/270 718/480/763
f 271/221/270 273/223/272 718/480/763
f 718/480/763 273/223/272 58/60/58
f 273/223/272 275/225/274 58/60/58
f 58/60/58 275/225/274 56/58/56
f 275/225/274 277/227/276 56/58/56
f 56/481/56 277/482/276 719/483/764
f 277/227/276 720/484/765 719/485/764
f 236/182/235 721/486/766 234/180/233
f 234/180/233 721/486/766 232/178/231
f 721/486/766 722/487/767 232/178/231
f 232/178/231 722/487/767 723/488/768
f 722/487/767 724/489/769 723/488/768
f 723/490/768 724/491/769 725/492/770
f 724/491/769 726/493/771 725/492/770
f 725/494/770 726/495/771 500/319/497
f 726/495/771 502/321/499 500/319/497
f 494/496/772 495/497/773 243/498/774
f 495/497/773 727/499/775 243/498/774
f 243/498/774 727/499/775 728/500/776
f 727/499/775 499/501/777 728/500/776
f 728/500/776 499/501/777 1/502/778
f 499/501/777 501/503/779 1/502/778
f 1/502/778 501/503/779 2/504/780
f 501/503/779 729/505/781 2/504/780
f 2/504/780 729/505/781 730/506/782
f 684/507/783 614/402/638 637/425/662
f 637/425/662 614/402/638 635/419/660
f 614/402/638 616/404/640 635/419/660
f 635/420/660 616/407/640 633/421/658
f 616/407/640 731/508/784 633/421/658
f 633/421/658 731/508/784 631/407/656
f 731/508/784 732/408/785 631/407/656
f 631/407/656 732/408/785 733/406/786
f 732/408/785 734/409/787 733/406/786
f 636/424/661 634/422/659 122/509/788
f 122/509/788 634/422/659 124/424/789
f 634/422/659 632/419/657 124/424/789
f 124/424/789 632/419/657 257/425/790
f 632/419/657 630/402/655 257/425/790
f 257/425/790 630/402/655 735/507/791
f 630/402/655 736/401/792 735/507/791
f 735/507/791 736/401/792 737/510/793
f 736/401/792 738/511/794 737/510/793
f 739/512/795 740/513/796 741/514/797
f 741/515/797 740/516/796 241/517/798
f 740/516/796 742/518/799 241/517/798
f 241/517/798 742/518/799 242/519/800
f 742/518/799 743/520/801 242/519/800
f 242/521/800 743/522/801 744/523/802
f 743/522/801 745/524/803 744/523/802
f 744/523/802 745/524/803 729/525/804
f 745/524/803 746/526/805 729/525/804
f 719/527/806 720/528/807 67/69/68
f 67/69/68 720/528/807 69/71/70
f 720/528/807 747/529/808 69/71/70
f 69/71/70 747/529/808 748/530/809
f 747/529/808 81/83/82 748/530/809
f 748/530/809 81/83/82 749/531/810
f 81/83/82 750/532/811 749/531/810
f 749/531/810 750/532/811 77/79/78
f 750/532/811 79/81/80 77/79/78
f 299/158/300 290/533/812 297/156/298
f 297/156/298 290/533/812 751/534/813
f 290/533/812 752/535/814 751/534/813
f 751/534/813 752/535/814 295/154/296
f 752/535/814 183/142/815 295/154/296
f 295/154/296 183/142/815 753/271/816
f 183/142/815 754/144/817 753/271/816
f 753/271/816 754/144/817 289/148/290
f 754/144/817 287/146/288 289/148/290
f 339/158/338 330/533/818 337/156/336
f 337/156/336 330/533/818 755/534/819
f 330/533/818 756/535/820 755/534/819
f 755/534/819 756/535/820 335/154/334
f 756/535/820 650/142/821 335/154/334
f 335/154/334 650/142/821 757/271/822
f 650/142/821 758/144/823 757/271/822
f 757/271/822 758/144/823 329/148/328
f 758/144/823 327/146/326 329/148/328
f 465/536/824 759/537/825 463/538/826
f 463/538/826 759/537/825 586/539/827
f 759/537/825 760/540/828 586/539/827
f 586/539/827 760/540/828 761/541/829
f 760/540/828 762/542/830 761/541/829
f 761/541/829 762/542/830 763/543/831
f 762/542/830 764/544/832 763/543/831
f 763/543/831 764/544/832 575/545/833
f 764/544/832 576/546/834 575/545/833
f 86/81/87 765/532/835 88/79/89
f 88/79/89 765/532/835 766/531/836
f 765/532/835 84/83/85 766/531/836
f 766/531/836 84/83/85 767/530/837
f 84/83/85 768/529/838 767/530/837
f 767/530/837 768/529/838 96/71/97
f 768/529/838 769/528/839 96/71/97
f 96/71/97 769/528/839 98/69/99
f 769/547/839 770/548/840 98/85/99
f 594/536/841 346/538/842 771/537/843
f 346/538/842 603/539/844 771/537/843
f 771/537/843 603/539/844 772/540/845
f 603/539/844 773/541/846 772/540/845
f 772/540/845 773/541/846 774/542/847
f 773/541/846 775/543/848 774/542/847
f 774/542/847 775/543/848 776/544/849
f 775/543/848 590/545/850 776/544/849
f 776/544/849 590/545/850 589/546/851
f 377/158/375 375/156/373 368/533/852
f 375/156/373 777/534/411 368/533/852
f 368/533/852 777/534/411 778/535/853
f 777/534/411 373/154/371 778/535/853
f 778/535/853 373/154/371 659/142/854
f 373/154/371 779/271/855 659/142/854
f 659/142/854 779/271/855 780/144/856
f 779/271/855 367/148/365 780/144/856
f 780/144/856 367/148/365 364/146/362
f 417/158/413 415/156/411 408/533/857
f 415/156/411 781/534/858 408/533/857
f 408/533/857 781/534/858 782/535/859
f 781/534/858 413/154/409 782/535/859
f 782/535/859 413/154/409 205/142/860
f 413/154/409 783/271/861 205/142/860
f 205/142/860 783/271/861 784/144/862
f 783/271/861 407/148/403 784/144/862
f 784/144/862 407/148/403 404/146/400
f 785/526/863 786/524/864 787/525/865
f 787/525/865 786/524/864 788/523/866
f 786/524/864 789/522/867 788/523/866
f 788/523/866 789/522/867 698/521/868
f 789/520/867 790/518/869 698/519/868
f 698/519/868 790/518/869 534/517/870
f 790/518/869 791/516/871 534/517/870
f 534/549/870 791/513/871 792/514/872
f 791/513/871 793/512/873 792/514/872
f 222/550/874 794/551/875 795/552/876
f 794/551/875 796/553/877 795/552/876
f 795/552/876 796/553/877 797/554/878
f 796/553/877 798/555/879 797/554/878
f 797/554/878 798/555/879 799/556/880
f 798/555/879 494/557/881 799/556/880
f 799/556/880 494/557/881 227/558/882
f 494/557/881 229/559/883 227/558/882
f 521/560/884 800/561/885 522/562/886
f 522/562/886 800/561/885 611/563/887
f 800/561/885 523/562/888 611/563/887
f 611/563/887 523/562/888 736/564/889
f 523/562/888 801/565/890 736/564/889
f 736/564/889 801/565/890 662/566/891
f 801/565/890 802/567/892 662/566/891
f 662/566/891 802/567/892 660/568/893
f 194/158/194 185/533/894 192/156/192
f 192/156/192 185/533/894 803/534/895
f 185/533/894 804/535/896 803/534/895
f 803/534/895 804/535/896 190/154/190
f 804/535/896 178/142/178 190/154/190
f 190/154/190 178/142/178 805/271/897
f 178/142/178 180/144/180 805/271/897
f 805/271/897 180/144/180 182/146/182
f 467/569/898 310/242/310 465/536/824
f 465/536/824 310/242/310 759/537/825
f 310/242/310 312/244/312 759/537/825
f 759/537/825 312/244/312 760/540/828
f 312/244/312 314/246/314 760/540/828
f 760/540/828 314/246/314 762/542/830
f 314/246/314 316/248/316 762/542/830
f 762/542/830 316/248/316 318/250/318
f 149/135/150 148/134/149 806/570/899
f 806/570/899 148/134/149 807/571/900
f 148/134/149 147/133/148 807/571/900
f 807/571/900 147/133/148 808/134/901
f 147/133/148 145/124/146 808/134/901
f 808/134/901 145/124/146 809/125/902
f 145/124/146 143/126/144 809/125/902
f 809/125/902 143/126/144 141/127/142
f 137/127/138 150/136/151 139/129/140
f 139/129/140 150/136/151 810/572/903
f 150/136/151 152/138/153 810/572/903
f 810/572/903 152/138/153 811/573/904
f 152/138/153 154/140/155 811/573/904
f 811/573/904 154/140/155 812/574/905
f 154/140/155 813/575/906 812/574/905
f 812/574/905 813/575/906 814/576/907
f 159/127/160 161/129/162 172/136/172
f 161/129/162 815/572/908 172/136/172
f 172/136/172 815/572/908 174/138/174
f 815/572/908 816/573/909 174/138/174
f 174/138/174 816/573/909 176/140/176
f 816/573/909 817/574/910 176/140/176
f 176/140/176 817/574/910 818/575/911
f 817/574/910 819/576/912 818/575/911
f 163/127/164 165/126/166 820/125/913
f 165/126/166 167/124/168 820/125/913
f 820/125/913 167/124/168 821/134/914
f 167/124/168 169/133/148 821/134/914
f 821/134/914 169/133/148 822/571/900
f 169/133/148 170/134/170 822/571/900
f 822/571/900 170/134/170 823/570/915
f 170/134/170 171/135/171 823/570/915
f 400/254/397 398/252/395 587/577/916
f 587/577/916 398/252/395 589/546/851
f 398/252/395 824/578/917 589/546/851
f 589/546/851 824/578/917 776/544/849
f 824/578/917 396/250/393 776/544/849
f 776/544/849 396/250/393 774/542/847
f 396/250/393 394/248/391 774/542/847
f 774/542/847 394/248/391 392/246/389
f 216/158/215 214/156/213 207/533/918
f 214/156/213 825/534/919 207/533/918
f 207/533/918 825/534/919 826/535/920
f 825/534/919 212/154/211 826/535/920
f 826/535/920 212/154/211 200/142/199
f 212/154/211 827/271/921 200/142/199
f 200/142/199 827/271/921 201/144/200
f 827/271/921 204/146/203 201/144/200
f 125/115/126 127/117/128 121/111/122
f 127/117/128 129/119/130 121/111/122
f 121/111/122 129/119/130 119/109/120
f 129/119/130 828/579/922 119/109/120
f 119/109/120 828/579/922 117/107/118
f 828/579/922 829/580/923 117/107/118
f 117/107/118 829/580/923 24/24/24
f 829/580/923 26/26/26 24/24/24
f 830/581/924 737/582/925 831/583/926
f 737/582/925 832/584/927 831/583/926
f 831/583/926 832/584/927 830/581/924
f 832/584/927 833/585/928 830/581/924
f 830/581/924 833/585/928 834/586/929
f 833/585/928 835/587/930 834/586/929
f 834/586/929 835/587/930 836/588/931
f 835/587/930 837/589/932 836/588/931
f 488/590/933 838/591/934 490/592/935
f 490/592/935 838/591/934 491/593/936
f 838/591/934 839/594/937 491/593/936
f 491/593/936 839/594/937 476/595/938
f 839/594/937 840/596/939 476/595/938
f 476/595/938 840/596/939 787/597/940
f 840/596/939 841/598/941 787/597/940
f 787/597/940 841/598/941 836/599/942
f 842/600/943 843/601/944 844/602/945
f 843/601/944 845/600/946 844/602/945
f 844/602/945 845/600/946 144/131/145
f 845/600/946 846/603/947 144/131/145
f 144/131/145 846/603/947 142/128/143
f 846/603/947 847/604/948 142/128/143
f 142/128/143 847/604/948 140/130/141
f 847/604/948 138/128/139 140/130/141
f 848/600/943 849/601/944 850/602/949
f 849/601/944 851/600/946 850/602/949
f 850/602/949 851/600/946 852/131/950
f 851/600/946 853/603/947 852/131/950
f 852/131/950 853/603/947 160/128/161
f 853/603/947 854/604/948 160/128/161
f 160/128/161 854/604/948 162/130/163
f 854/604/948 164/128/165 162/130/163
f 769/484/951 557/227/558 770/485/952
f 770/605/952 557/606/558 109/607/110
f 557/227/558 559/225/560 109/58/110
f 109/58/110 559/225/560 107/60/108
f 559/225/560 561/223/562 107/60/108
f 107/60/108 561/223/562 855/480/953
f 561/223/562 361/221/359 855/480/953
f 855/480/953 361/221/359 103/64/104
f 222/164/221 224/166/223 794/608/954
f 794/608/954 224/166/223 796/609/955
f 224/166/223 226/168/225 796/609/955
f 796/609/955 226/168/225 798/610/956
f 226/168/225 228/170/227 798/610/956
f 798/610/956 228/170/227 492/611/957
f 228/172/227 230/174/229 492/612/957
f 496/613/958 230/614/959 856/615/960
f 230/616/959 723/617/961 856/618/960
f 856/618/960 723/617/961 857/619/962
f 723/617/961 858/620/963 857/619/962
f 857/621/962 858/622/963 859/623/964
f 858/622/963 860/624/965 859/623/964
f 859/623/964 860/624/965 861/625/966
f 616/407/640 618/408/642 731/508/784
f 618/408/642 862/626/967 731/508/784
f 731/508/784 862/626/967 732/408/785
f 862/626/967 863/410/968 732/408/785
f 732/408/785 863/410/968 734/409/787
f 863/410/968 570/411/648 734/409/787
f 734/409/787 570/411/648 571/627/969
f 642/432/669 640/430/667 864/628/970
f 640/430/667 518/629/971 864/628/970
f 864/628/970 518/629/971 865/630/972
f 518/629/971 866/631/973 865/630/972
f 865/632/972 866/633/973 867/634/974
f 866/633/973 868/635/975 867/634/974
f 867/634/974 868/635/975 869/636/976
f 1/637/1 3/638/3 728/639/977
f 3/638/3 5/640/5 728/639/977
f 728/639/977 5/640/5 243/191/242
f 5/5/5 7/7/7 243/641/242
f 243/191/242 7/642/7 244/192/243
f 7/7/7 46/46/46 244/643/243
f 244/643/243 46/46/46 44/44/44
f 870/582/978 871/583/979 872/584/980
f 871/583/979 682/581/981 872/584/980
f 872/584/980 682/581/981 873/585/982
f 682/581/981 874/586/983 873/585/982
f 873/585/982 874/586/983 875/587/984
f 874/586/983 876/588/985 875/587/984
f 875/587/984 876/588/985 877/589/986
f 290/149/291 299/644/987 292/151/293
f 299/644/987 878/440/988 292/151/293
f 292/151/293 878/440/988 294/153/295
f 878/440/988 879/441/989 294/153/295
f 294/153/295 879/441/989 296/155/297
f 879/441/989 304/442/990 296/155/297
f 296/155/297 304/442/990 302/161/303
f 426/144/421 428/271/423 288/142/991
f 428/271/423 432/154/427 288/142/991
f 288/142/991 432/154/427 880/535/992
f 432/154/427 881/534/993 880/535/992
f 880/535/992 881/534/993 651/533/994
f 881/534/993 434/156/429 651/533/994
f 651/533/994 434/156/429 436/158/431
f 185/149/185 194/644/995 187/151/187
f 194/644/995 882/440/996 187/151/187
f 187/151/187 882/440/996 189/153/189
f 882/440/996 883/441/997 189/153/189
f 189/153/189 883/441/997 191/155/191
f 883/441/997 199/442/998 191/155/191
f 191/155/191 199/442/998 197/161/197
f 330/149/329 339/644/999 332/151/331
f 339/644/999 884/440/1000 332/151/331
f 332/151/331 884/440/1000 334/153/333
f 884/440/1000 885/441/1001 334/153/333
f 334/153/333 885/441/1001 336/155/335
f 885/441/1001 344/442/1002 336/155/335
f 336/155/335 344/442/1002 342/161/341
f 886/645/1003 887/646/1004 151/647/1005
f 887/646/1004 888/648/1006 151/647/1005
f 151/647/1005 888/648/1006 153/649/1007
f 888/648/1006 889/650/1007 153/649/1007
f 153/649/1007 889/650/1007 890/651/1007
f 889/650/1007 814/652/1007 890/651/1007
f 890/651/1007 814/652/1007 813/653/1007
f 810/572/903 891/136/1008 141/127/142
f 891/136/1008 887/654/1009 141/127/142
f 141/127/142 887/654/1009 809/125/902
f 887/654/1009 886/135/1010 809/125/902
f 809/125/902 886/135/1010 808/134/901
f 886/135/1010 892/570/1011 808/134/901
f 808/134/901 892/570/1011 807/571/900
f 815/572/908 163/127/164 893/136/1012
f 893/136/1012 163/127/164 894/654/1013
f 163/127/164 820/125/913 894/654/1013
f 894/654/1013 820/125/913 895/135/1014
f 820/125/913 821/134/914 895/135/1014
f 895/135/1014 821/134/914 896/570/1015
f 821/134/914 822/571/900 896/570/1015
f 895/645/1016 173/647/1017 894/646/1018
f 894/646/1018 173/647/1017 897/648/1019
f 173/647/1017 175/649/1007 897/648/1019
f 897/648/1019 175/649/1007 898/650/1007
f 175/649/1007 899/651/1007 898/650/1007
f 898/650/1007 899/651/1007 819/652/1007
f 899/651/1007 818/653/1007 819/652/1007
f 380/161/378 382/442/1020 374/155/372
f 382/442/1020 900/441/1021 374/155/372
f 374/155/372 900/441/1021 372/153/370
f 900/441/1021 901/440/1022 372/153/370
f 372/153/370 901/440/1022 370/151/368
f 901/440/1022 377/644/1023 370/151/368
f 370/151/368 377/644/1023 368/149/366
f 219/161/218 221/442/1024 213/155/212
f 221/442/1024 902/441/1025 213/155/212
f 213/155/212 902/441/1025 211/153/210
f 902/441/1025 903/440/1026 211/153/210
f 211/153/210 903/440/1026 209/151/208
f 903/440/1026 216/644/1027 209/151/208
f 209/151/208 216/644/1027 207/149/206
f 455/158/449 453/156/447 658/533/1028
f 453/156/447 904/534/1029 658/533/1028
f 658/533/1028 904/534/1029 905/535/1030
f 904/534/1029 451/154/445 905/535/1030
f 905/535/1030 451/154/445 406/142/1031
f 451/154/445 447/271/441 406/142/1031
f 406/142/1031 447/271/441 445/144/439
f 420/161/416 422/442/1032 414/155/410
f 422/442/1032 906/441/1033 414/155/410
f 414/155/410 906/441/1033 412/153/408
f 906/441/1033 907/440/1034 412/153/408
f 412/153/408 907/440/1034 410/151/406
f 907/440/1034 417/644/1035 410/151/406
f 410/151/406 417/644/1035 408/149/404
f 908/353/1036 909/355/1037 910/354/1038
f 909/355/1037 911/356/1039 910/354/1038
f 910/354/1038 911/356/1039 912/357/1040
f 911/356/1039 913/358/1041 912/357/1040
f 912/357/1040 913/358/1041 914/359/1042
f 913/358/1041 545/360/544 914/359/1042
f 914/359/1042 545/360/544 543/361/542
f 915/636/1043 916/635/1044 917/634/1045
f 916/635/1044 918/633/1046 917/634/1045
f 917/634/1045 918/633/1046 919/632/1047
f 918/631/1046 527/629/1048 919/630/1047
f 919/630/1047 527/629/1048 920/628/1049
f 527/629/1048 669/430/698 920/628/1049
f 920/628/1049 669/430/698 667/432/696
f 82/84/83 284/283/469 80/82/81
f 284/283/469 472/281/467 80/82/81
f 80/82/81 472/281/467 921/655/1050
f 472/281/467 470/279/465 921/655/1050
f 921/655/1050 470/279/465 922/656/1051
f 470/279/465 469/277/463 922/656/1051
f 922/656/1051 469/277/463 468/275/461
f 597/275/613 598/277/615 923/656/1052
f 598/277/615 599/279/617 923/656/1052
f 923/656/1052 599/279/617 924/655/1053
f 599/279/617 601/281/619 924/655/1053
f 924/655/1053 601/281/619 85/82/86
f 601/281/619 551/283/621 85/82/86
f 85/82/86 551/283/621 83/84/84
f 236/182/235 238/184/237 721/486/766
f 721/486/766 238/184/237 925/657/1054
f 238/184/237 240/186/239 925/657/1054
f 925/658/1054 240/188/239 726/493/771
f 240/188/239 506/659/503 726/493/771
f 726/495/771 506/325/503 504/323/501
f 229/173/228 486/660/1055 231/175/230
f 486/661/1055 484/662/1056 231/177/230
f 231/177/230 484/662/1056 233/179/232
f 484/662/1056 701/663/1057 233/179/232
f 233/179/232 701/663/1057 235/181/234
f 701/663/1057 237/183/236 235/181/234
f 615/403/639 612/400/636 624/418/649
f 624/418/649 612/400/636 625/417/650
f 612/400/636 611/399/635 625/417/650
f 625/417/650 611/399/635 628/400/653
f 611/399/635 736/401/792 628/400/653
f 628/400/653 736/401/792 630/402/655
f 567/370/568 568/371/569 566/363/567
f 566/363/567 568/371/569 926/372/1058
f 568/371/569 621/373/1059 926/372/1058
f 926/372/1058 621/373/1059 927/365/1060
f 621/373/1059 928/374/1061 927/365/1060
f 927/365/1060 928/374/1061 929/367/1062
f 739/664/795 930/665/1063 740/516/796
f 740/513/796 930/666/1063 931/667/1064
f 930/666/1063 932/668/1065 931/667/1064
f 931/667/1064 932/668/1065 933/669/1066
f 932/668/1065 934/670/1067 933/669/1066
f 933/669/1066 934/670/1067 935/671/1068
f 522/672/1069 936/673/1070 520/674/1071
f 520/675/1071 936/676/1070 868/677/1072
f 936/676/1070 937/678/1073 868/677/1072
f 868/679/1072 937/680/1073 938/681/1074
f 937/680/1073 939/682/1075 938/681/1074
f 938/681/1074 939/682/1075 642/683/1076
f 940/684/1077 939/565/1078 941/567/1079
f 941/567/1079 939/565/1078 647/566/1080
f 939/565/1078 613/564/1081 647/566/1080
f 647/566/1080 613/564/1081 645/685/1082
f 613/564/1081 875/686/1083 645/685/1082
f 645/685/1082 875/686/1083 877/687/1084
f 23/23/23 942/688/1085 21/21/21
f 21/21/21 942/688/1085 262/212/261
f 942/688/1085 943/689/1086 262/212/261
f 262/212/261 943/689/1086 264/214/263
f 943/689/1086 29/29/29 264/214/263
f 264/214/263 29/29/29 31/31/31
f 686/445/723 944/690/1087 690/446/724
f 690/446/724 944/690/1087 114/104/115
f 944/690/1087 689/691/1088 114/104/115
f 114/104/115 689/691/1088 116/106/117
f 689/691/1088 120/110/121 116/106/117
f 116/106/117 120/110/121 118/108/119
f 10/10/10 694/453/731 12/12/12
f 12/12/12 694/453/731 14/14/14
f 694/453/731 692/451/729 14/14/14
f 14/14/14 692/451/729 16/16/16
f 692/451/729 691/449/727 16/16/16
f 16/16/16 691/449/727 690/446/724
f 68/70/69 70/72/71 672/269/703
f 70/72/71 72/74/73 672/269/703
f 672/269/703 72/74/73 674/267/705
f 72/74/73 74/76/75 674/267/705
f 674/267/705 74/76/75 676/265/707
f 74/76/75 677/264/708 676/265/707
f 322/254/322 578/577/1089 320/252/320
f 578/577/1089 576/546/834 320/252/320
f 320/252/320 576/546/834 945/578/1090
f 576/546/834 764/544/832 945/578/1090
f 945/578/1090 764/544/832 318/250/318
f 764/544/832 762/542/830 318/250/318
f 352/264/350 91/76/92 354/265/352
f 354/265/352 91/76/92 356/267/354
f 91/76/92 93/74/94 356/267/354
f 356/267/354 93/74/94 358/269/356
f 93/74/94 95/72/96 358/269/356
f 358/269/356 95/72/96 97/70/98
f 774/542/847 392/246/389 772/540/845
f 392/246/389 390/244/387 772/540/845
f 772/540/845 390/244/387 771/537/843
f 390/244/387 388/242/385 771/537/843
f 771/537/843 388/242/385 594/536/841
f 388/242/385 596/569/1091 594/536/841
f 40/40/40 38/38/38 252/202/251
f 252/202/251 38/38/38 946/692/1092
f 38/38/38 36/36/36 946/692/1092
f 946/692/1092 36/36/36 947/693/1093
f 36/36/36 34/34/34 947/693/1093
f 947/693/1093 34/34/34 32/32/32
f 41/41/41 43/43/43 948/694/1094
f 43/43/43 45/45/45 948/694/1094
f 948/694/1094 45/45/45 949/695/1095
f 45/45/45 268/218/267 949/695/1095
f 949/695/1095 268/218/267 35/35/35
f 268/218/267 33/33/33 35/35/35
f 133/123/134 132/122/133 32/32/32
f 32/32/32 132/122/133 947/693/1093
f 132/122/133 130/120/131 947/693/1093
f 947/693/1093 130/120/131 946/692/1092
f 130/120/131 128/118/129 946/692/1092
f 946/692/1092 128/118/129 254/204/253
f 251/201/250 840/696/1096 250/200/249
f 250/200/249 840/696/1096 249/199/248
f 840/696/1096 950/697/1097 249/199/248
f 249/199/248 950/697/1097 247/197/246
f 950/698/1097 838/699/1098 247/700/246
f 247/700/246 838/699/1098 246/194/245
f 793/512/873 951/666/1099 952/701/1100
f 952/701/1100 951/666/1099 953/668/1101
f 951/666/1099 954/667/1102 953/668/1101
f 953/668/1101 954/667/1102 955/669/1103
f 954/667/1102 786/524/864 955/669/1103
f 955/669/1103 786/524/864 785/526/863
f 667/683/1104 801/682/1105 956/681/1106
f 801/682/1105 957/680/1107 956/681/1106
f 956/681/1106 957/680/1107 916/679/1108
f 957/678/1107 958/676/1109 916/677/1108
f 916/677/1108 958/676/1109 525/675/1110
f 958/673/1109 523/672/1111 525/674/1110
f 69/71/70 748/530/809 71/73/72
f 748/530/809 749/531/810 71/73/72
f 71/73/72 749/531/810 959/702/1112
f 749/531/810 77/79/78 959/702/1112
f 959/702/1112 77/79/78 73/75/74
f 77/79/78 75/77/76 73/75/74
f 464/260/457 679/262/710 466/273/459
f 466/273/459 679/262/710 960/703/1113
f 679/262/710 74/76/75 960/703/1113
f 960/703/1113 74/76/75 922/656/1051
f 74/76/75 76/78/77 922/656/1051
f 922/656/1051 76/78/77 78/80/79
f 87/80/88 89/78/90 923/656/1052
f 89/78/90 91/76/92 923/656/1052
f 923/656/1052 91/76/92 961/703/1114
f 91/76/92 350/262/348 961/703/1114
f 961/703/1114 350/262/348 595/273/611
f 350/262/348 348/260/346 595/273/611
f 90/77/91 88/79/89 92/75/93
f 92/75/93 88/79/89 962/702/1115
f 88/79/89 766/531/836 962/702/1115
f 962/702/1115 766/531/836 94/73/95
f 766/531/836 767/530/837 94/73/95
f 94/73/95 767/530/837 96/71/97
f 963/704/1116 964/705/1117 965/706/1118
f 964/705/1117 966/704/1119 965/706/1118
f 965/706/1118 966/704/1119 967/707/1120
f 966/704/1119 968/708/1121 967/707/1120
f 967/707/1120 968/708/1121 909/709/1122
f 799/556/880 227/558/882 797/554/878
f 227/558/882 225/710/1123 797/554/878
f 797/554/878 225/710/1123 795/552/876
f 225/710/1123 223/711/1124 795/552/876
f 795/552/876 223/711/1124 222/550/874
f 856/618/960 857/619/962 496/712/958
f 496/713/958 857/621/962 969/714/1125
f 857/621/962 859/623/964 969/714/1125
f 969/714/1125 859/623/964 970/715/1126
f 859/623/964 861/625/966 970/715/1126
f 501/503/779 503/716/1127 729/505/781
f 729/505/781 503/716/1127 744/717/1128
f 503/716/1127 971/718/1129 744/717/1128
f 744/717/1128 971/718/1129 507/719/1130
f 971/718/1129 972/720/1131 507/719/1130
f 973/721/1132 965/706/1118 974/722/1133
f 974/722/1133 965/706/1118 975/721/1134
f 965/706/1118 967/707/1120 975/721/1134
f 975/721/1134 967/707/1120 908/723/1135
f 967/707/1120 909/709/1122 908/723/1135
f 976/724/1136 977/725/1137 800/726/1138
f 800/726/1138 977/725/1137 978/724/1139
f 977/725/1137 526/345/525 978/724/1139
f 978/724/1139 526/345/525 979/727/1140
f 526/345/525 524/346/523 979/727/1140
f 742/728/799 931/667/1064 743/522/801
f 743/522/801 931/667/1064 745/524/803
f 931/667/1064 933/669/1066 745/524/803
f 745/524/803 933/669/1066 746/526/805
f 933/669/1066 935/671/1068 746/526/805
f 642/729/1141 939/730/1142 980/731/1143
f 939/730/1142 981/732/1144 980/731/1143
f 980/731/1143 981/732/1144 982/733/1145
f 981/732/1144 983/734/1146 982/733/1145
f 982/733/1145 983/734/1146 984/735/1147
f 260/210/259 261/211/260 259/209/258
f 261/211/260 263/213/262 259/209/258
f 259/209/258 263/213/262 985/736/1148
f 263/213/262 266/216/265 985/736/1148
f 985/736/1148 266/216/265 267/217/266
f 183/737/1149 752/738/1150 705/473/745
f 752/738/1150 288/739/1151 705/473/745
f 705/473/745 288/739/1151 707/475/747
f 288/739/1151 880/740/1152 707/475/747
f 707/475/747 880/740/1152 650/741/1153
f 703/471/743 704/472/744 763/742/1154
f 704/472/744 706/474/746 763/742/1154
f 763/742/1154 706/474/746 761/743/1155
f 706/474/746 585/395/594 761/743/1155
f 761/743/1155 585/395/594 586/397/596
f 305/237/305 471/744/1156 306/238/306
f 306/238/306 471/744/1156 582/392/591
f 471/744/1156 473/745/1157 582/392/591
f 582/392/591 473/745/1157 584/394/593
f 473/745/1157 462/396/595 584/394/593
f 144/131/145 146/132/147 844/602/945
f 146/132/147 134/124/135 844/602/945
f 844/602/945 134/124/135 986/131/1158
f 134/124/135 136/126/137 986/131/1158
f 986/131/1158 136/126/137 138/128/139
f 891/746/1159 810/572/903 987/747/1160
f 810/572/903 811/573/904 987/747/1160
f 987/747/1160 811/573/904 988/748/1161
f 811/573/904 812/574/905 988/748/1161
f 988/748/1161 812/574/905 814/576/907
f 160/128/161 157/126/158 852/131/950
f 157/126/158 156/124/157 852/131/950
f 852/131/950 156/124/157 850/602/949
f 156/124/157 168/132/169 850/602/949
f 850/602/949 168/132/169 166/131/167
f 893/746/1162 989/747/1163 815/572/908
f 815/572/908 989/747/1163 816/573/909
f 989/747/1163 990/748/1164 816/573/909
f 816/573/909 990/748/1164 817/574/910
f 990/748/1164 819/576/912 817/574/910
f 603/397/625 604/395/626 773/743/1165
f 604/395/626 713/474/757 773/743/1165
f 773/743/1165 713/474/757 775/742/1166
f 713/474/757 715/472/759 775/742/1166
f 775/742/1166 715/472/759 717/471/761
f 345/396/624 602/745/1167 605/394/627
f 605/394/627 602/745/1167 607/392/629
f 602/745/1167 600/744/1168 607/392/629
f 607/392/629 600/744/1168 385/238/382
f 600/744/1168 383/237/380 385/238/382
f 366/478/753 778/749/1169 711/476/755
f 778/749/1169 659/741/1170 711/476/755
f 711/476/755 659/741/1170 712/475/756
f 659/741/1170 905/740/1171 712/475/756
f 712/475/756 905/740/1171 406/739/1172
f 547/364/546 991/369/1173 549/366/548
f 549/366/548 991/369/1173 992/368/1174
f 991/369/1173 911/356/1039 992/368/1174
f 992/368/1174 911/356/1039 968/750/1175
f 911/356/1039 909/355/1037 968/750/1175
f 667/729/1176 993/731/1177 801/730/1178
f 801/730/1178 993/731/1177 994/732/1179
f 993/731/1177 995/733/1180 994/732/1179
f 994/732/1179 995/733/1180 996/734/1181
f 995/733/1180 997/735/1181 996/734/1181
f 861/751/1182 860/752/1183 970/753/1184
f 860/752/1183 725/754/1185 970/753/1184
f 970/753/1184 725/754/1185 969/755/1186
f 725/754/1185 496/756/1187 969/755/1186
f 542/360/541 563/369/564 540/358/539
f 540/358/539 563/369/564 538/356/537
f 563/369/564 562/368/563 538/356/537
f 538/356/537 562/368/563 998/750/1188
f 514/428/665 639/429/666 512/757/1189
f 512/757/1189 639/429/666 741/758/1190
f 639/429/666 641/431/668 741/758/1190
f 741/758/1190 641/431/668 643/433/670
f 741/759/1191 643/760/1192 739/761/1193
f 739/761/1193 643/760/1192 932/762/1194
f 643/760/1192 935/763/1195 932/762/1194
f 932/762/1194 935/763/1195 934/764/1196
f 730/598/1197 729/597/1198 876/599/1199
f 876/599/1199 729/597/1198 877/765/1200
f 729/597/1198 746/766/1201 877/765/1200
f 877/765/1200 746/766/1201 935/767/1202
f 642/432/669 864/628/970 938/768/1203
f 864/628/970 865/630/972 938/768/1203
f 938/768/1203 865/630/972 868/769/1204
f 865/632/972 869/770/1205 868/771/1204
f 642/432/669 980/768/1206 644/434/671
f 644/434/671 980/768/1206 999/772/1207
f 980/768/1206 1000/773/1208 999/772/1207
f 999/772/1207 1000/773/1208 982/774/1209
f 649/775/1210 648/776/1211 941/777/1212
f 941/777/1212 648/776/1211 940/778/1213
f 648/776/1211 999/779/1214 940/778/1213
f 940/778/1213 999/779/1214 982/780/1215
f 4/4/4 2/2/2 695/454/732
f 695/454/732 2/2/2 693/452/730
f 2/2/2 1001/781/1216 693/452/730
f 693/452/730 1001/781/1216 681/450/728
f 2/782/1217 730/783/1218 1001/784/1219
f 1001/784/1219 730/783/1218 1002/785/1220
f 730/783/1218 876/786/1221 1002/785/1220
f 1002/785/1220 876/786/1221 874/787/1222
f 65/57/1223 52/52/52 67/56/1224
f 52/52/52 54/54/54 67/56/1224
f 67/58/1224 54/788/54 719/485/764
f 54/788/54 56/58/56 719/485/764
f 301/789/1225 303/790/1226 299/644/987
f 299/644/987 303/790/1226 878/440/988
f 303/790/1226 304/442/990 878/440/988
f 878/440/988 304/442/990 879/441/989
f 325/791/1227 579/389/588 326/479/751
f 326/479/751 579/389/588 709/477/749
f 579/389/588 580/390/589 709/477/749
f 709/477/749 580/390/589 581/391/590
f 651/149/678 436/644/1228 652/151/679
f 652/151/679 436/644/1228 653/440/680
f 436/644/1228 440/790/1229 653/440/680
f 653/440/680 440/790/1229 441/442/682
f 196/789/1230 198/790/1231 194/644/995
f 194/644/995 198/790/1231 882/440/996
f 198/790/1231 199/442/998 882/440/996
f 882/440/996 199/442/998 883/441/997
f 341/789/1232 343/790/1233 339/644/999
f 339/644/999 343/790/1233 884/440/1000
f 343/790/1233 344/442/1002 884/440/1000
f 884/440/1000 344/442/1002 885/441/1001
f 321/792/1234 319/251/319 323/793/1235
f 319/251/319 317/249/317 323/793/1235
f 323/793/1235 317/249/317 324/385/584
f 317/249/317 577/383/582 324/385/584
f 280/230/279 678/263/709 282/232/281
f 282/232/281 678/263/709 283/234/283
f 678/263/709 680/261/711 283/234/283
f 283/234/283 680/261/711 461/259/454
f 353/230/351 553/232/554 351/263/349
f 553/232/554 552/234/551 351/263/349
f 351/263/349 552/234/551 349/261/347
f 552/234/551 347/259/345 349/261/347
f 399/792/1236 401/793/1237 397/251/394
f 397/251/394 401/793/1237 395/249/392
f 401/793/1237 402/385/600 395/249/392
f 395/249/392 402/385/600 588/383/601
f 379/789/1238 377/644/1023 381/790/1239
f 377/644/1023 901/440/1022 381/790/1239
f 381/790/1239 901/440/1022 382/442/1020
f 901/440/1022 900/441/1021 382/442/1020
f 218/789/1240 216/644/1027 220/790/1241
f 216/644/1027 903/440/1026 220/790/1241
f 220/790/1241 903/440/1026 221/442/1024
f 903/440/1026 902/441/1025 221/442/1024
f 658/149/687 657/151/686 455/644/1242
f 657/151/686 656/440/685 455/644/1242
f 455/644/1242 656/440/685 459/790/1243
f 656/440/685 460/442/683 459/790/1243
f 659/794/1244 363/791/1245 442/388/633
f 442/388/633 363/791/1245 610/389/632
f 363/791/1245 365/479/752 610/389/632
f 610/389/632 365/479/752 710/477/754
f 419/789/1246 417/644/1035 421/790/1247
f 417/644/1035 907/440/1034 421/790/1247
f 421/790/1247 907/440/1034 422/442/1032
f 907/440/1034 906/441/1033 422/442/1032
f 358/269/356 97/70/98 360/220/358
f 97/70/98 99/68/100 360/220/358
f 360/220/358 99/68/100 362/219/360
f 99/87/100 101/92/102 362/270/360
f 129/119/130 131/121/132 828/579/922
f 828/579/922 131/121/132 829/580/923
f 131/121/132 28/28/28 829/580/923
f 829/580/923 28/28/28 26/26/26
f 109/56/110 111/54/112 770/795/952
f 770/795/952 111/54/112 98/56/1248
f 111/54/112 113/52/114 98/56/1248
f 98/56/1248 113/52/114 100/57/1249
f 253/203/252 255/205/254 830/443/1250
f 830/443/1250 255/205/254 735/444/1251
f 255/205/254 256/206/255 735/444/1251
f 735/444/1251 256/206/255 257/207/256
f 834/787/1252 836/786/1253 1003/785/1254
f 836/786/1253 841/783/1255 1003/785/1254
f 1003/785/1254 841/783/1255 1004/784/1256
f 841/783/1255 840/782/1257 1004/784/1256
f 476/287/473 477/288/474 491/310/488
f 491/310/488 477/288/474 489/308/486
f 477/288/474 479/290/476 489/308/486
f 489/796/486 479/293/476 481/294/478
f 952/797/1258 953/762/1259 793/761/1260
f 793/761/1260 953/762/1259 666/760/1261
f 953/762/1259 1005/763/1262 666/760/1261
f 666/760/1261 1005/763/1262 837/798/1263
f 1006/773/1264 993/768/1265 1007/772/1266
f 993/768/1265 665/434/694 1007/772/1266
f 1007/772/1266 665/434/694 661/438/690
f 665/434/694 663/436/692 661/438/690
f 995/780/1267 1007/779/1268 1008/778/1269
f 1007/779/1268 661/776/1270 1008/778/1269
f 1008/778/1269 661/776/1270 802/777/1271
f 661/776/1270 660/775/1272 802/777/1271
f 915/770/1273 919/632/1047 916/771/1274
f 916/769/1274 919/630/1047 956/768/1275
f 919/630/1047 920/628/1049 956/768/1275
f 956/768/1275 920/628/1049 667/432/696
f 1009/799/1276 1010/800/1277 1011/801/1278
f 1010/800/1277 1012/802/1279 1011/801/1278
f 1011/801/1278 1012/802/1279 697/456/734
f 1012/802/1279 698/458/735 697/456/734
f 1010/803/1280 1009/804/1281 1012/805/1282
f 1012/805/1282 1009/804/1281 788/806/1283
f 1009/804/1281 474/807/1284 788/806/1283
f 788/806/1283 474/807/1284 787/808/1285
f 793/512/873 791/513/871 951/666/1099
f 951/666/1099 791/513/871 954/667/1102
f 791/513/871 790/728/869 954/667/1102
f 954/667/1102 790/728/869 789/522/867
f 666/433/695 668/431/697 792/758/1286
f 668/431/697 670/429/699 792/758/1286
f 792/758/1286 670/429/699 530/757/1287
f 670/429/699 529/428/701 530/757/1287
f 526/343/525 977/809/1137 517/341/516
f 517/341/516 977/809/1137 519/343/518
f 977/725/1137 976/724/1136 519/345/518
f 519/345/518 976/724/1136 1013/727/1288
f 258/208/257 985/736/1148 51/51/51
f 51/51/51 985/736/1148 49/49/49
f 985/736/1148 267/217/266 49/49/49
f 49/49/49 267/217/266 47/47/47
f 277/227/276 279/229/278 720/484/765
f 720/484/765 279/229/278 747/810/1289
f 279/229/278 281/231/280 747/810/1289
f 747/810/1289 281/231/280 81/233/282
f 272/222/271 673/268/704 274/224/273
f 673/268/704 675/266/706 274/224/273
f 274/224/273 675/266/706 276/226/275
f 675/266/706 278/228/277 276/226/275
f 847/604/948 1014/603/1290 138/128/139
f 138/128/139 1014/603/1290 986/131/1158
f 1014/603/1290 842/600/943 986/131/1158
f 986/131/1158 842/600/943 844/602/945
f 854/604/948 1015/603/1290 164/128/165
f 164/128/165 1015/603/1290 166/131/167
f 1015/603/1290 848/600/943 166/131/167
f 166/131/167 848/600/943 850/602/949
f 84/233/553 554/231/555 768/810/1291
f 554/231/555 555/229/556 768/810/1291
f 768/810/1291 555/229/556 769/484/951
f 555/229/556 557/227/558 769/484/951
f 556/228/557 355/266/353 558/226/559
f 558/226/559 355/266/353 560/224/561
f 355/266/353 357/268/355 560/224/561
f 560/224/561 357/268/355 359/222/357
f 618/408/642 620/410/644 862/626/967
f 620/410/644 622/412/646 862/626/967
f 862/626/967 622/412/646 863/410/968
f 622/412/646 570/411/648 863/410/968
f 23/23/23 25/25/25 942/688/1085
f 942/688/1085 25/25/25 943/689/1086
f 25/25/25 27/27/27 943/689/1086
f 943/689/1086 27/27/27 29/29/29
f 547/364/546 545/360/544 991/369/1173
f 545/360/544 913/358/1041 991/369/1173
f 991/369/1173 913/358/1041 911/356/1039
f 721/486/766 925/657/1054 722/487/767
f 722/487/767 925/657/1054 724/489/769
f 925/658/1054 726/493/771 724/491/769
f 611/563/887 613/564/1081 522/562/886
f 613/564/1081 939/565/1078 522/562/886
f 522/562/886 939/565/1078 937/811/1292
f 1016/511/1293 613/401/637 870/510/1294
f 870/510/1294 613/401/637 684/507/783
f 613/401/637 614/402/638 684/507/783
f 963/704/1116 965/706/1118 1017/707/1295
f 965/706/1118 973/721/1132 1017/707/1295
f 1017/707/1295 973/721/1132 535/723/1296
f 516/426/663 1018/812/1297 1019/813/1298
f 1018/812/1297 640/430/667 1019/813/1298
f 1019/813/1298 640/430/667 638/427/664
f 512/336/511 741/814/1299 510/334/509
f 741/815/1299 241/352/505 510/816/509
f 510/816/509 241/352/505 508/350/507
f 503/322/500 505/324/502 971/817/1300
f 971/818/1300 505/819/502 972/820/1301
f 505/819/502 507/821/504 972/820/1301
f 875/587/984 1016/822/1302 873/585/982
f 1016/822/1302 870/823/1303 873/585/982
f 873/585/982 870/823/1303 872/584/980
f 535/723/1296 537/709/1304 1017/707/1295
f 537/709/1304 998/708/1305 1017/707/1295
f 1017/707/1295 998/708/1305 963/704/1116
f 929/367/1062 564/366/565 927/365/1060
f 564/366/565 565/364/566 927/365/1060
f 927/365/1060 565/364/566 566/363/567
f 11/11/11 48/48/48 9/9/9
f 9/9/9 48/48/48 7/7/7
f 48/48/48 46/46/46 7/7/7
f 20/20/20 115/105/116 22/22/22
f 115/105/116 117/107/118 22/22/22
f 22/22/22 117/107/118 24/24/24
f 295/154/296 753/271/816 293/152/294
f 293/152/294 753/271/816 291/150/292
f 753/271/816 289/148/290 291/150/292
f 705/473/745 702/470/742 183/824/1306
f 183/824/1306 702/470/742 804/825/1307
f 702/470/742 178/469/741 804/825/1307
f 288/826/1308 286/827/1309 425/387/586
f 425/387/586 286/827/1309 572/378/577
f 286/827/1309 285/377/576 572/378/577
f 184/148/184 186/150/186 805/271/897
f 186/150/186 188/152/188 805/271/897
f 805/271/897 188/152/188 190/154/190
f 707/475/747 650/741/1153 708/476/748
f 650/741/1153 756/749/1310 708/476/748
f 708/476/748 756/749/1310 328/478/750
f 574/380/579 573/379/578 703/828/1311
f 703/828/1311 573/379/578 179/829/1312
f 573/379/578 181/376/575 179/829/1312
f 329/148/328 331/150/330 757/271/822
f 331/150/330 333/152/332 757/271/822
f 757/271/822 333/152/332 335/154/334
f 151/647/1005 149/830/1007 886/645/1003
f 149/830/1007 806/831/1007 886/645/1003
f 886/645/1003 806/831/1007 807/832/1007
f 888/833/1313 987/747/1160 889/834/1314
f 889/834/1314 987/747/1160 814/835/1315
f 987/747/1160 988/748/1161 814/835/1315
f 893/746/1162 897/833/1316 989/747/1163
f 897/833/1316 898/834/1317 989/747/1163
f 989/747/1163 898/834/1317 819/835/1318
f 171/830/1007 895/645/1016 823/831/1007
f 823/831/1007 895/645/1016 822/832/1007
f 895/645/1016 896/836/1007 822/832/1007
f 210/152/209 208/150/207 827/271/921
f 208/150/207 206/148/205 827/271/921
f 827/271/921 206/148/205 204/146/203
f 373/154/371 371/152/369 779/271/855
f 371/152/369 369/150/367 779/271/855
f 779/271/855 369/150/367 367/148/365
f 606/393/628 608/391/630 710/477/754
f 608/391/630 609/390/631 710/477/754
f 710/477/754 609/390/631 610/389/632
f 200/837/1319 202/829/1320 717/828/1321
f 202/829/1320 592/379/605 717/828/1321
f 717/828/1321 592/379/605 591/380/604
f 200/469/762 716/470/760 826/825/1322
f 826/825/1322 716/470/760 205/824/1323
f 716/470/760 714/473/758 205/824/1323
f 403/377/608 405/827/1324 593/378/606
f 593/378/606 405/827/1324 443/387/634
f 405/827/1324 406/826/1325 443/387/634
f 712/475/756 406/739/1172 714/473/758
f 406/739/1172 782/738/1326 714/473/758
f 714/473/758 782/738/1326 205/737/1327
f 407/148/403 783/271/861 409/150/405
f 409/150/405 783/271/861 411/152/407
f 783/271/861 413/154/409 411/152/407
f 35/35/35 37/37/37 948/694/1094
f 37/37/37 39/39/39 948/694/1094
f 948/694/1094 39/39/39 41/41/41
f 835/587/930 833/585/928 738/822/1328
f 738/822/1328 833/585/928 737/823/1329
f 833/585/928 832/584/927 737/823/1329
f 837/687/1330 835/686/1331 664/685/1332
f 664/685/1332 835/686/1331 736/564/889
f 835/686/1331 738/838/1333 736/564/889
f 996/839/1334 1008/684/1335 994/840/1336
f 994/840/1336 1008/684/1335 801/565/890
f 1008/684/1335 802/567/892 801/565/890
f 979/841/1337 524/842/1338 978/843/1339
f 978/843/1339 524/842/1338 800/844/885
f 524/560/1338 523/562/888 800/561/885
f 701/845/1340 533/329/532 237/846/1341
f 533/329/532 509/331/508 237/846/1341
f 237/846/1341 509/331/508 239/329/506
f 484/298/481 482/297/479 701/468/740
f 701/847/740 482/295/479 700/464/738
f 482/295/479 699/462/736 700/464/738
f 489/796/486 481/294/478 487/304/484
f 487/306/484 481/848/478 485/849/482
f 481/294/478 483/296/480 485/303/482
f 697/456/734 696/455/733 1011/801/1278
f 696/455/733 474/285/471 1011/801/1278
f 1011/801/1278 474/285/471 1009/799/1276
f 953/668/1101 955/669/1103 1020/670/1342
f 1020/670/1342 955/669/1103 1005/671/1343
f 955/669/1103 785/526/863 1005/671/1343
f 1005/767/1344 785/766/1345 837/765/1346
f 785/766/1345 787/597/940 837/765/1346
f 837/765/1346 787/597/940 836/599/942
f 532/350/531 534/352/533 531/816/530
f 534/352/533 792/815/1347 531/816/530
f 531/334/530 792/814/1347 530/336/529
f 669/430/698 1021/812/1348 1022/813/1349
f 1021/812/1348 528/426/702 1022/813/1349
f 1022/813/1349 528/426/702 671/427/700
f 243/850/774 245/851/1350 494/852/772
f 494/852/772 245/851/1350 246/853/1351
f 495/497/773 497/854/1352 727/499/775
f 727/499/775 497/854/1352 499/501/777
f 492/855/489 230/856/1353 493/857/490
f 493/857/490 230/856/1353 496/858/493
f 723/859/1354 725/860/1185 858/861/1355
f 858/862/1355 725/754/1185 860/752/1183
f 496/315/493 725/494/770 498/317/495
f 498/317/495 725/494/770 500/319/497
f 494/863/881 246/864/1356 229/865/883
f 246/864/1356 486/866/1357 229/865/883
f 800/844/885 521/842/884 976/843/1358
f 521/842/884 1013/841/1359 976/843/1358
f 518/629/971 520/867/1360 866/631/973
f 520/867/1360 868/868/975 866/631/973
f 939/565/1078 940/684/1077 981/840/1361
f 981/840/1361 940/684/1077 983/839/1362
f 983/869/1363 940/778/1213 984/870/1364
f 940/778/1213 982/780/1215 984/870/1364
f 999/772/1207 648/438/675 644/434/671
f 648/438/675 646/436/673 644/434/671
f 932/668/1065 930/666/1063 1023/701/1365
f 1023/871/1365 930/665/1063 739/664/795
f 874/787/1222 681/872/1366 1002/785/1220
f 1002/785/1220 681/872/1366 1001/784/1219
f 684/444/715 682/443/713 870/873/1367
f 870/873/1367 682/443/713 871/874/1368
f 53/53/53 1024/52/1369 55/55/55
f 55/55/55 1024/52/1369 57/57/57
f 58/60/58 60/62/60 718/480/763
f 718/480/763 60/62/60 62/64/62
f 66/68/67 68/70/69 270/220/269
f 68/70/69 672/269/703 270/220/269
f 686/445/723 687/875/1370 944/690/1087
f 944/690/1087 687/875/1370 689/691/1088
f 183/142/815 285/143/286 754/144/817
f 754/144/817 285/143/286 287/146/288
f 298/157/299 296/155/297 300/159/301
f 296/155/297 302/161/303 300/159/301
f 308/240/308 310/242/310 307/239/307
f 307/239/307 310/242/310 467/569/898
f 650/794/1371 423/388/587 325/791/1227
f 423/388/587 579/389/588 325/791/1227
f 327/146/326 758/144/823 325/143/324
f 325/143/324 758/144/823 650/142/821
f 193/157/193 191/155/191 195/159/195
f 191/155/191 197/161/197 195/159/195
f 338/157/337 336/155/335 340/159/339
f 340/159/339 336/155/335 342/161/341
f 380/161/378 374/155/372 378/159/376
f 374/155/372 376/157/374 378/159/376
f 219/161/218 213/155/212 217/159/216
f 213/155/212 215/157/214 217/159/216
f 345/257/343 347/259/345 551/236/550
f 551/236/550 347/259/345 552/234/551
f 659/142/854 780/144/856 363/143/361
f 363/143/361 780/144/856 364/146/362
f 596/569/1091 388/242/385 384/239/381
f 384/239/381 388/242/385 386/240/383
f 404/146/400 403/143/399 784/144/862
f 784/144/862 403/143/399 205/142/860
f 420/161/416 414/155/410 418/159/414
f 414/155/410 416/157/412 418/159/414
f 107/60/108 855/480/953 105/62/106
f 105/100/106 855/876/953 103/94/104
f 108/57/109 1025/52/1372 110/55/111
f 110/55/111 1025/52/1372 112/53/113
f 253/203/252 1004/877/1373 251/201/250
f 251/201/250 1004/877/1373 840/696/1096
f 1004/784/1256 253/872/1374 1003/785/1254
f 1003/785/1254 253/872/1374 834/787/1252
f 486/878/1375 246/879/1376 488/880/933
f 246/879/1376 838/881/934 488/880/933
f 840/696/1096 839/882/1377 950/697/1097
f 950/698/1097 839/883/1377 838/699/1098
f 995/780/1267 1008/778/1269 997/870/1378
f 1008/778/1269 996/869/1379 997/870/1378
f 916/635/1044 525/884/1380 918/633/1046
f 918/631/1046 525/867/1380 527/629/1048
f 801/565/890 523/562/888 957/811/1381
f 523/562/888 958/885/1382 957/811/1381
f 621/373/1059 568/371/569 623/886/1383
f 623/886/1383 568/371/569 570/373/571
f 466/273/459 960/703/1113 468/275/461
f 468/275/461 960/703/1113 922/656/1051
f 922/656/1051 78/80/79 921/655/1050
f 921/655/1050 78/80/79 80/82/81
f 153/649/1007 890/651/1007 155/887/1007
f 155/887/1007 890/651/1007 813/653/1007
f 818/653/1007 899/651/1007 177/887/1007
f 177/887/1007 899/651/1007 175/649/1007
f 923/656/1052 961/703/1114 597/275/613
f 961/703/1114 595/273/611 597/275/613
f 85/82/86 87/80/88 924/655/1053
f 924/655/1053 87/80/88 923/656/1052
f 16/16/16 690/446/724 18/18/18
f 18/18/18 690/446/724 114/104/115
f 492/888/1384 494/557/881 798/555/879
f 232/178/231 723/488/768 230/176/229
f 504/323/501 502/321/499 726/495/771
f 506/659/503 240/188/239 242/190/241
f 1016/838/1385 875/686/1083 613/564/1081
f 122/112/123 688/113/721 636/114/719
f 1018/889/1386 516/426/1387 640/890/1386
f 640/430/667 516/891/1388 518/629/971
f 1019/813/1298 638/427/664 516/426/663
f 1013/727/1288 521/346/520 519/345/518
f 742/728/799 740/513/796 931/667/1064
f 242/892/1389 744/717/1128 507/719/1130
f 936/885/1390 522/562/886 937/811/1292
f 935/763/1195 643/760/1192 877/798/1391
f 877/893/1392 643/433/670 645/435/672
f 869/770/1205 865/632/972 867/634/974
f 649/568/1393 941/567/1079 647/566/1080
f 982/733/1145 1000/894/1394 980/731/1143
f 1023/797/1395 739/761/1193 932/762/1194
f 874/586/983 682/581/981 681/895/1396
f 537/355/536 538/356/537 998/750/1397
f 619/409/643 928/627/1398 621/411/645
f 50/50/50 48/48/48 11/11/11
f 8/8/8 694/453/731 10/10/10
f 288/896/1399 752/535/814 290/533/812
f 297/156/298 751/534/813 295/154/296
f 183/896/1400 804/535/896 185/533/894
f 425/143/420 426/144/421 288/142/991
f 430/152/425 432/154/427 428/271/423
f 650/896/1401 880/535/992 651/533/994
f 434/156/429 881/534/993 432/154/427
f 706/474/746 583/393/592 585/395/594
f 178/837/1402 703/828/1311 179/829/1312
f 328/896/1403 756/535/820 330/533/818
f 581/391/590 583/393/592 709/477/749
f 337/156/336 755/534/819 335/154/334
f 574/897/1404 703/471/743 763/742/1154
f 575/545/833 574/898/1405 763/543/831
f 192/156/192 803/534/895 190/154/190
f 431/153/426 654/441/681 433/155/428
f 437/159/432 435/157/430 433/155/428
f 438/789/1406 440/790/1229 436/644/1228
f 577/383/582 317/249/317 315/247/315
f 945/578/1090 318/250/318 320/252/320
f 677/264/708 74/76/75 679/262/710
f 278/228/277 675/266/706 280/230/279
f 81/83/82 79/81/80 750/532/811
f 137/127/138 135/125/136 150/136/151
f 891/746/1159 987/747/1160 888/833/1313
f 139/129/140 810/572/903 141/127/142
f 161/129/162 163/127/164 815/572/908
f 173/647/1017 895/645/1016 171/830/1007
f 159/127/160 172/136/172 158/125/159
f 84/83/85 765/532/835 86/81/87
f 556/228/557 353/230/351 355/266/353
f 352/264/350 350/262/348 91/76/92
f 824/578/917 398/252/395 396/250/393
f 588/383/601 393/247/390 395/249/392
f 457/789/1407 455/644/1242 459/790/1243
f 456/159/450 452/155/446 454/157/448
f 450/153/444 452/155/446 655/441/684
f 214/156/213 212/154/211 825/534/919
f 210/152/209 827/271/921 212/154/211
f 590/545/850 775/543/848 591/898/1408
f 591/897/1409 775/742/1166 717/471/761
f 375/156/373 373/154/371 777/534/411
f 366/896/1410 368/533/852 778/535/853
f 713/474/757 604/395/626 606/393/628
f 453/156/447 451/154/445 904/534/1029
f 659/896/1411 658/533/1028 905/535/1030
f 449/152/443 447/271/441 451/154/445
f 443/143/437 406/142/1031 445/144/439
f 205/896/1412 207/533/918 826/535/920
f 415/156/411 413/154/409 781/534/858
f 406/896/1413 408/533/857 782/535/859
f 252/202/251 946/692/1092 254/204/253
f 949/695/1095 35/35/35 948/694/1094
f 121/111/122 123/113/124 125/115/126
f 830/443/1250 735/444/1251 737/873/1414
f 834/586/929 253/895/1415 830/581/924
f 1020/764/1416 1005/763/1262 953/762/1259
f 995/733/1180 993/731/1177 1006/894/1417
f 1006/773/1264 1007/772/1266 995/774/1418
f 915/770/1273 917/634/1045 919/632/1047
f 993/768/1265 667/432/696 665/434/694
f 837/893/1419 664/435/693 666/433/695
f 480/292/477 699/462/736 482/295/479
f 474/899/1420 476/595/938 787/597/940
f 698/900/1421 1012/805/1282 788/806/1283
f 954/667/1102 789/522/867 786/524/864
f 793/761/1260 666/760/1261 792/759/1422
f 1022/813/1349 671/427/700 669/430/698
f 669/430/698 527/629/1048 528/891/1423
f 1021/889/1424 669/890/1424 528/426/1425
f 733/406/786 629/405/654 631/407/656
f 662/566/891 664/685/1332 736/564/889
f 985/736/1148 258/208/257 259/209/258
f 182/146/182 184/148/184 805/271/897
f 311/243/311 309/241/309 572/378/577
f 71/73/72 959/702/1112 73/75/74
f 283/234/283 461/259/454 284/236/285
f 807/832/1007 892/836/1007 886/645/1003
f 154/140/155 155/901/1426 813/575/906
f 894/654/1013 897/137/1427 893/136/1012
f 548/365/547 569/372/570 546/363/545
f 263/213/262 265/215/264 266/216/265
f 566/363/567 926/372/1058 927/365/1060
f 891/136/1008 888/137/1428 887/654/1009
f 819/835/1318 990/748/1164 989/747/1163
f 818/575/911 177/901/1429 176/140/176
f 92/75/93 962/702/1115 94/73/95
f 593/378/606 387/241/384 389/243/386
f 592/379/605 202/829/1320 203/376/607
f 42/42/42 248/198/247 44/44/44
usemtl Material__49
f 1026/902/1430 1027/903/1431 1028/904/1432
f 1028/904/1432 1027/903/1431 1029/905/1433
f 1027/906/1431 1030/907/1434 1029/908/1433
f 1029/908/1433 1030/907/1434 1031/909/1435
f 1030/907/1434 1032/910/1436 1031/909/1435
f 1031/909/1435 1032/910/1436 1033/911/1437
f 1032/910/1436 1034/912/1438 1033/911/1437
f 1033/911/1437 1034/912/1438 1035/913/1439
f 1034/912/1438 1036/914/1440 1035/913/1439
f 1035/913/1439 1036/914/1440 1037/915/1441
f 1036/914/1440 1038/916/1442 1037/915/1441
f 1037/915/1441 1038/916/1442 1039/917/1443
f 1038/916/1442 1040/918/1444 1039/917/1443
f 1039/917/1443 1040/918/1444 1041/919/1445
f 1040/918/1444 1042/920/1446 1041/919/1445
f 1041/919/1445 1042/920/1446 1043/921/1447
f 1042/920/1446 1044/922/1448 1043/921/1447
f 1043/921/1447 1044/922/1448 1045/923/1449
f 1044/922/1448 1046/921/1450 1045/923/1449
f 1047/924/1451 1048/925/1452 1049/926/1453
f 1048/925/1452 1050/927/1454 1049/926/1453
f 1049/926/1453 1050/927/1454 1051/928/1455
f 1050/927/1454 1052/929/1456 1051/928/1455
f 1051/928/1455 1052/929/1456 1053/930/1457
f 1052/929/1456 1054/931/1458 1053/930/1457
f 1053/930/1457 1054/931/1458 1055/932/1459
f 1054/931/1458 1056/933/1460 1055/932/1459
f 1055/932/1459 1056/933/1460 1057/934/1461
f 1056/933/1460 1058/935/1462 1057/934/1461
f 1057/934/1461 1058/935/1462 1059/936/1463
f 1058/935/1462 1060/937/1464 1059/936/1463
f 1059/936/1463 1060/937/1464 1061/938/1465
f 1060/937/1464 1062/939/1466 1061/938/1465
f 1061/938/1465 1062/939/1466 1063/940/1467
f 1062/939/1466 1064/941/1468 1063/940/1467
f 1063/940/1467 1064/941/1468 1065/942/1469
f 1064/943/1468 1066/944/1470 1065/945/1469
f 1067/944/1471 1068/943/1472 1065/945/1469
f 1065/942/1469 1068/941/1472 1063/940/1467
f 1068/941/1472 1069/939/1473 1063/940/1467
f 1063/940/1467 1069/939/1473 1070/938/1474
f 1069/939/1473 1071/937/1475 1070/938/1474
f 1070/938/1474 1071/937/1475 1072/936/1476
f 1071/937/1475 1073/935/1477 1072/936/1476
f 1072/936/1476 1073/935/1477 1074/934/1478
f 1073/935/1477 1075/933/1479 1074/934/1478
f 1074/934/1478 1075/933/1479 1076/932/1480
f 1075/933/1479 1077/931/1481 1076/932/1480
f 1076/932/1480 1077/931/1481 1078/930/1482
f 1077/931/1481 1079/929/1483 1078/930/1482
f 1078/930/1482 1079/929/1483 1080/928/1484
f 1079/929/1483 1081/927/1485 1080/928/1484
f 1080/928/1484 1081/927/1485 1082/926/1486
f 1081/927/1485 1083/925/1487 1082/926/1486
f 1082/926/1486 1083/925/1487 1084/924/1488
f 1085/946/1489 1086/947/1490 1087/948/1491
f 1087/948/1491 1086/947/1490 1088/949/1492
f 1086/950/1490 1044/922/1448 1088/951/1492
f 1088/951/1492 1044/922/1448 1089/950/1493
f 1044/922/1448 1042/920/1446 1089/950/1493
f 1089/950/1493 1042/920/1446 1090/952/1494
f 1042/920/1446 1040/918/1444 1090/952/1494
f 1090/952/1494 1040/918/1444 1091/953/1495
f 1040/918/1444 1038/916/1442 1091/953/1495
f 1091/953/1495 1038/916/1442 1092/954/1496
f 1038/916/1442 1036/914/1440 1092/954/1496
f 1092/954/1496 1036/914/1440 1093/955/1497
f 1036/914/1440 1034/912/1438 1093/955/1497
f 1093/955/1497 1034/912/1438 1030/907/1434
f 1034/912/1438 1032/910/1436 1030/907/1434
f 1094/956/1498 1095/957/1499 1096/958/1500
f 1096/958/1501 1095/957/1499 1097/959/1502
f 1095/957/1499 1098/960/1503 1097/959/1502
f 1097/959/1502 1098/960/1503 1099/957/1504
f 1098/960/1503 1100/961/1505 1099/957/1504
f 1099/957/1504 1100/961/1506 1101/962/1507
f 1100/961/1506 1074/934/1508 1101/962/1507
f 1101/962/1507 1074/934/1508 1102/963/1509
f 1074/934/1508 1076/932/1510 1102/963/1509
f 1076/932/1480 1078/930/1482 1103/964/1511
f 1103/964/1511 1078/930/1482 1104/965/1512
f 1078/930/1482 1080/928/1484 1104/965/1512
f 1104/965/1512 1080/928/1484 1105/966/1513
f 1080/928/1484 1082/926/1486 1105/966/1513
f 1098/960/1503 1095/957/1499 1106/961/1514
f 1106/961/1514 1107/962/1515 1057/934/1516
f 1107/962/1515 1108/963/1517 1057/934/1516
f 1055/932/1459 1109/964/1518 1053/930/1457
f 1109/964/1518 1110/965/1519 1053/930/1457
f 1053/930/1457 1110/965/1519 1051/928/1455
f 1110/965/1519 1111/966/1520 1051/928/1455
f 1051/928/1455 1111/966/1520 1049/926/1453
f 1087/948/1491 1088/949/1492 1112/967/1521
f 1112/967/1521 1088/949/1492 1113/948/1522
f 1088/949/1492 1089/947/1493 1113/948/1522
f 1113/948/1522 1089/947/1493 1114/946/1523
f 1089/947/1493 1090/968/1494 1114/946/1523
f 1114/946/1523 1090/968/1494 1115/969/1524
f 1090/968/1494 1091/970/1495 1115/969/1524
f 1115/969/1524 1091/970/1495 1116/971/1525
f 1091/953/1495 1092/954/1496 1116/972/1525
f 1116/972/1525 1092/954/1496 1093/955/1497
f 1117/973/1526 1094/974/1527 1107/975/1528
f 1094/974/1529 1095/976/1530 1107/975/1531
f 1107/975/1531 1095/976/1530 1106/977/1532
f 1095/976/1533 1118/978/1534 1106/977/1532
f 1106/977/1532 1118/978/1534 1119/979/1535
f 1118/978/1534 1100/977/1536 1119/979/1535
f 1119/979/1535 1100/977/1536 1120/980/1537
f 1100/977/1536 1074/981/1538 1120/980/1537
f 1120/980/1537 1074/981/1538 1121/982/1539
f 1074/981/1538 1122/983/1540 1121/982/1539
f 1123/984/1541 1124/985/1542 1125/986/1542
f 1124/985/1542 1126/984/1543 1125/986/1542
f 1125/986/1542 1126/984/1543 1127/987/1543
f 1126/984/1543 1128/988/1544 1127/987/1543
f 1127/987/1543 1128/988/1544 1129/989/1544
f 1128/988/1544 1130/990/1545 1129/989/1544
f 1129/989/1544 1130/990/1545 1131/991/1545
f 1130/990/1545 1132/992/1546 1131/991/1545
f 1131/991/1545 1132/992/1546 1133/993/1546
f 1132/992/1546 1134/991/1547 1133/993/1546
f 1096/958/1501 1097/959/1502 1135/994/1548
f 1135/995/1548 1097/996/1502 1136/997/1549
f 1097/959/1502 1099/957/1504 1136/958/1549
f 1138/998/1550 1102/963/1551 1139/999/1552
f 1096/1000/1553 1140/1001/1554 1095/976/1533
f 1095/976/1533 1140/1001/1554 1118/978/1534
f 1140/1001/1554 1099/976/1555 1118/978/1534
f 1118/978/1534 1099/976/1555 1100/977/1536
f 1047/1002/1556 1049/1003/1557 1141/1004/1558
f 1049/1003/1557 1111/1005/1559 1141/1004/1558
f 1141/1004/1558 1111/1005/1559 1142/1006/1560
f 1111/1005/1559 1110/1007/1561 1142/1006/1560
f 1142/1006/1560 1110/1007/1561 1143/1008/1562
f 1110/1007/1561 1109/1009/1563 1143/1008/1562
f 1143/1008/1562 1109/1009/1563 1055/1010/1564
f 1109/1009/1563 1108/1011/1565 1055/1010/1566
f 1102/1011/1567 1103/1009/1568 1076/1010/1569
f 1076/1010/1569 1103/1009/1568 1144/1008/1570
f 1103/1009/1568 1104/1007/1571 1144/1008/1570
f 1144/1008/1570 1104/1007/1571 1145/1006/1572
f 1104/1007/1571 1105/1005/1573 1145/1006/1572
f 1145/1006/1572 1105/1005/1573 1146/1004/1574
f 1105/1005/1573 1082/1003/1575 1146/1004/1574
f 1146/1004/1574 1082/1003/1575 1084/1002/1576
f 1044/922/1448 1086/950/1490 1147/920/1577
f 1086/950/1490 1148/952/1578 1147/920/1577
f 1147/920/1577 1148/952/1578 1149/918/1579
f 1148/952/1578 1150/953/1580 1149/918/1579
f 1149/918/1579 1150/953/1580 1151/916/1581
f 1150/953/1580 1152/954/1582 1151/916/1581
f 1151/916/1581 1152/954/1582 1153/914/1583
f 1096/1000/1553 1135/1012/1584 1140/1001/1554
f 1135/1012/1584 1136/1000/1585 1140/1001/1554
f 1140/1001/1554 1136/1000/1585 1099/976/1555
f 1136/1000/1585 1137/974/1586 1099/976/1587
f 1099/976/1587 1137/974/1586 1101/975/1588
f 1137/974/1589 1138/973/1590 1101/975/1588
f 1101/1013/1588 1138/1014/1590 1102/1015/1591
f 1044/922/1448 1147/920/1577 1046/921/1450
f 1046/921/1450 1147/920/1577 1154/919/1592
f 1147/920/1577 1149/918/1579 1154/919/1592
f 1154/919/1592 1149/918/1579 1155/917/1593
f 1149/918/1579 1151/916/1581 1155/917/1593
f 1155/917/1593 1151/916/1581 1156/915/1594
f 1151/916/1581 1153/914/1583 1156/915/1594
f 1060/937/1464 1058/935/1462 1157/1016/1595
f 1058/935/1462 1056/933/1460 1157/1016/1595
f 1157/1016/1595 1056/933/1460 1158/1017/1596
f 1056/933/1460 1054/931/1458 1158/1017/1596
f 1158/1017/1596 1054/931/1458 1159/1018/1597
f 1054/931/1458 1052/929/1456 1159/1018/1597
f 1079/929/1483 1077/931/1481 1160/1018/1598
f 1160/1018/1598 1077/931/1481 1161/1017/1599
f 1077/931/1481 1075/933/1479 1161/1017/1599
f 1161/1017/1599 1075/933/1479 1162/1016/1600
f 1075/933/1479 1073/935/1477 1162/1016/1600
f 1162/1019/1600 1073/1020/1477 1071/1021/1475
f 1132/992/1546 1163/990/1547 1134/991/1547
f 1134/991/1547 1163/990/1547 1164/989/1601
f 1163/1022/1547 1165/1023/1601 1164/1024/1601
f 1164/989/1601 1165/988/1601 1166/987/1541
f 1165/988/1601 1123/984/1541 1166/987/1541
f 1166/987/1541 1123/984/1541 1125/986/1542
f 1119/979/1535 1167/980/1602 1106/977/1532
f 1167/980/1602 1057/981/1603 1106/977/1532
f 1063/940/1467 1168/1025/1604 1061/938/1465
f 1061/938/1465 1168/1025/1604 1059/936/1463
f 1168/1025/1604 1169/1026/1605 1059/936/1463
f 1059/936/1463 1169/1026/1605 1106/961/1514
f 1169/1026/1605 1098/960/1503 1106/961/1514
f 1086/950/1490 1085/1027/1489 1148/952/1578
f 1085/946/1489 1170/969/1606 1148/968/1578
f 1148/952/1578 1170/1028/1606 1150/953/1580
f 1170/1028/1606 1171/972/1607 1150/953/1580
f 1150/953/1580 1171/972/1607 1152/954/1582
f 1171/1029/1608 1029/908/1433 1152/1030/1609
f 1152/1030/1609 1029/908/1433 1153/1031/1610
f 1029/908/1433 1031/909/1435 1153/1031/1610
f 1153/1031/1610 1031/909/1435 1172/1032/1611
f 1031/909/1435 1033/911/1437 1172/1032/1611
f 1107/962/1515 1117/998/1612 1108/963/1517
f 1117/998/1612 1173/999/1613 1108/963/1517
f 1108/963/1614 1173/999/1613 1109/964/1518
f 1098/960/1503 1169/1026/1605 1100/961/1505
f 1100/961/1505 1169/1026/1605 1072/936/1476
f 1169/1026/1605 1168/1025/1604 1072/936/1476
f 1072/936/1476 1168/1025/1604 1070/938/1474
f 1168/1025/1604 1063/940/1467 1070/938/1474
f 1167/980/1602 1174/982/1615 1057/981/1603
f 1174/982/1615 1175/983/1616 1057/981/1603
f 1057/981/1603 1175/983/1616 1055/1033/1617
f 1175/983/1616 1176/1034/1618 1055/1033/1617
f 1060/937/1464 1177/1035/1619 1062/939/1466
f 1062/939/1466 1177/1035/1619 1064/941/1468
f 1177/1035/1619 1178/1036/1620 1064/941/1468
f 1064/941/1468 1178/1036/1620 1048/1037/1621
f 1083/1037/1622 1179/1036/1623 1068/941/1472
f 1179/1038/1623 1180/1039/1624 1068/943/1472
f 1068/941/1472 1180/1035/1624 1069/939/1473
f 1180/1035/1624 1071/937/1475 1069/939/1473
f 1116/971/1525 1093/1040/1497 1181/1041/1625
f 1093/1040/1497 1027/903/1431 1181/1041/1625
f 1181/1041/1625 1027/903/1431 1182/1042/1626
f 1027/903/1431 1183/1043/1627 1182/1042/1626
f 1134/1044/1628 1164/1045/1629 1184/1046/1630
f 1164/1045/1629 1166/1047/1631 1184/1046/1630
f 1184/1046/1630 1166/1047/1631 1125/1048/1632
f 1134/1044/1628 1184/1046/1630 1133/1049/1633
f 1133/1049/1633 1184/1046/1630 1131/1044/1634
f 1184/1046/1630 1129/1045/1635 1131/1044/1634
f 1123/1050/1636 1165/1051/1637 1185/1052/1638
f 1165/1051/1637 1163/1053/1639 1185/1052/1638
f 1185/1052/1638 1163/1053/1639 1132/1054/1640
f 1123/1050/1636 1185/1052/1638 1124/1055/1641
f 1124/1055/1641 1185/1052/1638 1126/1050/1642
f 1185/1052/1638 1128/1051/1643 1126/1050/1642
f 1103/1009/1568 1102/1011/1567 1139/1056/1644
f 1139/1056/1644 1138/1057/1645 1187/1058/1646
f 1132/1054/1640 1130/1053/1647 1185/1052/1638
f 1185/1052/1638 1130/1053/1647 1128/1051/1643
f 1125/1048/1632 1127/1047/1648 1184/1046/1630
f 1184/1046/1630 1127/1047/1648 1129/1045/1635
f 1066/1059/1649 1188/1060/1650 1065/1061/1650
f 1065/1061/1650 1188/1060/1650 1067/1059/1651
f 1189/1062/1652 1122/1063/1653 1076/1064/1654
f 1076/1033/1654 1122/983/1540 1074/981/1538
f 1048/1037/1621 1047/1065/1655 1064/941/1468
f 1064/943/1468 1047/1066/1655 1066/944/1470
f 1067/944/1471 1084/1066/1656 1068/943/1472
f 1068/941/1472 1084/1065/1656 1083/1037/1622
f 1026/902/1430 1183/1043/1627 1027/903/1431
f 1190/1067/1657 1047/1002/1658 1141/1004/1558
f 1029/908/1433 1171/1029/1608 1028/1068/1432
f 1059/936/1463 1106/961/1514 1057/934/1461
f 1173/999/1613 1117/998/1659 1186/1069/1660
f 1055/1033/1566 1108/1070/1565 1057/981/1603
f 1176/1071/1661 1143/1008/1662 1055/1010/1663
f 1178/1072/1664 1050/927/1454 1048/925/1452
f 1179/1073/1665 1083/1074/1487 1081/1075/1485
f 1189/1076/1666 1076/1077/1569 1144/1078/1570
f 1072/936/1476 1074/934/1478 1100/961/1505
f 1191/1067/1667 1146/1004/1574 1084/1002/1576
f 1030/907/1434 1027/906/1431 1093/955/1497
f 1172/1032/1611 1156/1079/1668 1153/1031/1610
usemtl Material__50
f 1192/1080/1669 1193/1081/1670 1194/1082/1671
f 1194/1082/1671 1193/1081/1670 1195/1083/1672
f 1193/1081/1670 1196/1084/1673 1195/1083/1672
f 1195/1083/1672 1196/1084/1673 1197/1085/1674
f 1196/1084/1673 1198/1086/1675 1197/1085/1674
f 1197/1085/1674 1198/1086/1675 1199/1087/1676
f 1198/1086/1675 1200/1088/1677 1199/1087/1676
f 1199/1087/1676 1200/1088/1677 1201/1089/1678
f 1200/1088/1677 1202/1090/1679 1201/1089/1678
f 1201/1089/1678 1202/1090/1679 1203/1091/1680
f 1202/1090/1679 1204/1092/1681 1203/1091/1680
f 1203/1091/1680 1204/1092/1681 1205/1093/1682
f 1204/1092/1681 1206/1094/1683 1205/1093/1682
f 1205/1093/1682 1206/1094/1683 1207/1095/1684
f 1206/1094/1683 1208/1096/1685 1207/1095/1684
f 1207/1095/1684 1208/1096/1685 1209/1097/1686
f 1208/1096/1685 1210/1098/1687 1209/1097/1686
f 1209/1097/1686 1210/1098/1687 1211/1099/1688
f 1210/1098/1687 1212/1100/1689 1211/1099/1688
f 1211/1099/1688 1212/1100/1689 1213/1098/1690
f 1212/1100/1689 1214/1101/1691 1213/1098/1690
f 1213/1098/1690 1214/1101/1691 1215/1102/1692
f 1214/1101/1691 1216/1103/1693 1215/1102/1692
f 1215/1102/1692 1216/1103/1693 1217/1104/1694
f 1216/1103/1693 1218/1105/1695 1217/1104/1694
f 1217/1104/1694 1218/1105/1695 1219/1106/1696
f 1220/1107/1697 1221/1108/1698 1222/1109/1699
f 1221/1108/1698 1223/1110/1700 1222/1109/1699
f 1222/1109/1699 1223/1110/1700 1224/1111/1701
f 1223/1110/1700 1225/1112/1702 1224/1111/1701
f 1224/1111/1701 1225/1112/1702 1226/1113/1703
f 1225/1112/1702 1227/1114/1704 1226/1113/1703
f 1226/1113/1703 1227/1114/1704 1228/1115/1705
f 1227/1114/1704 1229/1116/1706 1228/1115/1705
f 1228/1115/1705 1229/1116/1706 1230/1117/1707
f 1229/1116/1706 1231/1118/1708 1230/1117/1707
f 1230/1117/1707 1231/1118/1708 1232/1116/1709
f 1231/1118/1708 1233/1119/1710 1232/1116/1709
f 1232/1116/1709 1233/1119/1710 1234/1120/1711
f 1233/1119/1710 1235/1121/1712 1234/1120/1711
f 1234/1120/1711 1235/1121/1712 1236/1122/1713
f 1235/1121/1712 1237/1123/1714 1236/1122/1713
f 1236/1122/1713 1237/1123/1714 1238/1124/1715
f 1237/1123/1714 1239/1125/1716 1238/1124/1715
f 1238/1124/1715 1239/1125/1716 1240/1126/1717
f 1239/1125/1716 1241/1127/1718 1240/1126/1717
f 1242/1128/1719 1243/1129/1720 1244/1130/1721
f 1244/1130/1721 1243/1129/1720 1245/1131/1722
f 1243/1129/1720 1246/1132/1723 1245/1131/1722
f 1245/1131/1722 1246/1132/1723 1247/1133/1724
f 1246/1132/1723 1248/1134/1725 1247/1133/1724
f 1247/1133/1724 1248/1134/1725 1249/1096/1726
f 1248/1135/1725 1250/1136/1727 1249/1137/1726
f 1249/1096/1726 1250/1094/1727 1207/1095/1684
f 1250/1094/1727 1251/1093/1728 1207/1095/1684
f 1207/1095/1684 1251/1093/1728 1252/1138/1729
f 1251/1093/1728 1253/1139/1730 1252/1138/1729
f 1252/1138/1729 1253/1139/1730 1254/1140/1731
f 1253/1139/1730 1255/1141/1732 1254/1140/1731
f 1254/1140/1731 1255/1141/1732 1256/1142/1733
f 1255/1141/1732 1257/1143/1734 1256/1142/1733
f 1256/1142/1733 1257/1143/1734 1258/1144/1735
f 1257/1143/1734 1259/1085/1736 1258/1144/1735
f 1258/1144/1735 1259/1085/1736 1260/1145/1737
f 1259/1085/1736 1261/1083/1672 1260/1145/1737
f 1262/1108/1738 1217/1107/1739 1263/1109/1740
f 1217/1107/1739 1264/1146/1741 1263/1109/1740
f 1263/1109/1740 1264/1146/1741 1265/1147/1742
f 1264/1146/1741 1266/1148/1743 1265/1147/1742
f 1265/1147/1742 1266/1148/1743 1267/1149/1744
f 1266/1148/1743 1268/1150/1745 1267/1149/1744
f 1267/1149/1744 1268/1150/1745 1269/1151/1746
f 1268/1150/1745 1230/1117/1707 1269/1151/1746
f 1269/1151/1746 1230/1117/1707 1270/1115/1747
f 1230/1117/1707 1232/1116/1709 1270/1115/1747
f 1270/1115/1747 1232/1116/1709 1271/1114/1748
f 1232/1116/1709 1234/1120/1711 1271/1114/1748
f 1271/1114/1748 1234/1120/1711 1272/1152/1749
f 1234/1120/1711 1236/1122/1713 1272/1152/1749
f 1272/1152/1749 1236/1122/1713 1273/1153/1750
f 1236/1122/1713 1238/1124/1715 1273/1153/1750
f 1273/1153/1750 1238/1124/1715 1242/1154/1751
f 1238/1124/1715 1240/1126/1717 1242/1154/1751
f 1274/1155/1752 1275/1103/1753 1276/1105/1754
f 1276/1105/1754 1275/1103/1753 1220/1104/1755
f 1275/1103/1753 1277/1102/1756 1220/1104/1755
f 1220/1104/1755 1277/1102/1756 1221/1156/1757
f 1277/1102/1756 1278/1133/1758 1221/1156/1757
f 1221/1156/1757 1278/1133/1758 1279/1131/1759
f 1278/1133/1758 1280/1132/1760 1279/1131/1759
f 1279/1131/1759 1280/1132/1760 1281/1129/1761
f 1280/1132/1760 1202/1090/1679 1281/1129/1761
f 1281/1129/1761 1202/1090/1679 1282/1157/1762
f 1202/1090/1679 1200/1088/1677 1282/1157/1762
f 1282/1157/1762 1200/1088/1677 1283/1158/1763
f 1200/1088/1677 1198/1086/1675 1283/1158/1763
f 1283/1158/1763 1198/1086/1675 1193/1081/1670
f 1198/1086/1675 1196/1084/1673 1193/1081/1670
f 1227/1114/1704 1284/1120/1764 1229/1116/1706
f 1284/1120/1764 1285/1119/1765 1229/1116/1706
f 1229/1116/1706 1285/1119/1765 1231/1118/1708
f 1285/1119/1765 1286/1159/1766 1231/1118/1708
f 1231/1118/1708 1286/1159/1766 1233/1119/1710
f 1286/1159/1766 1287/1160/1767 1233/1119/1710
f 1233/1119/1710 1287/1160/1767 1235/1121/1712
f 1287/1160/1767 1288/1161/1768 1235/1121/1712
f 1235/1121/1712 1288/1161/1768 1237/1123/1714
f 1288/1161/1768 1289/1162/1769 1237/1123/1714
f 1237/1123/1714 1289/1162/1769 1239/1125/1716
f 1289/1162/1769 1290/1163/1770 1239/1125/1716
f 1239/1125/1716 1290/1163/1770 1241/1127/1718
f 1290/1163/1770 1291/1164/1771 1241/1127/1718
f 1241/1080/1772 1291/1082/1773 1292/1081/1774
f 1291/1082/1773 1261/1083/1672 1292/1081/1774
f 1292/1081/1774 1261/1083/1672 1293/1084/1673
f 1261/1083/1672 1259/1085/1736 1293/1084/1673
f 1293/1084/1673 1259/1085/1736 1294/1086/1675
f 1259/1085/1736 1295/1087/1775 1294/1086/1675
f 1294/1086/1675 1295/1087/1775 1296/1088/1776
f 1295/1087/1775 1297/1089/1777 1296/1088/1776
f 1296/1088/1776 1297/1089/1777 1298/1090/1778
f 1297/1089/1777 1299/1091/1779 1298/1090/1778
f 1298/1090/1778 1299/1091/1779 1300/1092/1780
f 1299/1091/1779 1251/1093/1728 1300/1092/1780
f 1300/1092/1780 1251/1093/1728 1250/1094/1727
f 1204/1092/1681 1301/1134/1781 1206/1094/1683
f 1206/1094/1683 1301/1134/1781 1208/1096/1685
f 1301/1134/1781 1278/1133/1758 1208/1096/1685
f 1208/1096/1685 1278/1133/1758 1302/1165/1782
f 1278/1133/1758 1277/1102/1756 1302/1165/1782
f 1302/1165/1782 1277/1102/1756 1210/1098/1687
f 1277/1102/1756 1303/1101/1783 1210/1098/1687
f 1210/1098/1687 1303/1101/1783 1212/1100/1689
f 1303/1101/1783 1304/1166/1784 1212/1100/1689
f 1212/1100/1689 1304/1166/1784 1214/1101/1691
f 1304/1166/1784 1305/1155/1785 1214/1101/1691
f 1214/1101/1691 1305/1155/1785 1216/1103/1693
f 1305/1155/1785 1218/1105/1695 1216/1103/1693
f 1194/1164/1786 1306/1163/1787 1192/1127/1788
f 1306/1163/1787 1307/1125/1789 1192/1127/1788
f 1192/1127/1788 1307/1125/1789 1308/1126/1790
f 1307/1125/1789 1309/1124/1791 1308/1126/1790
f 1308/1126/1790 1309/1124/1791 1310/1154/1792
f 1309/1124/1791 1311/1153/1793 1310/1154/1792
f 1310/1154/1792 1311/1153/1793 1312/1167/1794
f 1311/1153/1793 1313/1168/1795 1312/1167/1794
f 1312/1167/1794 1313/1168/1795 1279/1169/1796
f 1313/1168/1795 1223/1110/1700 1279/1169/1796
f 1279/1169/1796 1223/1110/1700 1221/1108/1698
f 1207/1095/1684 1252/1138/1729 1205/1093/1682
f 1205/1093/1682 1252/1138/1729 1314/1139/1797
f 1252/1138/1729 1254/1140/1731 1314/1139/1797
f 1314/1139/1797 1254/1140/1731 1315/1141/1798
f 1254/1140/1731 1256/1142/1733 1315/1141/1798
f 1315/1141/1798 1256/1142/1733 1316/1143/1799
f 1256/1142/1733 1317/1144/1800 1316/1143/1799
f 1316/1143/1799 1317/1144/1800 1197/1085/1674
f 1317/1144/1800 1318/1145/1801 1197/1085/1674
f 1197/1085/1674 1318/1145/1801 1195/1083/1672
f 1228/1115/1705 1230/1117/1707 1319/1151/1802
f 1230/1117/1707 1268/1150/1745 1319/1151/1802
f 1319/1151/1802 1268/1150/1745 1320/1149/1803
f 1268/1150/1745 1321/1148/1804 1320/1149/1803
f 1320/1149/1803 1321/1148/1804 1322/1147/1805
f 1321/1148/1804 1323/1146/1806 1322/1147/1805
f 1322/1147/1805 1323/1146/1806 1222/1109/1699
f 1323/1146/1806 1220/1107/1697 1222/1109/1699
f 1324/1170/1807 1268/1150/1745 1325/1171/1808
f 1325/1171/1808 1268/1150/1745 1326/1170/1809
f 1268/1150/1745 1266/1148/1743 1326/1170/1809
f 1326/1170/1809 1266/1148/1743 1327/1172/1810
f 1266/1148/1743 1264/1146/1741 1327/1172/1810
f 1327/1172/1810 1264/1146/1741 1328/1173/1811
f 1264/1146/1741 1217/1107/1739 1328/1173/1811
f 1328/1173/1811 1217/1107/1739 1219/1174/1812
f 1242/1154/1751 1244/1167/1813 1273/1153/1750
f 1244/1167/1813 1329/1168/1814 1273/1153/1750
f 1273/1153/1750 1329/1168/1814 1272/1152/1749
f 1329/1168/1814 1330/1112/1815 1272/1152/1749
f 1272/1152/1749 1330/1112/1815 1271/1114/1748
f 1330/1112/1815 1331/1113/1816 1271/1114/1748
f 1271/1114/1748 1331/1113/1816 1270/1115/1747
f 1331/1113/1816 1269/1151/1746 1270/1115/1747
f 1240/1175/1817 1332/1157/1818 1242/1128/1719
f 1242/1128/1719 1332/1157/1818 1243/1129/1720
f 1332/1157/1818 1298/1090/1778 1243/1129/1720
f 1243/1129/1720 1298/1090/1778 1246/1132/1723
f 1298/1090/1778 1333/1176/1819 1246/1132/1723
f 1246/1132/1723 1333/1176/1819 1248/1134/1725
f 1333/1176/1819 1300/1092/1780 1248/1134/1725
f 1248/1134/1725 1300/1092/1780 1250/1094/1727
f 1279/1131/1759 1281/1129/1761 1312/1130/1820
f 1312/1130/1820 1281/1129/1761 1310/1128/1821
f 1281/1129/1761 1282/1157/1762 1310/1128/1821
f 1310/1128/1821 1282/1157/1762 1308/1175/1822
f 1282/1157/1762 1283/1158/1763 1308/1175/1822
f 1192/1080/1669 1308/1175/1822 1283/1158/1763
f 1192/1080/1669 1283/1158/1763 1193/1081/1670
f 1217/1104/1694 1262/1156/1823 1215/1102/1692
f 1262/1156/1823 1247/1133/1724 1215/1102/1692
f 1215/1102/1692 1247/1133/1724 1334/1165/1824
f 1247/1133/1724 1249/1096/1726 1334/1165/1824
f 1334/1165/1824 1249/1096/1726 1213/1098/1690
f 1249/1096/1726 1209/1097/1686 1213/1098/1690
f 1213/1098/1690 1209/1097/1686 1211/1099/1688
f 1205/1093/1682 1314/1139/1797 1203/1091/1680
f 1314/1139/1797 1315/1141/1798 1203/1091/1680
f 1203/1091/1680 1315/1141/1798 1201/1177/1825
f 1315/1141/1798 1316/1143/1799 1201/1177/1825
f 1201/1177/1825 1316/1143/1799 1199/1087/1676
f 1316/1143/1799 1197/1085/1674 1199/1087/1676
f 1268/1150/1745 1324/1170/1807 1321/1148/1804
f 1324/1170/1807 1335/1172/1826 1321/1148/1804
f 1321/1148/1804 1335/1172/1826 1323/1146/1806
f 1335/1172/1826 1336/1173/1827 1323/1146/1806
f 1323/1146/1806 1336/1173/1827 1220/1107/1697
f 1336/1173/1827 1337/1174/1828 1220/1107/1697
f 1225/1178/1829 1338/1179/1830 1227/1180/1831
f 1227/1180/1831 1338/1179/1830 1284/1181/1832
f 1338/1179/1830 1339/1182/1833 1284/1181/1832
f 1284/1181/1832 1339/1182/1833 1340/1183/1834
f 1339/1182/1833 1341/1184/1835 1340/1183/1834
f 1340/1183/1834 1341/1184/1835 1342/1185/1836
f 1225/1186/1837 1313/1187/1838 1338/1188/1839
f 1313/1187/1838 1311/1189/1840 1338/1188/1839
f 1338/1188/1839 1311/1189/1840 1339/1190/1841
f 1311/1189/1840 1309/1191/1842 1339/1190/1841
f 1339/1190/1841 1309/1191/1842 1341/1192/1843
f 1309/1191/1842 1307/1193/1844 1341/1192/1843
f 1244/1167/1813 1245/1169/1845 1329/1168/1814
f 1245/1169/1845 1343/1110/1846 1329/1168/1814
f 1329/1168/1814 1343/1110/1846 1330/1112/1815
f 1343/1110/1846 1344/1111/1847 1330/1112/1815
f 1330/1112/1815 1344/1111/1847 1331/1113/1816
f 1344/1111/1847 1269/1151/1746 1331/1113/1816
f 1267/1149/1744 1269/1151/1746 1265/1147/1742
f 1269/1151/1746 1344/1111/1847 1265/1147/1742
f 1265/1147/1742 1344/1111/1847 1263/1109/1740
f 1344/1111/1847 1343/1110/1846 1263/1109/1740
f 1263/1109/1740 1343/1110/1846 1262/1108/1738
f 1343/1110/1846 1245/1169/1845 1262/1108/1738
f 1251/1093/1728 1299/1091/1779 1253/1139/1730
f 1253/1139/1730 1299/1091/1779 1255/1141/1732
f 1299/1091/1779 1297/1177/1848 1255/1141/1732
f 1255/1141/1732 1297/1177/1848 1257/1143/1734
f 1297/1177/1848 1295/1087/1775 1257/1143/1734
f 1257/1143/1734 1295/1087/1775 1259/1085/1736
f 1285/1119/1765 1345/1160/1849 1286/1159/1766
f 1286/1159/1766 1345/1160/1849 1317/1194/1850
f 1345/1160/1849 1342/1161/1851 1317/1194/1850
f 1317/1194/1850 1342/1161/1851 1346/1195/1852
f 1342/1161/1853 1347/1162/1769 1346/1195/1852
f 1293/1084/1673 1294/1086/1675 1292/1081/1774
f 1292/1081/1774 1294/1086/1675 1348/1158/1854
f 1294/1086/1675 1296/1088/1776 1348/1158/1854
f 1348/1158/1854 1296/1088/1776 1332/1157/1818
f 1296/1088/1776 1298/1090/1778 1332/1157/1818
f 1228/1115/1705 1319/1151/1802 1226/1113/1703
f 1226/1113/1703 1319/1151/1802 1224/1111/1701
f 1319/1151/1802 1322/1147/1805 1224/1111/1701
f 1224/1111/1701 1322/1147/1805 1222/1109/1699
f 1204/1092/1681 1202/1090/1679 1349/1176/1855
f 1202/1090/1679 1280/1132/1760 1349/1176/1855
f 1349/1176/1855 1280/1132/1760 1301/1134/1781
f 1280/1132/1760 1278/1133/1758 1301/1134/1781
f 1286/1159/1766 1258/1194/1856 1287/1160/1767
f 1287/1160/1767 1258/1194/1856 1288/1161/1768
f 1258/1194/1856 1350/1195/1857 1288/1161/1768
f 1288/1161/1768 1350/1195/1857 1289/1162/1769
f 1304/1166/1784 1303/1101/1783 1274/1155/1752
f 1274/1155/1752 1303/1101/1783 1275/1103/1753
f 1303/1101/1783 1277/1102/1756 1275/1103/1753
f 1292/1081/1774 1348/1158/1854 1241/1080/1772
f 1241/1080/1772 1348/1158/1854 1240/1175/1817
f 1348/1158/1854 1332/1157/1818 1240/1175/1817
f 1284/1120/1764 1340/1121/1858 1285/1119/1765
f 1285/1119/1765 1340/1121/1858 1345/1160/1849
f 1340/1121/1858 1342/1161/1851 1345/1160/1849
f 1306/1163/1787 1347/1162/1769 1307/1125/1789
f 1307/1125/1789 1347/1162/1769 1341/1123/1859
f 1347/1162/1769 1342/1161/1853 1341/1123/1859
f 1317/1144/1800 1256/1142/1733 1286/1196/1860
f 1286/1196/1860 1256/1142/1733 1258/1144/1735
f 1210/1098/1687 1208/1096/1685 1302/1165/1782
f 1322/1147/1805 1319/1151/1802 1320/1149/1803
f 1313/1168/1795 1225/1112/1702 1223/1110/1700
f 1317/1144/1800 1346/1197/1771 1318/1145/1801
f 1258/1144/1735 1260/1145/1737 1350/1197/1861
f 1333/1176/1819 1298/1090/1778 1300/1092/1780
f 1213/1098/1690 1215/1102/1692 1334/1165/1824
f 1209/1097/1686 1249/1096/1726 1207/1095/1684
f 1247/1133/1724 1262/1156/1823 1245/1131/1722
f 1204/1092/1681 1349/1176/1855 1301/1134/1781
f 1220/1104/1755 1337/1106/1862 1276/1105/1754
