# Blender 4.4.1
# www.blender.org
mtllib Untitled.mtl
o Aladdin
v -0.115689 7.569613 0.273232
v -0.163142 7.429172 0.178088
v -0.124328 7.539127 0.315477
v -0.134586 7.468207 0.351615
v -0.063809 7.588006 0.397445
v -0.067485 7.494087 0.444919
v 0.059994 7.516792 0.488377
v -0.067485 7.430446 0.455197
v 0.059994 7.414439 0.506274
v -0.066203 7.338527 0.430899
v 0.067174 7.321052 0.474062
v -0.063932 7.250452 0.420912
v 0.067174 7.233654 0.463783
v -0.058310 7.157168 0.406756
v 0.067174 7.143045 0.446112
v -0.060014 7.078179 0.426948
v 0.062465 7.065913 0.462460
v -0.032261 6.936180 0.421883
v 0.046367 6.964088 0.449230
v 0.057072 6.868358 0.439841
v 0.105255 6.956380 0.468492
v 0.121045 6.857412 0.473578
v 0.172097 6.929401 0.504725
v 0.199456 6.857412 0.508458
v 0.199456 6.927372 0.518027
v 0.226812 6.929401 0.504725
v 0.229472 6.960835 0.531023
v 0.293658 6.956380 0.468492
v 0.246824 6.980973 0.595730
v 0.304482 6.988075 0.479566
v 0.250008 7.009309 0.612446
v 0.279364 7.028902 0.479721
v 0.235095 7.176425 0.573583
v 0.266057 7.142804 0.471685
v 0.263114 7.232543 0.459841
v 0.331735 7.143045 0.446112
v 0.331735 7.233654 0.463783
v 0.457218 7.157168 0.406761
v 0.462841 7.250452 0.420912
v 0.525462 7.283066 0.362086
v 0.465116 7.338527 0.430899
v 0.466394 7.430446 0.455197
v 0.338915 7.414439 0.506274
v 0.338915 7.516792 0.488377
v 0.257385 7.393218 0.530961
v 0.199456 7.523341 0.509540
v 0.199456 7.384525 0.543559
v 0.141524 7.393218 0.530961
v 0.159798 7.305549 0.519712
v 0.125947 7.312868 0.490082
v 0.135795 7.232543 0.459841
v -0.431146 5.726039 -0.295900
v -0.475578 5.628440 -0.072568
v -0.531544 5.926324 -0.071990
v -0.526901 5.874658 0.114529
v -0.695764 6.121256 0.091746
v -0.489418 6.009632 0.271294
v -0.649651 6.265919 0.229484
v -0.424609 6.352195 0.149769
v -0.381659 6.331679 0.154150
v -0.419986 6.425447 -0.072691
v -0.338050 6.395972 -0.072035
v -0.431084 6.365059 -0.293499
v -0.381659 6.331679 -0.297962
v -0.484439 6.043455 -0.389262
v -0.688526 6.261292 -0.376410
v -0.757069 6.109146 -0.254791
v -0.884844 6.245850 -0.330035
v -1.121106 6.060803 -0.269844
v -1.131114 6.210511 -0.344882
v -1.336402 6.206905 -0.321490
v -1.302510 6.367039 -0.246955
v -1.696505 6.325725 -0.232870
v -1.646654 6.378772 -0.071994
v -1.759163 6.328343 -0.205887
v -1.804161 6.334126 -0.221280
v -1.783629 6.206290 -0.266590
v -1.836189 6.206290 -0.278827
v -1.803989 6.078097 -0.221280
v -2.020793 6.042369 -0.213834
v -1.664752 6.048123 -0.071994
v -1.988549 5.985310 -0.065597
v 2.387458 5.985310 -0.065593
v 2.063661 6.048123 -0.071990
v 2.419707 6.042369 -0.213829
v 2.202902 6.078097 -0.221280
v 2.235102 6.206290 -0.278823
v 2.182538 6.206290 -0.266586
v 2.203074 6.334126 -0.221280
v 2.158076 6.328343 -0.205883
v 2.045563 6.378772 -0.071990
v 2.095414 6.325725 -0.232866
v 1.701419 6.367039 -0.246951
v 1.735315 6.206905 -0.321490
v 1.530027 6.210511 -0.344878
v 1.520015 6.060803 -0.269844
v 1.283756 6.245850 -0.330035
v 1.155982 6.109146 -0.254787
v 1.087435 6.261292 -0.376406
v 0.883352 6.043459 -0.389262
v 0.780568 6.331675 -0.297962
v 0.829997 6.365059 -0.293499
v 0.736963 6.395972 -0.072035
v 0.818895 6.425447 -0.072691
v 0.780568 6.331675 0.154150
v 0.823518 6.352199 0.149769
v 1.048559 6.265919 0.229484
v 0.888331 6.009632 0.271294
v 1.094673 6.121256 0.091746
v 0.925809 5.874658 0.114529
v 0.930457 5.926324 -0.071990
v 0.874487 5.628440 -0.072568
v 0.830054 5.726039 -0.295900
v 0.018512 6.802454 0.406322
v 0.119701 6.754800 0.453648
v 0.138430 6.673459 0.461189
v 0.199456 6.750157 0.487811
v 0.199456 6.663906 0.488229
v 0.260483 6.673459 0.461189
v 0.199456 6.617637 0.437596
v 0.269266 6.635218 0.417514
v 0.199456 6.643104 0.284400
v 0.281622 6.662119 0.267265
v 0.385237 6.743842 0.152076
v 0.366258 6.698778 0.268642
v 0.421851 6.759665 0.178817
v 0.418076 6.781132 0.343148
v 0.478656 6.925930 0.353832
v 0.380397 6.802454 0.406322
v 0.431170 6.936180 0.421883
v 0.341841 6.868358 0.439841
v 0.352546 6.964088 0.449230
v 0.289351 6.992641 0.467607
v -0.266204 0.367086 -0.677928
v -0.328526 0.250774 -0.542207
v -0.372172 0.347197 -0.542548
v -0.339194 0.344689 -0.338620
v -0.287634 0.538523 -0.439588
v -0.159581 0.442034 -0.311822
v -0.158806 0.522798 -0.367361
v -0.014909 0.355554 -0.328051
v -0.029979 0.538523 -0.439588
v 0.045265 0.400819 -0.542207
v -0.052453 0.578587 -0.621434
v -0.052957 0.367082 -0.677928
v -0.159581 0.367086 -0.725349
v -0.159581 0.126549 -0.797707
v -0.322071 0.126549 -0.726037
v -0.359377 -0.000000 -0.542207
v -0.401737 0.202366 -0.110804
v -0.423384 -0.000000 -0.110804
v -0.437076 0.121008 0.218562
v -0.431117 0.000000 0.218743
v -0.413544 0.101677 0.396216
v -0.410036 0.000000 0.382278
v 0.665117 0.367086 -0.677928
v 0.771081 0.347197 -0.542548
v 0.727439 0.250774 -0.542207
v 0.738103 0.344689 -0.338620
v 0.686547 0.538523 -0.439588
v 0.558494 0.442034 -0.311822
v 0.557719 0.522798 -0.367361
v 0.413818 0.355554 -0.328051
v 0.428887 0.538523 -0.439588
v 0.353648 0.400819 -0.542207
v 0.451366 0.578591 -0.621434
v 0.451866 0.367082 -0.677928
v 0.558490 0.367086 -0.725349
v 0.558490 0.126549 -0.797707
v 0.720980 0.126549 -0.726037
v 0.758290 -0.000000 -0.542207
v 0.800646 0.202370 -0.110804
v 0.822292 -0.000000 -0.110804
v 0.835985 0.121008 0.218562
v 0.830030 0.000000 0.218743
v 0.812452 0.101681 0.396216
v 0.808944 0.000000 0.382278
v -3.217443 6.225646 0.145794
v -3.191763 6.308164 0.122856
v -3.220114 6.303442 0.123377
v -3.195590 6.317914 0.063145
v -3.220114 6.303442 0.063145
v -3.229180 6.225646 0.040375
v -3.389096 6.284829 0.063043
v -3.389064 6.223925 0.042752
v -3.412715 6.285758 0.061948
v -3.521698 6.276443 0.064465
v -3.412715 6.285758 0.124077
v -3.521698 6.276443 0.121565
v -3.389064 6.223925 0.143273
v -3.521698 6.223867 0.136901
v -3.402768 6.195454 0.093001
v -3.513240 6.202147 0.093001
v -3.521698 6.223867 0.049129
v -3.538485 6.204872 0.093001
v -3.612753 6.229301 0.058371
v -3.612753 6.229301 0.127631
v -3.624461 6.272980 0.065350
v -3.624461 6.272980 0.120651
v 3.616351 6.225646 0.145802
v 3.619023 6.303442 0.123381
v 3.590672 6.308164 0.122860
v 3.594500 6.317914 0.063149
v 3.619023 6.303442 0.063149
v 3.628088 6.225646 0.040379
v 3.788005 6.284829 0.063047
v 3.787973 6.223920 0.042756
v 3.811623 6.285758 0.061956
v 3.920608 6.276440 0.064469
v 3.811623 6.285758 0.124081
v 3.920608 6.276443 0.121573
v 3.787973 6.223920 0.143282
v 3.920608 6.223863 0.136909
v 3.801677 6.195454 0.093005
v 3.912149 6.202142 0.093005
v 3.920608 6.223863 0.049133
v 3.937394 6.204872 0.093005
v 4.011658 6.229301 0.058375
v 4.011662 6.229301 0.127635
v 4.023366 6.272976 0.065358
v 4.023366 6.272976 0.120655
v 0.199456 7.261034 0.668067
v 0.218911 7.336449 0.673403
v 0.199456 7.326077 0.692345
v 0.240209 7.414618 0.707119
v 0.199456 7.406533 0.760753
v 0.276704 7.536008 0.690546
v 0.199456 7.574384 0.771654
v 0.318264 7.638595 0.577779
v 0.199456 7.726350 0.663604
v 0.299818 7.797585 0.492094
v 0.199456 7.853916 0.539998
v 0.317174 7.872432 0.302940
v 0.199456 7.930028 0.330960
v 0.317666 7.863353 0.125274
v 0.199456 7.902040 0.132536
v 0.199456 7.852014 0.055928
v 0.011541 7.914651 0.132536
v -0.035359 7.807060 0.015704
v -0.212304 7.799265 0.103996
v -0.219444 7.634255 -0.202158
v -0.319616 7.621276 0.015704
v 0.061916 7.631542 0.429907
v 0.199456 7.643992 0.448062
v 0.199456 7.691872 0.400183
v 0.336993 7.631542 0.429907
v 0.462718 7.588006 0.397445
v 0.466394 7.494087 0.444919
v 0.533499 7.468207 0.351615
v 0.533499 7.394169 0.364065
v 0.555178 7.318458 0.219173
v 0.514565 7.200245 0.345877
v 0.543498 7.131439 0.093144
v 0.513594 7.110944 0.362787
v 0.539609 6.964949 0.028941
v 0.505774 6.883202 0.060665
v 0.459567 6.864748 0.028740
v 0.132852 7.142804 0.471685
v 0.119549 7.028902 0.479721
v 0.109558 6.992641 0.467607
v 0.094427 6.988075 0.479566
v 0.152085 6.980973 0.595730
v 0.148901 7.009309 0.612446
v 0.199456 6.971817 0.607324
v 0.199456 7.007087 0.628196
v 0.199456 7.176660 0.584562
v 0.199456 7.306016 0.529986
v 0.239111 7.305549 0.519712
v -0.564555 6.428299 -0.300978
v -0.772630 6.418549 -0.304035
v -0.547978 6.504403 -0.071990
v -0.802068 6.494662 -0.071994
v -0.772630 6.418549 0.160310
v -1.001512 6.376100 0.116131
v -0.834603 6.251903 0.183112
v -1.023040 6.207351 0.191936
v -1.023040 6.062639 0.112184
v -1.257294 6.206945 0.176674
v -1.280183 6.055037 0.092898
v -1.536719 6.206294 0.102873
v -1.567362 6.082692 0.041826
v -1.750335 6.082692 0.062166
v -1.964177 6.035763 0.101357
v -2.402326 6.058131 -0.054093
v -3.202922 6.322511 0.015569
v -3.202922 6.322511 -0.048466
v -3.233179 6.309967 -0.048466
v -3.229180 6.225646 -0.073269
v -3.416461 6.289148 -0.048691
v -3.416420 6.223789 -0.070527
v -3.441873 6.290144 -0.049868
v -3.558669 6.280123 -0.047159
v -3.441873 6.290144 0.016999
v -3.558669 6.280120 0.014298
v -3.416420 6.223789 0.037662
v -3.558665 6.223917 0.033289
v -3.431169 6.193151 -0.016447
v -3.550812 6.200155 -0.016447
v -3.558665 6.223917 -0.066150
v -3.576488 6.203327 -0.016447
v -3.658616 6.232699 -0.053720
v -3.658616 6.232699 0.020823
v -3.670255 6.276394 -0.045515
v -3.670255 6.276394 0.012618
v -2.671911 6.286705 -0.153512
v -2.747134 6.294431 -0.195416
v -2.671911 6.320348 -0.052109
v -2.747048 6.313529 -0.041274
v -2.903051 6.331872 -0.019807
v -2.748642 6.290398 0.095951
v -2.895187 6.307172 0.127786
v -2.806755 6.194655 0.185280
v -2.983421 6.138546 0.246151
v -2.983417 6.065827 0.246151
v -3.162924 6.136010 0.233004
v -3.162920 6.068344 0.233004
v -3.188833 6.068344 0.234025
v -3.162883 6.049672 0.174219
v -3.260597 6.042976 0.169510
v -3.237430 6.102191 0.124831
v -3.309464 6.058975 0.164801
v -3.309464 6.145374 0.164801
v -3.324127 6.068975 0.209566
v -3.324127 6.135378 0.209566
v -3.177649 6.308504 -0.199621
v -3.169952 6.297754 -0.250984
v -3.194714 6.293082 -0.251119
v -3.190853 6.225679 -0.270696
v -3.320492 6.276710 -0.250968
v -3.320464 6.224171 -0.268348
v -3.340725 6.277504 -0.251902
v -3.435029 6.269521 -0.249746
v -3.340725 6.277504 -0.198682
v -3.435029 6.269521 -0.200834
v -3.320464 6.224171 -0.182236
v -3.435033 6.223769 -0.187699
v -3.332205 6.199786 -0.225304
v -3.430722 6.205597 -0.225304
v -3.435033 6.223769 -0.262885
v -3.448996 6.208101 -0.225304
v -3.512535 6.231261 -0.254967
v -3.512535 6.231261 -0.195642
v -3.521194 6.266562 -0.246964
v -3.521194 6.266562 -0.203645
v 3.070820 6.085880 -0.052105
v 3.070820 6.119523 0.037564
v 2.801239 6.099535 0.060539
v 2.801239 6.206491 0.106443
v 2.354459 6.206491 0.170109
v 2.362094 6.359695 0.108168
v 2.185231 6.206294 0.120504
v 2.149244 6.331737 0.062165
v 1.935628 6.206294 0.102873
v 1.966275 6.331737 0.041830
v 1.610369 6.370768 0.104992
v 1.610369 6.430562 -0.071990
v 1.424194 6.436635 -0.071990
v 1.400425 6.376100 -0.259857
v 1.200981 6.494662 -0.071990
v 1.171539 6.418549 -0.304035
v 0.946891 6.504403 -0.071990
v 0.963468 6.428299 -0.300978
v 3.576562 6.308504 -0.199617
v 3.593623 6.293082 -0.251115
v 3.568861 6.297754 -0.250980
v 3.589762 6.225679 -0.270688
v 3.719405 6.276710 -0.250959
v 3.719377 6.224171 -0.268344
v 3.739638 6.277501 -0.251898
v 3.833942 6.269521 -0.249742
v 3.739638 6.277501 -0.198678
v 3.833942 6.269521 -0.200826
v 3.719377 6.224171 -0.182232
v 3.833942 6.223765 -0.187691
v 3.731118 6.199782 -0.225300
v 3.829635 6.205597 -0.225296
v 3.833942 6.223765 -0.262881
v 3.847905 6.208101 -0.225296
v 3.911448 6.231261 -0.254963
v 3.911448 6.231261 -0.195633
v 3.920104 6.266559 -0.246955
v 3.920104 6.266559 -0.203641
v 3.070820 6.286705 -0.153508
v 3.070820 6.320348 -0.052105
v 3.146043 6.294426 -0.195412
v 3.145957 6.313529 -0.041265
v 3.301960 6.331872 -0.019803
v 3.147551 6.290398 0.095955
v 3.294096 6.307172 0.127790
v 3.205660 6.194655 0.185284
v 3.382330 6.138546 0.246159
v 3.382326 6.065824 0.246159
v 3.561828 6.136010 0.233008
v 3.561828 6.068344 0.233012
v 3.587742 6.068344 0.234029
v 3.561792 6.049668 0.174223
v 3.659506 6.042972 0.169514
v 3.636338 6.102191 0.124836
v 3.708373 6.058975 0.164810
v 3.708373 6.145374 0.164810
v 3.723036 6.068971 0.209575
v 3.723036 6.135378 0.209575
v 3.601831 6.322511 0.015577
v 3.632088 6.309963 -0.048458
v 3.601831 6.322511 -0.048458
v 3.628088 6.225646 -0.073264
v 3.815369 6.289148 -0.048683
v 3.815328 6.223789 -0.070523
v 3.840786 6.290144 -0.049859
v 3.957578 6.280120 -0.047155
v 3.840786 6.290144 0.017003
v 3.957578 6.280120 0.014302
v 3.815328 6.223789 0.037666
v 3.957578 6.223917 0.033294
v 3.830078 6.193151 -0.016443
v 3.949722 6.200155 -0.016443
v 3.957578 6.223917 -0.066146
v 3.975397 6.203327 -0.016443
v 4.057529 6.232699 -0.053712
v 4.057529 6.232699 0.020827
v 4.069168 6.276394 -0.045507
v 4.069168 6.276394 0.012622
v -3.184820 6.313627 -0.157094
v -3.212303 6.304250 -0.157200
v -3.193923 6.318626 -0.096296
v -3.212303 6.304250 -0.096190
v -3.383384 6.285460 -0.156987
v -3.383384 6.285460 -0.096378
v -3.407256 6.286402 -0.158094
v -3.407256 6.286402 -0.095272
v -3.517387 6.276980 -0.097862
v -3.383343 6.223904 -0.075859
v -3.517387 6.223876 -0.082326
v -3.397203 6.195118 -0.126697
v -3.509687 6.201327 -0.126168
v -3.517387 6.223876 -0.171081
v -3.534686 6.204376 -0.126168
v -3.610851 6.232269 -0.161766
v -3.610851 6.232269 -0.091731
v -3.621441 6.273480 -0.152315
v -3.621441 6.273480 -0.101182
v 3.583730 6.313627 -0.157085
v 3.592832 6.318626 -0.096292
v 3.611212 6.304250 -0.157196
v 3.611212 6.304250 -0.096186
v 3.782293 6.285460 -0.156983
v 3.782293 6.285460 -0.096370
v 3.806169 6.286398 -0.158089
v 3.806169 6.286398 -0.095268
v 3.916296 6.276980 -0.097858
v 3.782252 6.223900 -0.075855
v 3.916296 6.223871 -0.082322
v 3.796112 6.195118 -0.126689
v 3.908596 6.201323 -0.126164
v 3.916296 6.223871 -0.171077
v 3.933595 6.204376 -0.126164
v 4.009760 6.232269 -0.161757
v 4.009760 6.232269 -0.091727
v 4.020354 6.273476 -0.152307
v 4.020354 6.273476 -0.101177
v -2.402326 6.099535 0.060534
v -2.671911 6.085880 -0.052109
v -2.671911 6.119526 0.037560
v -2.402330 6.206491 0.106439
v -2.671911 6.205487 0.074698
v -2.402330 6.320319 0.060534
v -2.671911 6.286705 0.037560
v -2.402330 6.363683 -0.054093
v -2.402330 6.320319 -0.179306
v -2.402330 6.206491 -0.229665
v -2.671911 6.205487 -0.190654
v -2.402326 6.099539 -0.179306
v -2.671911 6.119523 -0.153512
v 0.742750 7.279222 0.084038
v 0.703432 7.355674 0.269958
v 0.636516 7.282037 0.261142
v 0.648946 7.421123 0.423457
v 0.677891 7.547905 0.230332
v 0.629459 7.603342 0.378200
v 0.613619 7.612608 0.211955
v 0.556793 7.682216 0.411756
v 0.510012 7.796586 0.235959
v 0.484095 7.769979 0.384405
v 0.392487 7.781643 0.235959
v 0.428785 7.727727 0.456492
v 0.353886 7.687659 0.444194
v 0.471984 7.629005 0.513118
v 0.384639 7.577363 0.489987
v 0.551039 7.515423 0.493942
v 0.455432 7.448241 0.465841
v 0.547474 7.357830 0.401916
v 0.080645 7.638595 0.577779
v 0.138368 7.584667 0.632749
v 0.199456 7.534246 0.555317
v 0.114390 7.471670 0.595185
v 0.042908 7.597203 0.676268
v -0.027942 7.364850 0.571013
v -0.108673 7.427409 0.633786
v -0.131811 7.271091 0.449038
v -0.207981 7.300209 0.477680
v -0.196969 7.228477 0.275880
v -0.285945 7.281533 0.290269
v -0.343837 7.279222 0.084038
v -0.425019 7.364227 0.081435
v -0.488185 7.325658 -0.078219
v -0.403097 7.550570 0.038129
v -0.449153 7.462638 -0.120206
v -0.043347 7.770664 -0.280905
v 0.199456 7.813208 -0.296528
v -0.039786 7.589273 -0.444719
v 0.199456 7.584162 -0.506357
v -0.030052 7.430921 -0.506377
v 0.199456 7.430921 -0.564244
v 0.067043 7.314302 -0.557044
v 0.199456 7.153156 -0.580522
v 0.124639 7.153156 -0.571711
v 0.199456 6.940770 -0.488255
v 0.018753 6.940770 -0.456805
v 0.022262 6.732945 -0.417474
v 0.011340 6.761091 -0.367353
v 0.024216 6.628018 -0.329067
v 0.017208 6.864092 -0.255562
v 0.381700 6.864092 -0.255562
v 0.374692 6.628018 -0.329067
v 0.387569 6.761091 -0.367353
v 0.376651 6.732949 -0.417470
v 0.380160 6.940770 -0.456805
v 0.274274 7.153156 -0.571711
v 0.331870 7.314302 -0.557039
v 0.428965 7.430925 -0.506377
v 0.438699 7.589273 -0.444719
v 0.442256 7.770664 -0.280905
v 0.434268 7.807060 0.015708
v 0.618352 7.634255 -0.202158
v -0.172412 5.124825 -0.037962
v -0.258459 5.111470 0.181514
v -0.259360 5.310205 -0.085489
v -0.346132 5.310205 0.151995
v -0.214944 5.101728 0.325239
v -0.296785 5.313200 0.319341
v -0.078366 5.092946 0.471496
v -0.152729 5.314054 0.473709
v 0.199456 5.087843 0.565120
v 0.199456 5.314172 0.576845
v 0.551642 5.314054 0.473709
v 0.327899 5.658410 0.574419
v 0.632356 5.606146 0.458550
v 0.658896 5.701045 0.478603
v 0.811022 5.695836 0.258610
v 0.821424 5.777730 0.346148
v 2.801239 6.058131 -0.054089
v 2.363086 6.035763 0.101361
v 2.149244 6.082692 0.062166
v 1.966275 6.082692 0.041830
v 1.679092 6.055037 0.092902
v 1.656207 6.206945 0.176674
v 1.421949 6.062639 0.112188
v 1.421949 6.207347 0.191936
v 1.233516 6.251903 0.183112
v 1.400425 6.376100 0.116131
v 1.171539 6.418549 0.160310
v -0.445690 5.560357 -0.072568
v -0.354271 5.458552 0.289617
v -0.412109 5.695836 0.258606
v -0.233443 5.606146 0.458550
v 0.071010 5.658410 0.574419
v 0.199456 5.636800 0.580374
v 0.199456 5.791771 0.540269
v 0.334948 5.730646 0.592623
v 0.327575 6.037189 0.493655
v 0.692092 6.036849 0.360336
v -3.097610 6.325508 -0.012783
v -3.094123 6.300217 0.136163
v -3.028190 6.194282 0.163072
v -3.027990 6.167623 0.147777
v -3.162883 6.154685 0.174219
v -3.188833 6.136010 0.234025
v -3.260592 6.161378 0.169510
v -3.081504 6.297160 -0.247677
v -2.893453 6.304365 -0.235222
v -2.891695 6.170369 -0.255775
v -2.737811 6.161877 -0.215944
v -2.883708 6.115297 -0.194892
v -2.737811 6.106142 -0.155672
v -2.737811 6.075352 -0.047679
v -2.737811 6.104305 0.058453
v 3.659502 6.161373 0.169514
v 3.587742 6.136010 0.234029
v 3.561792 6.154681 0.174223
v 3.426899 6.167623 0.147782
v 3.427099 6.194282 0.163076
v 3.493032 6.300213 0.136167
v 3.496523 6.325508 -0.012775
v 3.070820 6.205487 0.074706
v 2.801239 6.320319 0.060539
v 3.070820 6.286705 0.037564
v 2.801239 6.363683 -0.054089
v 2.801239 6.320319 -0.179302
v 2.801239 6.206491 -0.229661
v 3.070820 6.205487 -0.190650
v 2.801239 6.099535 -0.179302
v 3.070820 6.119523 -0.153508
v 3.136719 6.104305 0.058457
v 3.136719 6.075352 -0.047671
v 3.136719 6.106142 -0.155667
v 3.282617 6.115297 -0.194887
v 3.136719 6.161877 -0.215940
v 3.290604 6.170369 -0.255771
v 3.292362 6.304360 -0.235218
v 3.480413 6.297156 -0.247668
v 0.199456 6.885218 -0.257353
v -0.011078 6.870510 -0.169097
v -0.049732 6.993403 -0.166093
v -0.057510 6.829798 -0.017754
v -0.050867 6.559524 -0.057581
v 0.033970 6.420844 0.112873
v -0.143770 6.374956 0.085202
v 0.061100 6.329601 0.196456
v -0.148323 6.330749 0.201374
v 0.099181 6.294250 0.280789
v 0.071334 6.037189 0.493651
v 0.199456 6.255919 0.276142
v 0.199456 6.025435 0.466214
v -0.003078 6.607179 -0.223518
v 0.199456 6.833130 -0.243431
v 0.199456 6.583311 -0.295380
v 0.401987 6.607179 -0.223518
v 0.409986 6.870510 -0.169097
v 0.449780 6.559524 -0.057581
v 0.456423 6.829798 -0.017754
v 0.364939 6.420844 0.112877
v 0.376746 6.683414 0.135352
v 0.199456 6.447307 0.187481
v 0.199456 6.613555 0.234225
v 0.022163 6.683414 0.135352
v 0.013676 6.743842 0.152076
v -0.060654 6.864748 0.028740
v 0.010791 7.274615 -0.616193
v -0.092276 7.399402 -0.560728
v -0.080608 7.101145 -0.558962
v -0.210563 7.198683 -0.492251
v -0.195789 7.068401 -0.455231
v -0.334973 7.298536 -0.282303
v -0.266413 7.063725 -0.368472
v -0.328674 7.189704 -0.142676
v -0.289773 7.063725 -0.219604
v -0.375848 7.027902 -0.063207
v -0.316268 6.947647 -0.161442
v -0.351497 6.837327 -0.049687
v -3.203681 6.225601 -0.180343
v -3.383343 6.223904 -0.177507
v -3.517387 6.276980 -0.155602
v -3.542010 6.279218 -0.156725
v -3.542010 6.279218 -0.096755
v 3.940918 6.279213 -0.096747
v 3.940918 6.279218 -0.156721
v 3.916296 6.276980 -0.155598
v 3.782252 6.223900 -0.177499
v 3.602589 6.225597 -0.180339
v 0.750405 6.837330 -0.049687
v 0.715177 6.947647 -0.161442
v 0.774757 7.027902 -0.063207
v 0.688686 7.063725 -0.219604
v 0.727587 7.189704 -0.142676
v 0.665322 7.063725 -0.368472
v 0.733881 7.298536 -0.282303
v 0.594697 7.068401 -0.455231
v 0.609476 7.198683 -0.492251
v 0.479517 7.101145 -0.558957
v 0.491185 7.399402 -0.560728
v 0.388122 7.274615 -0.616193
v -1.001512 6.376100 -0.259857
v -1.025286 6.436635 -0.071994
v -1.211456 6.430562 -0.071994
v -1.211460 6.370768 0.104988
v -1.567362 6.331737 0.041826
v -1.750335 6.331737 0.062165
v -1.786322 6.206294 0.120504
v -1.963181 6.359695 0.108164
v -1.955550 6.206491 0.170105
v -0.144589 7.131439 0.093144
v -0.153679 7.039533 0.028941
v -0.140700 6.964949 0.028941
v -0.096198 6.964949 -0.013131
v -0.106865 6.883202 0.060665
v -0.022942 6.759665 0.178817
v 0.032651 6.698778 0.268642
v 0.117291 6.662119 0.267265
v 0.129643 6.635218 0.417514
v -0.079743 6.925930 0.353832
v -0.114685 7.110944 0.362787
v -0.115656 7.200245 0.345877
v -0.156265 7.318458 0.219173
v -0.126553 7.283066 0.362086
v -0.134586 7.394169 0.364065
v 0.823932 7.364227 0.081435
v 0.802010 7.550570 0.038129
v 0.718525 7.621276 0.015708
v 0.637590 7.762853 0.015708
v 0.521757 7.824064 0.015708
v 0.407495 7.804491 0.101881
v -3.157596 6.179541 0.093001
v -3.105212 6.199807 0.157519
v -3.101315 6.165271 0.094193
v -3.163653 6.176664 -0.016447
v -2.893347 6.132821 -0.041171
v -3.149350 6.179119 -0.126693
v -3.139769 6.184938 -0.225304
v -3.088389 6.191922 -0.267422
v 3.487298 6.191922 -0.267414
v 3.538678 6.184938 -0.225296
v 3.548259 6.179115 -0.126689
v 3.292256 6.132821 -0.041167
v 3.562562 6.176664 -0.016443
v 3.500224 6.165271 0.094197
v 3.556505 6.179541 0.093005
v 3.504122 6.199807 0.157523
v -0.564555 6.428299 0.157252
v -0.787117 6.047976 -0.071990
v -1.050133 6.002501 -0.071994
v 0.044417 7.949425 0.330960
v 0.019180 7.881530 0.484910
v 0.012184 7.797036 0.597996
v -0.183383 7.696073 0.482455
v -0.140778 7.498890 0.606311
v -0.336243 7.570117 0.255102
v -0.054474 7.462617 0.466623
v -0.058301 7.627919 0.339910
v -0.309584 7.298090 0.100803
v -0.252381 7.380149 0.042109
v 0.199456 6.354707 0.188465
v 0.337808 6.329601 0.196456
v 0.542679 6.374956 0.085202
v 0.547232 6.330749 0.201374
v 0.495111 6.964949 -0.013131
v 0.448645 6.993403 -0.166093
v 0.524614 7.024562 -0.019947
v 0.562067 7.188872 -0.090715
v -0.277675 7.344830 -0.488632
v -0.313891 7.514378 -0.386549
v -0.176531 7.568400 -0.372599
v -0.343689 7.596190 -0.194801
v -0.414798 7.514144 -0.168196
v -0.410646 7.431258 -0.049458
v -0.455739 7.335413 -0.110259
v -0.361148 7.239096 -0.071715
v -1.280183 5.995244 -0.071994
v -1.346193 6.043025 -0.234898
v -1.696505 6.086536 -0.232870
v -1.758999 6.083880 -0.205887
v -3.398342 6.194135 -0.016447
v -3.251896 6.189889 -0.016447
v -3.416461 6.289148 0.015823
v -3.233179 6.309967 0.015569
v -3.306079 6.200564 -0.225304
v -3.213545 6.198147 -0.225304
v -3.320496 6.276710 -0.199621
v -3.194714 6.293082 -0.199486
v -2.737811 6.182365 0.114430
v -2.807345 6.088036 0.185280
v -2.860655 6.037799 0.087784
v -3.027990 6.036550 0.147777
v -3.032194 6.102187 0.119918
v -3.144457 6.102191 0.147314
v 2.157912 6.083880 -0.205883
v 2.095414 6.086536 -0.232866
v 1.745106 6.043025 -0.234894
v 1.679092 5.995244 -0.071990
v 1.449042 6.002501 -0.071990
v 1.186030 6.047976 -0.071990
v 3.136719 6.182360 0.114434
v 3.206254 6.088036 0.185284
v 3.259564 6.037799 0.087788
v 3.426899 6.036546 0.147782
v 3.431103 6.102187 0.119922
v 3.543366 6.102187 0.147318
v 3.704988 6.200564 -0.225300
v 3.612458 6.198147 -0.225296
v 3.719405 6.276710 -0.199613
v 3.593623 6.293082 -0.199482
v 3.797255 6.194135 -0.016443
v 3.650805 6.189889 -0.016443
v 3.815369 6.289148 0.015827
v 3.632088 6.309963 0.015577
v 0.760057 7.239096 -0.071715
v 0.854648 7.335416 -0.110259
v 0.708493 7.298090 0.100803
v 0.809559 7.431258 -0.049458
v 0.813707 7.514144 -0.168196
v 0.742602 7.596190 -0.194801
v 0.712800 7.514378 -0.386549
v 0.575444 7.568400 -0.372599
v 0.676584 7.344830 -0.488628
v 0.179998 7.336445 0.673403
v 0.199456 7.346785 0.654334
v 0.158700 7.414618 0.707119
v 0.199456 7.420151 0.669719
v 0.122205 7.536008 0.690546
v 0.199456 7.507960 0.631101
v 0.199456 6.639395 -0.364697
v 0.532011 6.907234 -0.113677
v 0.720923 6.908197 -0.081981
v -3.372269 6.196368 0.093001
v -3.239138 6.192540 0.093001
v -3.389096 6.284829 0.122983
v -0.307936 -0.000000 -0.704874
v -0.159581 -0.000000 -0.769913
v 0.002910 0.126549 -0.726037
v 0.004492 0.289441 -0.542207
v -0.159581 0.292380 -0.015713
v -0.121016 0.138172 0.301429
v -0.121016 0.107394 0.544269
v -0.121016 0.000000 0.528241
v 0.051338 0.000000 0.522831
v 0.558494 0.292380 -0.015713
v 0.519929 0.138172 0.301429
v 0.519929 0.107398 0.544269
v 0.519929 0.000000 0.528241
v 0.347575 0.000000 0.522831
v 0.394417 0.289441 -0.542207
v 0.396003 0.126549 -0.726037
v 0.558494 -0.000000 -0.769913
v 0.706849 -0.000000 -0.704874
v 3.576828 6.102187 0.144290
v 3.771174 6.196364 0.093005
v 3.638047 6.192536 0.093005
v 3.788005 6.284829 0.122987
v 0.279208 6.754804 0.453648
v 0.277864 6.857412 0.473578
v 0.552588 7.039533 0.028941
v 0.562600 7.003776 -0.013025
v 0.585854 7.019022 -0.064650
v 0.608418 7.088744 -0.101518
v 0.563227 7.214962 0.039035
v 0.685133 7.196523 -0.139590
v 0.624639 7.317642 -0.013594
v 0.681879 7.298749 -0.099895
v 0.457210 7.627919 0.339910
v 0.514598 7.569613 0.273232
v 0.562051 7.429172 0.178088
v 0.651294 7.380149 0.042109
v -0.317190 1.130835 -0.587091
v -0.158806 1.140962 -0.658646
v -0.158806 0.588005 -0.666330
v -0.000426 1.130839 -0.587091
v 0.033048 1.092751 -0.318264
v -0.158806 1.077292 -0.209100
v 0.399335 1.130839 -0.587091
v 0.557719 1.140962 -0.658646
v 0.557719 0.588005 -0.666330
v 0.716099 1.130839 -0.587091
v 0.664068 0.578591 -0.621434
v 0.749573 1.092751 -0.318264
v 0.557719 1.077292 -0.209100
v 0.963468 6.428299 0.157252
v 0.013791 7.701085 0.699886
v -0.187920 7.503968 0.658551
v -0.161909 7.569228 0.569358
v -0.283130 7.335154 0.482176
v -0.250881 7.372669 0.432477
v -0.276044 7.205908 0.342451
v 0.199456 6.268181 0.225775
v 0.299732 6.294250 0.280789
v -0.097837 6.924488 -0.464682
v -0.108714 6.733080 -0.420355
v -0.007205 6.732945 -0.437929
v -0.007205 6.621858 -0.452252
v -0.050859 6.695425 -0.343682
v -0.082661 6.643284 -0.384873
v -0.125705 7.024562 -0.019951
v -0.163691 7.003776 -0.013029
v -0.186941 7.019022 -0.064650
v -0.209505 7.088744 -0.101522
v -0.164318 7.214962 0.039031
v -0.286224 7.196523 -0.139590
v -0.225726 7.317642 -0.013598
v -0.282966 7.298749 -0.099895
v -3.584521 6.282500 -0.048941
v -3.584521 6.282500 0.016060
v -3.231512 6.192369 -0.126693
v -3.366359 6.196040 -0.126697
v -3.545276 6.278484 0.062944
v -3.545276 6.278484 0.123077
v -3.453631 6.270304 -0.249685
v -3.453631 6.270304 -0.200908
v -0.021397 -0.000000 -0.542207
v 0.017790 0.045216 -0.259614
v 0.081346 -0.000000 -0.015499
v 0.080321 0.000000 0.296666
v -0.121016 0.000000 0.296666
v 0.076436 0.219825 0.037851
v -0.011225 -0.000000 -0.704874
v 0.322477 0.219825 0.037851
v 0.381118 0.045216 -0.259614
v 0.420310 -0.000000 -0.542207
v 0.410134 -0.000000 -0.704874
v 0.317563 -0.000000 -0.015499
v 0.318592 0.000000 0.296666
v 0.519929 0.000000 0.296666
v 3.852544 6.270304 -0.200904
v 3.852544 6.270304 -0.249681
v 3.944185 6.278480 0.123086
v 3.944185 6.278480 0.062952
v 3.765269 6.196040 -0.126689
v 3.630420 6.192369 -0.126689
v 3.983429 6.282496 0.016069
v 3.983429 6.282496 -0.048937
v 0.571325 5.124825 -0.037962
v 0.658273 5.310205 -0.085489
v 0.657372 5.111470 0.181514
v 0.745041 5.310205 0.151995
v 0.613853 5.101728 0.325239
v 0.695698 5.313200 0.319341
v 0.477275 5.092946 0.471496
v 0.481574 6.643284 -0.384873
v 0.449772 6.695429 -0.343682
v 0.406114 6.621858 -0.452252
v 0.406114 6.732949 -0.437929
v 0.507627 6.733080 -0.420355
v 0.496750 6.924488 -0.464682
v -2.038215 6.206491 -0.287040
v -2.021732 6.360404 -0.218145
v 2.420645 6.360404 -0.218141
v 2.437128 6.206491 -0.287036
v -0.157441 7.847723 0.293301
v 0.063961 5.730646 0.592619
v -0.259987 5.701045 0.478603
v -0.293179 6.036849 0.360336
v -0.422515 5.777730 0.346148
v -0.372402 7.316425 -0.422458
v -0.404987 7.451749 -0.327666
v -0.319690 7.240710 -0.416319
v -0.428916 7.225276 -0.293683
v -0.275179 6.993083 -0.374668
v -0.339177 7.162553 -0.215821
v -0.003389 6.596572 -0.299064
v -0.136819 6.636825 -0.218010
v -0.179551 6.837327 -0.391680
v -0.133098 6.907234 -0.113677
v -0.256061 6.759120 -0.118120
v -0.322010 6.908197 -0.081981
v 0.169437 6.960835 0.531023
v 0.199456 6.956338 0.543498
v -0.019167 6.781132 0.343148
v -3.177919 6.102191 0.144286
v 0.458923 7.078179 0.426948
v 0.336444 7.065913 0.462460
v 0.331735 7.321052 0.474062
v 0.272962 7.312868 0.490086
v 0.523237 7.539127 0.315477
v 0.771315 7.316421 -0.422458
v 0.688354 7.138067 -0.457293
v 0.718603 7.240710 -0.416319
v 0.803900 7.451749 -0.327666
v 0.827825 7.225276 -0.293683
v 0.578464 6.837330 -0.391680
v 0.535732 6.636829 -0.218010
v 0.402302 6.596572 -0.299064
v -1.714501 6.206388 -0.294233
v -1.988549 6.422885 -0.065597
v 2.387458 6.422885 -0.065593
v 2.113410 6.206384 -0.294228
v -0.200538 5.640157 -0.367410
v 0.199456 5.640157 -0.423654
v 0.199456 5.310205 -0.269086
v 0.599451 5.640157 -0.367406
v 0.469611 5.310537 -0.230751
v 0.810555 5.476630 -0.192187
v -0.113410 7.427409 0.641761
v -0.217165 7.304705 0.483942
v -0.409675 7.256898 -0.052437
v -0.468099 7.195097 -0.225850
v -0.012918 5.133411 -0.179273
v 0.199456 5.135653 -0.216210
v 0.411826 5.133411 -0.179273
v 0.184404 6.592310 -0.462547
v 0.199456 6.733080 -0.448748
v 0.214505 6.592310 -0.462547
v 0.376651 6.599662 -0.430925
v -0.211923 6.875371 -0.380139
v -0.161101 6.759120 -0.140709
v -0.244680 6.789619 -0.279331
v -0.165556 6.633685 -0.229604
v -0.213612 6.691733 -0.283315
v 0.163814 7.176425 0.573583
v -0.265159 0.578591 -0.621434
v 0.091669 0.138172 0.301429
v 0.058961 0.107394 0.538859
v 0.307240 0.138172 0.301429
v 0.339952 0.107394 0.538859
v 0.753180 5.458548 0.289617
v 0.844603 5.560357 -0.072568
v 0.610836 6.875371 -0.380139
v 0.560014 6.759120 -0.140709
v 0.643593 6.789619 -0.279327
v 0.564469 6.633685 -0.229604
v 0.612521 6.691733 -0.283315
v -0.411646 5.476630 -0.192187
v -0.289564 6.873087 -0.284544
v -0.291224 6.697753 -0.303117
v -0.164941 7.318458 0.150597
v -0.221189 7.233465 0.072710
v 0.620098 7.233465 0.072710
v 0.563850 7.318458 0.150597
v 0.738086 7.162553 -0.215821
v 0.690137 6.697753 -0.303113
v 0.688473 6.873092 -0.284540
v 0.654974 6.759120 -0.118120
v 0.808584 7.256898 -0.052437
v 0.867012 7.195097 -0.225850
v 0.887098 7.325658 -0.078219
v 0.848062 7.462638 -0.120206
v 0.022262 6.599662 -0.430925
v -0.350665 1.092751 -0.318264
v 0.365861 1.092751 -0.318264
v -0.163154 7.188872 -0.090715
v -0.070703 5.310537 -0.230751
v 0.107628 6.938646 -0.540044
v 0.068506 7.143894 -0.619861
v 0.674092 6.993083 -0.374668
v 0.291285 6.938646 -0.540044
v 0.330403 7.143894 -0.619861
v -0.289445 7.138067 -0.457293
v -0.466583 5.740883 0.187903
v 0.865492 5.740883 0.187907
v 0.054535 4.336303 0.547727
v 0.199456 4.561086 0.594873
v -0.090886 4.431414 0.492258
v -0.060199 4.835586 0.492418
v 0.199456 4.830729 0.588312
v -0.100411 5.046054 0.517700
v 0.199456 5.040460 0.619463
v 0.199456 5.087843 0.565120
v 0.499319 5.046054 0.517700
v 0.477275 5.092946 0.471496
v 0.658609 5.055726 0.356873
v 0.613853 5.101728 0.325239
v 0.708767 5.067782 0.174883
v 0.657372 5.111470 0.181514
v 0.618127 5.082201 -0.062068
v 0.571325 5.124825 -0.037962
v 0.456309 5.091048 -0.207723
v 0.411826 5.133411 -0.179273
v 0.199456 5.093806 -0.253119
v 0.199456 5.135653 -0.216210
v -0.012918 5.133411 -0.179273
v -0.050867 6.559524 -0.057581
v -0.161032 6.498145 -0.070699
v -0.149774 6.382091 0.228303
v -0.424609 6.352195 0.149769
v -0.346771 6.036849 0.424137
v -0.489418 6.009632 0.271294
v -0.438424 5.777730 0.399736
v -0.527163 5.740883 0.187903
v -0.533081 5.386432 0.117983
v -0.542900 5.628440 -0.072568
v -0.432621 5.410620 -0.253443
v -0.493225 5.740883 -0.333043
v -0.200538 5.672140 -0.439318
v -0.484439 6.043455 -0.389262
v -0.202280 6.043455 -0.470546
v -0.195645 6.398435 -0.350751
v 0.199456 6.403288 -0.413233
v -0.160777 6.515320 -0.244287
v 0.199456 6.602666 -0.316355
v -0.003078 6.607179 -0.223518
v 0.401987 6.607179 -0.223518
v 0.559690 6.515320 -0.244287
v 0.594558 6.398435 -0.350751
v 0.601193 6.043455 -0.470546
v 0.883352 6.043459 -0.389262
v 0.599451 5.672140 -0.439314
v 0.892138 5.740883 -0.333043
v 0.831530 5.410620 -0.253443
v 0.941809 5.628440 -0.072568
v 0.931994 5.386428 0.117983
v 0.926076 5.740883 0.187907
v 0.837337 5.777730 0.399736
v 0.888331 6.009632 0.271294
v 0.745684 6.036849 0.424137
v 0.823518 6.352199 0.149769
v 0.548683 6.382091 0.228308
v 0.559940 6.498145 -0.070699
v 0.449780 6.559524 -0.057581
v -0.189195 4.607499 -0.131500
v -0.022864 4.873904 -0.155008
v -0.048576 4.581848 -0.248808
v 0.199456 4.876297 -0.194416
v 0.421773 4.873904 -0.155008
v 0.562248 4.866224 -0.028565
v 0.640930 4.853897 0.173969
v 0.597386 4.844224 0.355976
v 0.459112 4.835586 0.492418
v -0.471521 4.832409 -0.312646
v -0.155757 5.140206 -0.444543
v -0.166929 4.858843 -0.473251
v 0.199456 5.144112 -0.478501
v 0.199456 5.423664 -0.450002
v 0.554666 5.140206 -0.444539
v 0.543494 5.421570 -0.415831
v 0.850980 5.121514 -0.283044
v 0.951915 5.072852 0.117983
v 0.650138 5.357331 0.600295
v 0.637380 5.715843 0.553305
v 0.617701 6.036849 0.450886
v -0.144585 5.421570 -0.415831
v -0.452071 5.121514 -0.283044
v -0.553006 5.072852 0.117983
v -0.251229 5.357331 0.600295
v -0.238472 5.715843 0.553305
v -0.218788 6.036849 0.450882
v 0.199456 4.564611 -0.291200
v 0.447489 4.581848 -0.248808
v 0.588103 4.607499 -0.131500
v 0.682006 4.622499 0.115176
v 0.635167 4.574615 0.354500
v -0.572928 4.763047 0.117983
v 0.199456 5.421152 -0.409016
v 0.199456 5.640157 -0.423654
v 0.599451 5.640157 -0.367406
v 0.810555 5.476630 -0.192187
v 0.844603 5.560357 -0.072568
v -0.037142 7.811876 -0.030446
v 0.199456 7.858174 0.055928
v 0.199456 8.002005 -0.130111
v 0.436051 7.811876 -0.030442
v 0.368160 7.968989 -0.191699
v 0.534052 7.700093 -0.238968
v 0.438039 7.889283 -0.340387
v 0.436051 7.588314 -0.447494
v 0.368160 7.809581 -0.489075
v 0.199456 7.542016 -0.533868
v 0.199456 7.776566 -0.550663
v 0.030749 7.809581 -0.489075
v 0.199456 4.864564 -0.507004
v 0.565838 4.858843 -0.473251
v 0.870434 4.832409 -0.312642
v 0.971837 4.763047 0.117983
v 0.653900 5.019207 0.576415
v 0.199456 5.141206 -0.454137
v -0.148323 6.330749 0.201374
v -0.293179 6.036849 0.360336
v -0.422515 5.777730 0.346148
v 0.821424 5.777730 0.346148
v 0.692092 6.036849 0.360336
v 0.547232 6.330749 0.201374
v -0.057396 5.091048 -0.207723
v -0.163335 4.866224 -0.028565
v -0.219218 5.082201 -0.062068
v -0.242017 4.853897 0.173969
v -0.309854 5.067782 0.174883
v -0.198477 4.844224 0.355976
v -0.259700 5.055726 0.356873
v -0.172412 5.124825 -0.037962
v -0.258459 5.111470 0.181514
v -0.214944 5.101728 0.325239
v -0.431146 5.726039 -0.295900
v -0.475578 5.628440 -0.072568
v -0.466583 5.740883 0.187903
v 0.865492 5.740883 0.187907
v 0.874487 5.628440 -0.072568
v 0.830054 5.726039 -0.295900
v -0.037142 7.588314 -0.447494
v -0.039130 7.889283 -0.340387
v -0.135143 7.700093 -0.238972
v 0.030749 7.968989 -0.191699
v -0.200538 5.640157 -0.367410
v 0.199456 6.043455 -0.504779
v 0.199456 5.672140 -0.473550
v -0.283093 4.622499 0.115176
v -0.236259 4.574615 0.354500
v -0.078366 5.092946 0.471496
v -0.254987 5.019210 0.576415
v -0.411646 5.476630 -0.192187
v -0.445690 5.560357 -0.072568
v -0.412109 5.695836 0.258606
v -0.431084 6.365059 -0.293499
v -0.419986 6.425447 -0.072691
v 0.818895 6.425447 -0.072691
v 0.829997 6.365059 -0.293499
v 0.489795 4.431414 0.492258
v 0.344378 4.336303 0.547727
v 0.199456 4.294878 0.560182
v 0.199456 7.928278 -0.361292
v 0.199456 7.857612 -0.321994
v -0.254987 4.647923 0.541527
v 0.653900 4.647923 0.541527
v 0.199456 6.583311 -0.295380
v 0.811022 5.695836 0.258610
v -0.143770 6.374956 0.085202
v 0.542679 6.374956 0.085202
v -0.578128 1.185723 -0.428158
v -0.455313 1.237672 -0.738996
v -0.317190 1.130835 -0.587091
v -0.158806 1.140962 -0.658646
v -0.158806 1.259200 -0.867750
v 0.137700 1.237672 -0.738996
v -0.158806 1.573866 -0.962472
v 0.246143 1.544891 -0.782831
v -0.158806 1.819144 -0.963308
v 0.287794 1.841517 -0.770048
v -0.158806 2.131401 -0.789720
v 0.308875 2.144642 -0.607636
v 0.311084 2.575550 -0.495656
v 0.375246 2.500147 -0.299593
v 0.111480 3.842086 -0.303916
v 0.199456 3.581307 0.121123
v -0.146856 3.626425 -0.284593
v 0.199456 3.626425 -0.243050
v -0.146856 3.908260 -0.444695
v 0.199456 3.927968 -0.415859
v 0.199456 4.145465 -0.440625
v 0.545765 3.908260 -0.444695
v 0.531327 4.145465 -0.454842
v 0.803096 4.020203 -0.279938
v 0.753041 4.248441 -0.244992
v 0.819719 4.324299 0.056924
v 0.588103 4.607499 -0.131500
v 0.682006 4.622499 0.115176
v -0.420810 4.324295 0.056924
v -0.545355 3.937591 0.014802
v -0.401040 3.953959 0.330493
v -0.636921 2.299743 0.355607
v -0.158810 2.247450 0.540068
v -0.158806 1.996077 0.523864
v 0.290437 2.297493 0.363533
v 0.308752 2.040072 0.338509
v 0.347939 2.329242 0.251549
v 0.373721 2.075767 0.187194
v 0.199456 2.329242 0.251549
v 0.199456 2.075767 0.187194
v 0.025188 2.075767 0.187194
v 0.045080 1.843476 0.111213
v 0.117094 1.804010 0.285404
v 0.180781 1.403625 0.093247
v 0.557719 1.376725 0.260032
v 0.557719 1.114647 -0.003357
v 0.960640 1.405478 0.081751
v 0.854222 1.135487 -0.127877
v 1.128967 1.473771 -0.341841
v 0.977041 1.185723 -0.428158
v 1.234250 1.916182 -0.209780
v 1.025400 2.144642 -0.607636
v 1.256819 2.154810 -0.147811
v 1.232164 2.426481 -0.091464
v 1.028327 2.575554 -0.495656
v 0.822317 3.844831 -0.307584
v 0.558559 3.826955 -0.409491
v 0.545765 3.626425 -0.284593
v 0.287433 3.842090 -0.303916
v 0.023663 2.500147 -0.299593
v 0.199456 2.500147 -0.299593
v -0.015495 2.149724 -0.377725
v 0.199456 2.149724 -0.377725
v -0.019741 1.880368 -0.478513
v 0.199456 1.458673 -0.425281
v 0.069621 1.509331 -0.562334
v 0.138393 1.185723 -0.428158
v 0.261213 1.237672 -0.738996
v 0.399335 1.130839 -0.587091
v 0.557719 1.140962 -0.658646
v 0.944264 3.937591 0.014802
v 0.799953 3.953959 0.330493
v 0.730713 4.270670 0.350804
v 0.557719 3.953062 0.424994
v 0.539634 4.201496 0.458419
v 0.451145 3.943455 0.471164
v 0.199456 3.883941 0.498750
v 0.279958 2.966455 0.388589
v 0.050970 2.329242 0.251549
v 0.090161 2.040072 0.338509
v 0.557719 1.762192 0.470816
v 1.036097 1.807592 0.269515
v -0.048576 4.581848 -0.248808
v -0.354132 4.248441 -0.244992
v -0.189195 4.607499 -0.131500
v -0.404187 4.020203 -0.279938
v -0.423408 3.844831 -0.307584
v -0.833255 2.426477 -0.091464
v -0.629418 2.575554 -0.495656
v -0.626487 2.144638 -0.607636
v -0.606927 1.841713 -0.768569
v -0.563756 1.544891 -0.782831
v 0.281814 1.804010 0.285404
v 0.353833 1.843472 0.111213
v 0.199456 1.427965 -0.252135
v 0.096616 1.437772 -0.118549
v 0.261213 1.135487 -0.127877
v 0.557719 1.077292 -0.209100
v 0.749573 1.092751 -0.318264
v 0.716099 1.130839 -0.587091
v 0.854222 1.237676 -0.738996
v 0.557719 1.259200 -0.867750
v 0.557719 1.573866 -0.962472
v 0.152770 1.544891 -0.782827
v 0.557715 1.819144 -0.963308
v 0.111115 1.841517 -0.770048
v 0.557719 2.131401 -0.789720
v 0.090038 2.144642 -0.607636
v 0.087829 2.575550 -0.495656
v -0.159650 3.826955 -0.409491
v -0.256340 3.758314 -0.364951
v -0.132414 4.145465 -0.454842
v 0.199456 4.564611 -0.291200
v 0.447489 4.581848 -0.248808
v -0.350665 1.092751 -0.318264
v -0.455313 1.135487 -0.127877
v -0.730054 1.473771 -0.341841
v -0.561727 1.405478 0.081747
v -0.835341 1.916178 -0.209780
v -0.637188 1.807592 0.269515
v -0.857910 2.154810 -0.147811
v -0.653749 2.042650 0.327653
v 0.414404 2.149724 -0.377725
v 0.418650 1.880368 -0.478513
v 0.329292 1.509331 -0.562334
v 0.260516 1.185723 -0.428158
v -0.000426 1.130839 -0.587091
v 0.118951 2.966455 0.388589
v -0.052236 3.943455 0.471164
v -0.140725 4.201496 0.458419
v -0.158810 3.953062 0.424994
v -0.331805 4.270670 0.350804
v 0.054535 4.336303 0.547727
v 0.199456 4.294878 0.560182
v 0.344378 4.336303 0.547727
v 0.489795 4.431414 0.492258
v 0.635167 4.574615 0.354500
v 1.052662 2.042650 0.327653
v 0.557719 1.996077 0.523860
v 0.108472 2.297498 0.363533
v 1.005840 1.841713 -0.768569
v 0.557719 2.625323 -0.651208
v 0.655253 3.758314 -0.364951
v -0.090886 4.431414 0.492258
v -0.236259 4.574615 0.354500
v -0.283093 4.622499 0.115176
v -0.158806 1.762192 0.470816
v -0.158806 1.376725 0.260032
v 0.218132 1.403625 0.093247
v -0.158806 1.114643 -0.003357
v 0.137700 1.135487 -0.127877
v 1.035834 2.299743 0.355607
v 0.557719 2.247450 0.540068
v 0.302293 1.437772 -0.118549
v 0.033048 1.092751 -0.318264
v -0.158806 1.077292 -0.209100
v 0.962665 1.544891 -0.782827
v -0.158810 2.625319 -0.651208
v 0.365861 1.092751 -0.318264
vn -0.8950 0.4280 0.1259
vn -0.9897 0.0638 0.1279
vn -0.9039 0.3655 0.2221
vn -0.9227 0.1639 0.3489
vn -0.6138 0.5363 0.5793
vn -0.6039 0.2517 0.7562
vn -0.2653 0.3182 0.9101
vn -0.5894 -0.0127 0.8077
vn -0.3295 -0.0657 0.9419
vn -0.5200 -0.1894 0.8329
vn -0.2842 -0.2679 0.9206
vn -0.5330 -0.1348 0.8353
vn -0.1346 -0.1513 0.9793
vn -0.5173 0.0484 0.8544
vn -0.2841 0.0703 0.9562
vn -0.5495 0.0159 0.8354
vn -0.2863 0.0640 0.9560
vn -0.5726 -0.2078 0.7931
vn -0.3009 -0.0949 0.9489
vn -0.4096 -0.1505 0.8998
vn -0.5832 -0.2212 0.7816
vn -0.4484 -0.1127 0.8867
vn -0.4795 -0.3305 0.8129
vn -0.0000 -0.1538 0.9881
vn -0.0000 -0.4391 0.8985
vn 0.4795 -0.3305 0.8129
vn 0.3274 -0.8326 0.4466
vn 0.5832 -0.2212 0.7816
vn 0.5296 -0.6749 0.5138
vn 0.9856 0.0757 -0.1515
vn 0.6673 -0.0838 0.7400
vn 0.7537 0.2005 0.6258
vn 0.6855 0.2436 0.6861
vn 0.7383 0.1410 0.6596
vn 0.5869 -0.0803 0.8057
vn 0.2841 0.0703 0.9562
vn 0.1346 -0.1513 0.9793
vn 0.5173 0.0484 0.8544
vn 0.5330 -0.1348 0.8353
vn 0.8857 -0.1349 0.4442
vn 0.5200 -0.1894 0.8329
vn 0.5894 -0.0127 0.8077
vn 0.3295 -0.0657 0.9419
vn 0.2653 0.3182 0.9101
vn 0.2802 -0.0334 0.9594
vn -0.0000 0.3452 0.9385
vn -0.0000 0.0131 0.9999
vn -0.2802 -0.0334 0.9594
vn -0.5697 -0.0549 0.8200
vn -0.4719 -0.3450 0.8113
vn -0.5869 -0.0803 0.8057
vn -0.8678 -0.4016 -0.2926
vn -0.9706 -0.2170 -0.1040
vn -0.8286 -0.5589 0.0311
vn -0.9130 -0.3499 0.2098
vn -0.3681 -0.6992 0.6128
vn -0.6360 -0.2467 0.7312
vn -0.1455 0.0195 0.9892
vn -0.2654 -0.7938 -0.5471
vn 0.7950 -0.4533 0.4030
vn -0.3427 -0.9393 -0.0195
vn 0.9526 -0.2449 -0.1806
vn -0.3642 -0.6794 0.6370
vn 0.5348 0.6054 0.5895
vn -0.0967 -0.0466 -0.9942
vn -0.1302 0.0185 -0.9913
vn -0.0973 -0.6723 -0.7338
vn -0.0836 -0.0632 -0.9945
vn 0.0404 -0.7478 -0.6627
vn -0.0230 -0.0056 -0.9997
vn -0.0961 -0.0136 -0.9953
vn -0.0910 0.7637 -0.6391
vn -0.1640 0.7397 -0.6526
vn -0.0022 0.9993 0.0380
vn 0.0922 0.7265 -0.6809
vn 0.1795 0.6672 -0.7229
vn -0.0266 0.0006 -0.9996
vn 0.1176 0.0004 -0.9931
vn 0.1940 -0.6869 -0.7004
vn -0.0372 -0.7448 -0.6662
vn -0.0208 -0.9639 -0.2656
vn 0.0175 -0.9318 -0.3625
vn -0.0175 -0.9318 -0.3625
vn 0.0208 -0.9639 -0.2656
vn 0.0372 -0.7448 -0.6662
vn -0.1940 -0.6869 -0.7004
vn -0.1176 0.0004 -0.9931
vn 0.0266 0.0006 -0.9996
vn -0.1795 0.6672 -0.7229
vn -0.0923 0.7265 -0.6809
vn 0.0022 0.9993 0.0380
vn 0.1640 0.7397 -0.6526
vn 0.0910 0.7637 -0.6391
vn 0.0961 -0.0136 -0.9953
vn 0.0230 -0.0056 -0.9997
vn -0.0404 -0.7478 -0.6627
vn 0.0836 -0.0632 -0.9945
vn 0.0973 -0.6723 -0.7338
vn 0.1302 0.0184 -0.9913
vn 0.0967 -0.0466 -0.9942
vn -0.5344 0.6055 0.5898
vn 0.3642 -0.6794 0.6370
vn -0.9526 -0.2449 -0.1806
vn 0.3427 -0.9392 -0.0195
vn -0.7951 -0.4532 0.4031
vn 0.2655 -0.7938 -0.5471
vn 0.1455 0.0195 0.9892
vn 0.6360 -0.2467 0.7312
vn 0.3681 -0.6992 0.6128
vn 0.9130 -0.3499 0.2098
vn 0.8286 -0.5589 0.0311
vn 0.9706 -0.2170 -0.1040
vn 0.8678 -0.4016 -0.2926
vn -0.6233 -0.3103 0.7177
vn -0.4259 -0.0804 0.9012
vn -0.5177 -0.3605 0.7759
vn -0.0000 -0.0935 0.9956
vn -0.0000 -0.3948 0.9188
vn 0.5177 -0.3605 0.7759
vn -0.0000 -0.9417 0.3364
vn 0.4926 -0.8248 0.2776
vn -0.0000 -0.9717 -0.2360
vn 0.2358 -0.9175 -0.3202
vn 0.5057 -0.8032 -0.3150
vn 0.6114 -0.7900 -0.0454
vn 0.7395 -0.6642 -0.1094
vn 0.8222 -0.4748 0.3140
vn 0.8835 -0.2956 0.3633
vn 0.6233 -0.3103 0.7177
vn 0.5725 -0.2078 0.7931
vn 0.4096 -0.1505 0.8998
vn 0.3009 -0.0949 0.9489
vn 0.9238 0.0741 0.3757
vn -0.6459 0.1940 -0.7384
vn -0.9801 -0.0163 -0.1980
vn -0.9743 -0.0520 -0.2190
vn -0.8551 0.4575 0.2440
vn -0.8861 0.1915 0.4221
vn 0.0124 0.7240 0.6897
vn 0.0070 0.2169 0.9762
vn 0.8546 0.4196 0.3059
vn 0.8786 0.1803 0.4421
vn 0.9883 0.0299 -0.1494
vn 0.7671 0.1472 -0.6244
vn 0.6583 0.1907 -0.7282
vn -0.0003 0.2742 -0.9617
vn -0.0000 0.0362 -0.9993
vn -0.7711 0.0613 -0.6338
vn -0.9832 0.0665 -0.1700
vn -0.8501 0.5213 0.0745
vn -0.9904 0.0884 -0.1067
vn -0.8082 0.5623 0.1753
vn -0.9974 -0.0495 0.0519
vn -0.6783 0.5129 0.5261
vn -0.9905 -0.0517 0.1277
vn 0.6459 0.1940 -0.7383
vn 0.9743 -0.0520 -0.2190
vn 0.9801 -0.0163 -0.1980
vn 0.8551 0.4575 0.2440
vn 0.8861 0.1915 0.4221
vn -0.0124 0.7240 0.6897
vn -0.0070 0.2169 0.9762
vn -0.8546 0.4196 0.3059
vn -0.8786 0.1803 0.4421
vn -0.9883 0.0299 -0.1494
vn -0.7671 0.1472 -0.6244
vn -0.6583 0.1907 -0.7282
vn 0.0003 0.2742 -0.9617
vn 0.7711 0.0613 -0.6338
vn 0.9832 0.0665 -0.1700
vn 0.8501 0.5213 0.0745
vn 0.9904 0.0884 -0.1067
vn 0.8082 0.5623 0.1753
vn 0.9974 -0.0495 0.0519
vn 0.6783 0.5129 0.5261
vn 0.9905 -0.0517 0.1277
vn -0.0213 -0.2019 0.9792
vn -0.1225 0.8001 0.5872
vn -0.1308 0.7626 0.6335
vn -0.4073 0.8563 -0.3176
vn -0.2598 0.7357 -0.6255
vn -0.0455 0.2921 -0.9553
vn -0.0104 0.8038 -0.5948
vn -0.0203 0.3022 -0.9530
vn -0.0182 0.8063 -0.5913
vn 0.0134 0.7960 -0.6052
vn -0.0182 0.8063 0.5913
vn 0.0133 0.7959 0.6052
vn -0.0211 -0.3646 0.9309
vn -0.0697 -0.4218 0.9040
vn -0.0070 -1.0000 -0.0001
vn -0.0809 -0.9967 -0.0001
vn -0.0729 -0.8952 -0.4398
vn -0.1378 -0.9905 -0.0001
vn -0.6667 -0.7396 -0.0917
vn -0.5825 -0.5131 0.6304
vn -0.9659 -0.2589 -0.0000
vn 0.0213 -0.2019 0.9792
vn 0.1308 0.7626 0.6335
vn 0.1225 0.8001 0.5872
vn 0.4073 0.8563 -0.3176
vn 0.2598 0.7357 -0.6255
vn 0.0455 0.2921 -0.9553
vn 0.0104 0.8038 -0.5948
vn 0.0203 0.3022 -0.9530
vn 0.0183 0.8063 -0.5912
vn -0.0133 0.7959 -0.6052
vn 0.0182 0.8063 0.5912
vn -0.0132 0.7960 0.6052
vn 0.0211 -0.3646 0.9309
vn 0.0697 -0.4219 0.9040
vn 0.0071 -1.0000 -0.0001
vn 0.0809 -0.9967 -0.0001
vn 0.0729 -0.8952 -0.4397
vn 0.1379 -0.9904 -0.0001
vn 0.6667 -0.7397 -0.0917
vn 0.5825 -0.5131 0.6304
vn 0.9659 -0.2589 -0.0000
vn 0.9659 -0.2588 -0.0000
vn -0.0000 -0.3497 0.9369
vn 0.7424 -0.3569 0.5670
vn 0.0001 -0.5024 0.8646
vn 0.7825 -0.2844 0.5539
vn -0.0000 -0.3875 0.9219
vn 0.7632 0.1497 0.6286
vn -0.0000 0.2756 0.9613
vn 0.7669 0.3667 0.5267
vn 0.2428 0.6034 0.7596
vn 0.7453 0.5191 0.4184
vn 0.2975 0.7866 0.5410
vn 0.6411 0.7499 0.1632
vn 0.2801 0.9524 0.1207
vn 0.3949 0.8558 -0.3341
vn 0.1742 0.9225 -0.3445
vn 0.1288 0.8000 -0.5859
vn -0.1836 0.9101 -0.3716
vn -0.2250 0.7950 -0.5633
vn -0.6214 0.7592 -0.1934
vn -0.5449 0.7434 -0.3880
vn -0.6844 0.6301 -0.3668
vn -0.2640 0.5226 0.8106
vn -0.0000 0.5879 0.8089
vn -0.0000 0.7071 0.7071
vn 0.2640 0.5226 0.8106
vn 0.6138 0.5363 0.5793
vn 0.6039 0.2517 0.7562
vn 0.9227 0.1639 0.3489
vn 0.9168 -0.0075 0.3992
vn 0.9852 -0.0857 0.1483
vn 0.9205 -0.0964 0.3786
vn 0.9861 -0.0926 0.1378
vn 0.9068 -0.0312 0.4203
vn 0.8980 -0.2899 -0.3310
vn 0.8080 -0.5378 -0.2407
vn 0.5950 -0.6399 -0.4864
vn -0.7383 0.1410 0.6596
vn -0.7537 0.2006 0.6258
vn -0.9238 0.0741 0.3757
vn -0.9856 0.0757 -0.1515
vn -0.5296 -0.6749 0.5138
vn -0.6673 -0.0838 0.7400
vn -0.0000 -0.7961 0.6052
vn -0.0000 -0.1407 0.9901
vn -0.0000 0.3171 0.9484
vn -0.0000 0.1122 0.9937
vn 0.5697 -0.0549 0.8200
vn 0.1791 0.7284 -0.6613
vn -0.1532 0.7026 -0.6949
vn 0.2165 0.9763 -0.0001
vn -0.1493 0.9888 -0.0002
vn -0.1633 0.6798 0.7150
vn -0.1374 0.7146 0.6859
vn -0.0814 -0.1317 0.9879
vn 0.0028 -0.0690 0.9976
vn 0.0744 -0.7675 0.6367
vn -0.1594 -0.0179 0.9870
vn -0.1100 -0.7502 0.6520
vn -0.0949 -0.0038 0.9955
vn -0.0642 -0.7517 0.6564
vn 0.1865 -0.6972 0.6922
vn 0.0505 -0.9443 0.3252
vn 0.0486 -0.7347 0.6767
vn 0.0028 -0.9574 0.2889
vn -0.1304 -0.9338 0.3333
vn -0.3449 0.8319 0.4347
vn -0.3449 0.8319 -0.4347
vn -0.1991 0.7564 -0.6230
vn -0.0419 0.2870 -0.9570
vn -0.0113 0.8036 -0.5950
vn -0.0180 0.3079 -0.9512
vn -0.0185 0.8065 -0.5910
vn 0.0213 0.8072 -0.5899
vn -0.0185 0.8065 0.5909
vn 0.0212 0.8071 0.5901
vn -0.0178 -0.3635 0.9314
vn -0.0757 -0.4089 0.9094
vn -0.0032 -1.0000 -0.0001
vn -0.0869 -0.9962 -0.0001
vn -0.0860 -0.8978 -0.4319
vn -0.1631 -0.9866 -0.0001
vn -0.6725 -0.7345 -0.0907
vn -0.5965 -0.4953 0.6315
vn -0.9663 -0.2574 -0.0000
vn 0.3833 0.7408 -0.5515
vn 0.2600 0.6991 -0.6660
vn 0.0281 0.9996 0.0072
vn 0.0162 0.9996 0.0225
vn 0.0442 0.9987 0.0248
vn 0.3736 0.7166 0.5889
vn 0.0634 0.8263 0.5597
vn 0.4468 0.2674 0.8537
vn -0.0103 0.3697 0.9291
vn 0.1422 -0.5906 0.7944
vn -0.0173 0.5993 0.8003
vn -0.0176 -0.5992 0.8004
vn -0.0394 -0.5577 0.8291
vn 0.0019 -0.9413 -0.3375
vn -0.0823 -0.9634 -0.2552
vn -0.0187 0.0001 -0.9998
vn -0.6507 -0.1905 -0.7351
vn -0.6507 0.1905 -0.7350
vn -0.9503 -0.0000 -0.3113
vn -0.5504 0.8029 0.2288
vn -0.1410 0.7657 -0.6275
vn -0.1605 0.7500 -0.6417
vn -0.0353 0.2848 -0.9579
vn -0.0180 0.8013 -0.5979
vn -0.0220 0.3000 -0.9537
vn -0.0178 0.8057 -0.5920
vn -0.0256 0.7914 -0.6108
vn -0.0177 0.8057 0.5920
vn -0.0258 0.7913 0.6109
vn -0.0202 -0.3659 0.9304
vn -0.0868 -0.4235 0.9017
vn -0.0054 -1.0000 -0.0001
vn -0.0939 -0.9956 -0.0001
vn -0.0874 -0.8957 -0.4359
vn -0.1696 -0.9855 -0.0001
vn -0.6777 -0.7296 -0.0915
vn -0.5960 -0.4715 0.6500
vn -0.9712 -0.2382 -0.0000
vn 0.0975 -0.9329 0.3465
vn 0.1113 -0.7213 0.6836
vn 0.1370 -0.7150 0.6855
vn 0.1299 -0.0110 0.9915
vn -0.0726 -0.0003 0.9974
vn -0.0428 0.7060 0.7069
vn -0.1914 -0.0020 0.9815
vn -0.1668 0.6761 0.7177
vn 0.0949 -0.0038 0.9955
vn 0.0548 0.7289 0.6824
vn 0.1204 0.7389 0.6630
vn 0.0805 0.9967 0.0133
vn 0.1390 0.9903 0.0013
vn 0.1315 0.7359 -0.6642
vn 0.1493 0.9888 -0.0002
vn 0.1532 0.7025 -0.6950
vn -0.2165 0.9763 -0.0001
vn -0.1791 0.7284 -0.6613
vn 0.5505 0.8029 0.2288
vn 0.1605 0.7500 -0.6417
vn 0.1410 0.7657 -0.6275
vn 0.0353 0.2848 -0.9579
vn 0.0180 0.8014 -0.5979
vn 0.0220 0.3001 -0.9537
vn 0.0178 0.8057 -0.5920
vn 0.0256 0.7914 -0.6108
vn 0.0178 0.8058 0.5920
vn 0.0259 0.7912 0.6110
vn 0.0202 -0.3659 0.9304
vn 0.0868 -0.4235 0.9017
vn 0.0053 -1.0000 -0.0001
vn 0.0939 -0.9956 -0.0001
vn 0.0874 -0.8958 -0.4358
vn 0.1696 -0.9855 -0.0001
vn 0.6777 -0.7296 -0.0915
vn 0.5960 -0.4715 0.6500
vn 0.9712 -0.2382 -0.0000
vn -0.3833 0.7409 -0.5516
vn -0.0281 0.9996 0.0072
vn -0.2600 0.6991 -0.6660
vn -0.0162 0.9996 0.0225
vn -0.0442 0.9987 0.0247
vn -0.3736 0.7166 0.5889
vn -0.0634 0.8263 0.5597
vn -0.4468 0.2674 0.8537
vn 0.0103 0.3697 0.9291
vn -0.1422 -0.5906 0.7944
vn 0.0173 0.5994 0.8003
vn 0.0176 -0.5991 0.8004
vn 0.0394 -0.5577 0.8291
vn -0.0019 -0.9413 -0.3375
vn 0.0823 -0.9634 -0.2552
vn 0.0187 0.0001 -0.9998
vn 0.6507 -0.1905 -0.7350
vn 0.6508 0.1905 -0.7350
vn 0.9503 -0.0000 -0.3113
vn 0.3450 0.8319 0.4347
vn 0.1992 0.7564 -0.6230
vn 0.3450 0.8319 -0.4347
vn 0.0419 0.2870 -0.9570
vn 0.0113 0.8037 -0.5950
vn 0.0179 0.3080 -0.9512
vn 0.0185 0.8065 -0.5909
vn -0.0213 0.8072 -0.5899
vn 0.0185 0.8065 0.5909
vn -0.0211 0.8071 0.5900
vn 0.0178 -0.3635 0.9314
vn 0.0757 -0.4089 0.9094
vn 0.0032 -1.0000 -0.0001
vn 0.0869 -0.9962 -0.0001
vn 0.0860 -0.8978 -0.4319
vn 0.1631 -0.9866 -0.0001
vn 0.6725 -0.7345 -0.0907
vn 0.5965 -0.4953 0.6315
vn 0.9663 -0.2574 -0.0000
vn -0.2652 0.7837 -0.5616
vn -0.1894 0.7447 -0.6400
vn -0.5334 0.8093 0.2460
vn -0.3216 0.7147 0.6211
vn -0.0104 0.8039 -0.5947
vn -0.0109 0.8041 0.5944
vn -0.0181 0.8064 -0.5911
vn -0.0184 0.8063 0.5913
vn 0.0090 0.7940 0.6078
vn -0.0218 -0.3650 0.9307
vn -0.0794 -0.4150 0.9064
vn -0.0065 -1.0000 -0.0001
vn -0.0841 -0.9964 0.0056
vn -0.0837 -0.8912 -0.4458
vn -0.1613 -0.9869 0.0050
vn -0.6739 -0.7328 -0.0943
vn -0.5930 -0.4726 0.6519
vn -0.9685 -0.2489 -0.0000
vn 0.2651 0.7838 -0.5616
vn 0.5334 0.8093 0.2460
vn 0.1893 0.7447 -0.6400
vn 0.3216 0.7147 0.6211
vn 0.0105 0.8039 -0.5947
vn 0.0111 0.8040 0.5945
vn 0.0181 0.8064 -0.5911
vn 0.0184 0.8063 0.5913
vn -0.0090 0.7941 0.6078
vn 0.0218 -0.3650 0.9307
vn 0.0794 -0.4150 0.9063
vn 0.0065 -1.0000 -0.0001
vn 0.0842 -0.9964 0.0056
vn 0.0837 -0.8912 -0.4458
vn 0.1614 -0.9869 0.0050
vn 0.6738 -0.7328 -0.0943
vn 0.5930 -0.4726 0.6519
vn 0.9685 -0.2490 -0.0000
vn -0.1370 -0.7150 0.6855
vn -0.0976 -0.9329 0.3466
vn -0.1113 -0.7213 0.6836
vn -0.1300 -0.0110 0.9915
vn -0.1250 0.0034 0.9921
vn -0.1402 0.7124 0.6876
vn -0.1480 0.7192 0.6789
vn -0.1472 0.9890 0.0145
vn -0.1562 0.9875 0.0194
vn -0.1507 0.7294 -0.6673
vn -0.1525 0.7324 -0.6636
vn -0.1488 -0.0094 -0.9888
vn -0.1376 0.0054 -0.9905
vn -0.1465 -0.7345 -0.6627
vn -0.1182 -0.7360 -0.6666
vn -0.1353 -0.9402 -0.3126
vn -0.0995 -0.9444 -0.3133
vn 0.6660 -0.6253 0.4069
vn 0.8294 -0.2993 0.4717
vn 0.5799 -0.6608 0.4765
vn 0.6834 -0.2624 0.6812
vn 0.8235 0.4631 0.3276
vn 0.8294 0.4493 0.3321
vn 0.7647 0.6023 0.2290
vn 0.6971 0.5452 0.4655
vn 0.3986 0.8901 0.2211
vn 0.2360 0.8834 0.4049
vn -0.1949 0.9631 0.1858
vn -0.1096 0.7270 0.6779
vn -0.4526 0.5880 0.6703
vn 0.1343 0.2455 0.9600
vn -0.2509 -0.0096 0.9680
vn 0.3606 -0.0811 0.9292
vn -0.0025 -0.3829 0.9238
vn 0.2219 -0.6223 0.7506
vn 0.7870 0.2840 -0.5478
vn 0.8231 -0.0823 0.5619
vn 0.7969 0.0398 0.6028
vn 0.3476 -0.4169 0.8399
vn 0.2291 -0.3498 0.9084
vn 0.0844 -0.6312 0.7710
vn -0.3043 -0.3496 0.8861
vn -0.1475 -0.8570 0.4937
vn -0.5907 -0.5759 0.5652
vn -0.4388 -0.8679 0.2328
vn -0.7459 -0.5700 0.3446
vn -0.6745 -0.6820 0.2827
vn -0.8906 -0.2260 0.3947
vn -0.9742 -0.1533 0.1657
vn -0.8706 0.4889 0.0550
vn -0.9365 0.3491 -0.0328
vn -0.6123 0.7139 -0.3398
vn -0.3183 0.9423 -0.1036
vn -0.4210 0.8036 -0.4207
vn -0.0000 0.8920 -0.4521
vn -0.3624 0.5067 -0.7822
vn -0.0000 0.5085 -0.8611
vn -0.2874 0.3003 -0.9095
vn -0.0000 0.2402 -0.9707
vn -0.1667 0.1267 -0.9778
vn -0.0000 -0.1745 -0.9847
vn -0.1245 -0.1877 -0.9743
vn -0.0000 -0.3051 -0.9523
vn -0.2576 -0.2721 -0.9271
vn -0.7515 -0.0719 -0.6558
vn -0.9955 -0.0796 -0.0521
vn -0.9989 -0.0453 0.0133
vn -0.9918 -0.0640 0.1110
vn 0.9918 -0.0640 0.1110
vn 0.9989 -0.0453 0.0133
vn 0.9955 -0.0796 -0.0521
vn 0.7516 -0.0719 -0.6557
vn 0.2576 -0.2721 -0.9271
vn 0.1245 -0.1877 -0.9743
vn 0.1667 0.1267 -0.9778
vn 0.2874 0.3003 -0.9095
vn 0.3624 0.5067 -0.7822
vn 0.4210 0.8036 -0.4207
vn 0.2839 0.9579 -0.0431
vn 0.6123 0.7139 -0.3398
vn -0.8118 -0.4697 -0.3469
vn -0.9095 -0.4154 -0.0116
vn -0.7390 -0.6118 -0.2822
vn -0.9194 -0.3919 0.0345
vn -0.8123 -0.3050 0.4971
vn -0.8301 -0.2610 0.4928
vn -0.4953 -0.1776 0.8504
vn -0.5310 -0.1489 0.8342
vn -0.0000 -0.0763 0.9971
vn -0.0000 -0.0664 0.9978
vn 0.5310 -0.1489 0.8342
vn 0.1147 -0.0848 0.9898
vn 0.5733 -0.1978 0.7951
vn 0.5408 -0.0856 0.8368
vn 0.8460 -0.3060 0.4366
vn 0.6771 -0.2248 0.7007
vn 0.1304 -0.9338 0.3333
vn -0.0486 -0.7347 0.6767
vn -0.0028 -0.9574 0.2889
vn -0.0505 -0.9443 0.3252
vn -0.1865 -0.6972 0.6922
vn 0.0642 -0.7517 0.6564
vn 0.1100 -0.7501 0.6520
vn 0.1594 -0.0179 0.9870
vn -0.0744 -0.7675 0.6367
vn -0.0028 -0.0690 0.9976
vn 0.0814 -0.1317 0.9879
vn 0.1374 0.7146 0.6859
vn 0.1633 0.6798 0.7150
vn -0.9486 -0.3070 0.0766
vn -0.8761 -0.1980 0.4397
vn -0.8460 -0.3060 0.4366
vn -0.5733 -0.1978 0.7951
vn -0.1147 -0.0848 0.9898
vn -0.0000 0.1067 0.9943
vn -0.0000 0.2344 0.9721
vn -0.0025 0.0117 0.9999
vn 0.0644 0.3045 0.9503
vn 0.4041 0.2681 0.8746
vn 0.4041 0.2681 0.8745
vn -0.9384 0.2988 0.1735
vn -0.3064 0.9347 0.1801
vn -0.3444 0.9328 0.1066
vn -0.0051 0.9997 0.0243
vn -0.0284 0.7060 0.7077
vn -0.4427 0.3013 0.8445
vn -0.6020 0.6487 0.4656
vn 0.0027 0.9513 0.3082
vn -0.0394 0.5577 0.8291
vn -0.1033 0.9301 0.3524
vn -0.2291 0.5486 0.8041
vn -0.3187 0.9419 0.1059
vn -0.3300 0.9338 -0.1385
vn -0.2867 0.9449 -0.1578
vn 0.0334 0.7168 -0.6965
vn 0.1266 0.7079 -0.6949
vn 0.1168 -0.3306 -0.9365
vn 0.2864 -0.3241 -0.9016
vn -0.0850 -0.9298 -0.3581
vn 0.1209 -0.8739 -0.4707
vn 0.0560 -0.9960 -0.0701
vn 0.1956 -0.9806 -0.0095
vn 0.3966 -0.8790 0.2646
vn 0.3113 -0.8897 0.3339
vn 0.3186 0.9420 0.1059
vn 0.1033 0.9301 0.3524
vn 0.2291 0.5486 0.8041
vn 0.0394 0.5577 0.8291
vn -0.0027 0.9513 0.3081
vn 0.6020 0.6487 0.4656
vn 0.4427 0.3013 0.8445
vn 0.0284 0.7059 0.7077
vn 0.0051 0.9997 0.0243
vn 0.3064 0.9347 0.1801
vn 0.3444 0.9328 0.1066
vn 0.9384 0.2988 0.1735
vn 0.1250 0.0034 0.9921
vn 0.1402 0.7124 0.6876
vn 0.1480 0.7192 0.6789
vn 0.1472 0.9890 0.0145
vn 0.1562 0.9875 0.0194
vn 0.1507 0.7294 -0.6673
vn 0.1525 0.7324 -0.6636
vn 0.1488 -0.0094 -0.9888
vn 0.1376 0.0054 -0.9905
vn 0.1465 -0.7345 -0.6626
vn 0.1182 -0.7360 -0.6666
vn 0.1353 -0.9402 -0.3126
vn 0.0995 -0.9444 -0.3133
vn -0.3113 -0.8898 0.3338
vn -0.1956 -0.9806 -0.0095
vn -0.3966 -0.8790 0.2646
vn -0.0561 -0.9960 -0.0701
vn -0.1209 -0.8740 -0.4707
vn 0.0850 -0.9298 -0.3581
vn -0.2864 -0.3241 -0.9016
vn -0.1168 -0.3306 -0.9365
vn -0.1266 0.7079 -0.6949
vn -0.0335 0.7168 -0.6965
vn 0.2867 0.9450 -0.1577
vn 0.3300 0.9338 -0.1385
vn -0.0000 -0.2215 -0.9752
vn -0.7075 -0.0719 -0.7031
vn -0.8074 -0.2824 -0.5180
vn -0.9823 -0.1848 -0.0305
vn -0.9600 0.1070 0.2587
vn -0.4311 0.3697 0.8231
vn -0.1691 0.7895 0.5899
vn -0.0057 0.8100 0.5864
vn -0.1038 0.8079 0.5802
vn 0.1489 0.8140 0.5615
vn -0.0014 0.6219 0.7831
vn -0.0000 0.8232 0.5678
vn -0.0000 0.6362 0.7715
vn 0.0014 0.6219 0.7831
vn -0.7038 0.1265 -0.6991
vn -0.0000 -0.0068 -1.0000
vn -0.0000 0.2036 -0.9791
vn 0.7038 0.1265 -0.6991
vn 0.7075 -0.0719 -0.7031
vn 0.9600 0.1070 0.2587
vn 0.9823 -0.1848 -0.0305
vn 0.4311 0.3696 0.8231
vn 0.7612 -0.1943 0.6187
vn -0.0000 -0.0911 0.9958
vn -0.0000 -0.5633 0.8262
vn -0.7612 -0.1942 0.6187
vn -0.8201 -0.2866 0.4953
vn -0.9411 -0.2913 0.1715
vn 0.8745 0.1671 -0.4552
vn 0.0560 0.2376 -0.9697
vn 0.4578 0.4717 -0.7536
vn -0.2686 0.4654 -0.8434
vn -0.3219 -0.3077 -0.8954
vn -0.7357 -0.0474 -0.6756
vn -0.6940 -0.2289 -0.6826
vn -0.9468 0.0485 -0.3182
vn -0.8756 -0.0870 -0.4752
vn -0.9938 0.0049 -0.1111
vn -0.9633 -0.0256 -0.2672
vn -0.8841 -0.0607 -0.4634
vn -0.9287 -0.0368 -0.3690
vn -0.8940 -0.1443 -0.4243
vn -0.0391 0.2851 -0.9577
vn -0.0204 0.3024 -0.9530
vn 0.0093 0.7938 -0.6082
vn -0.0064 0.7906 -0.6122
vn -0.0066 0.7910 0.6118
vn -0.0947 0.8137 0.5735
vn 0.0947 0.8137 0.5735
vn 0.0066 0.7909 0.6119
vn 0.0064 0.7906 -0.6122
vn -0.0094 0.7938 -0.6082
vn 0.0204 0.3023 -0.9530
vn 0.0391 0.2851 -0.9577
vn 0.8940 -0.1443 -0.4243
vn 0.9287 -0.0368 -0.3689
vn 0.8841 -0.0607 -0.4634
vn 0.9633 -0.0257 -0.2672
vn 0.9938 0.0049 -0.1111
vn 0.8756 -0.0870 -0.4752
vn 0.9468 0.0485 -0.3182
vn 0.6940 -0.2289 -0.6826
vn 0.7357 -0.0474 -0.6756
vn 0.3219 -0.3077 -0.8954
vn 0.2686 0.4654 -0.8434
vn -0.0560 0.2376 -0.9697
vn -0.4578 0.4717 -0.7536
vn -0.8745 0.1671 -0.4553
vn -0.1315 0.7359 -0.6642
vn -0.1390 0.9903 0.0013
vn -0.0805 0.9967 0.0133
vn -0.1204 0.7389 0.6630
vn -0.0548 0.7289 0.6824
vn 0.1668 0.6761 0.7177
vn 0.1914 -0.0020 0.9815
vn 0.0428 0.7060 0.7069
vn 0.0726 -0.0003 0.9974
vn -0.9194 -0.1600 0.3592
vn -0.8910 -0.4127 0.1892
vn -0.7284 -0.3055 -0.6133
vn -0.6872 -0.3873 -0.6146
vn -0.5997 -0.5981 -0.5317
vn -0.5949 -0.6399 -0.4864
vn -0.5544 -0.7737 -0.3066
vn -0.5057 -0.8032 -0.3150
vn -0.4070 -0.8843 -0.2291
vn -0.2358 -0.9175 -0.3202
vn -0.2375 -0.9590 -0.1544
vn -0.8694 -0.4801 0.1165
vn -0.8835 -0.2956 0.3633
vn -0.9156 -0.3771 0.1397
vn -0.9682 -0.2130 0.1314
vn -0.9068 -0.0312 0.4203
vn -0.9890 -0.0868 0.1194
vn -0.9205 -0.0964 0.3786
vn -0.9852 -0.0857 0.1483
vn -0.8857 -0.1349 0.4442
vn -0.9168 -0.0075 0.3992
vn 0.8630 -0.1942 0.4664
vn 0.8094 0.5489 0.2085
vn 0.7543 0.6467 0.1135
vn 0.7111 0.7008 -0.0560
vn 0.5483 0.6692 -0.5016
vn 0.1331 0.9529 -0.2725
vn -0.1825 0.9390 -0.2917
vn -0.1152 0.9886 0.0966
vn -0.1806 -0.8331 0.5228
vn -0.2857 -0.9342 0.2136
vn -0.3394 -0.7374 0.5840
vn -0.4051 -0.9079 0.1076
vn -0.3008 -0.9536 -0.0153
vn -0.3125 -0.9327 -0.1800
vn -0.3122 -0.9475 -0.0687
vn -0.2940 -0.9268 -0.2334
vn -0.0903 -0.4629 -0.8818
vn -0.0609 -0.4030 -0.9131
vn 0.0537 0.6867 -0.7249
vn -0.0538 0.6867 -0.7249
vn 0.0609 -0.4031 -0.9131
vn 0.0903 -0.4629 -0.8818
vn 0.2940 -0.9268 -0.2335
vn 0.3122 -0.9475 -0.0687
vn 0.3125 -0.9327 -0.1800
vn 0.3008 -0.9535 -0.0153
vn 0.4051 -0.9079 0.1076
vn 0.2857 -0.9342 0.2136
vn 0.3394 -0.7374 0.5840
vn 0.1806 -0.8331 0.5228
vn 0.1770 0.7338 0.6559
vn -0.1647 -0.9695 0.1814
vn 0.0809 -0.9486 0.3059
vn -0.1613 0.9799 0.1170
vn -0.3066 0.8314 0.4635
vn -0.3560 0.6850 0.6356
vn -0.7505 0.4099 0.5184
vn -0.7151 0.0877 0.6935
vn -0.9003 0.2541 0.3533
vn 0.0872 -0.6936 -0.7151
vn 0.3962 -0.6013 -0.6939
vn 0.3709 -0.6049 -0.7046
vn 0.7167 -0.4157 -0.5599
vn 0.7201 -0.4075 -0.5617
vn 0.8854 -0.2641 -0.3826
vn 0.8894 -0.2803 -0.3611
vn 0.8589 -0.3143 -0.4044
vn 0.8834 -0.3629 -0.2964
vn 0.6386 -0.5120 -0.5745
vn 0.7136 -0.6618 -0.2297
vn -0.8979 -0.3414 -0.2780
vn -0.0000 0.3337 0.9427
vn 0.0057 0.8100 0.5864
vn 0.1691 0.7895 0.5899
vn 0.1038 0.8079 0.5802
vn -0.0000 -0.8617 0.5075
vn 0.8201 -0.2866 0.4953
vn 0.9411 -0.2914 0.1715
vn 0.8979 -0.3414 -0.2780
vn 0.8074 -0.2824 -0.5180
vn 0.8457 -0.3989 -0.3545
vn 0.8583 -0.3552 -0.3704
vn -0.5179 0.1980 -0.8322
vn -0.4373 0.6134 -0.6577
vn -0.2434 0.7709 -0.5887
vn -0.2981 0.9101 -0.2878
vn -0.5512 0.8068 -0.2127
vn -0.7168 0.6922 0.0842
vn -0.9003 0.4345 -0.0254
vn -0.9030 0.2145 0.3722
vn -0.9605 -0.1555 0.2305
vn -0.8089 -0.2967 0.5076
vn -0.7282 -0.5974 0.3358
vn 0.1631 -0.9434 -0.2889
vn 0.0991 -0.9469 -0.3060
vn -0.0312 -0.9625 -0.2696
vn -0.0787 -0.7986 -0.5967
vn -0.1609 -0.7587 -0.6312
vn 0.0837 -0.7787 -0.6218
vn -0.0098 -0.8700 -0.4929
vn -0.0049 -1.0000 -0.0001
vn -0.0050 -1.0000 -0.0000
vn -0.0308 -0.2079 0.9777
vn -0.0113 0.8036 0.5950
vn -0.1991 0.7565 0.6230
vn -0.0104 -0.8701 -0.4927
vn -0.0033 -1.0000 -0.0001
vn -0.0051 -0.9994 -0.0346
vn -0.0380 -0.2417 0.9696
vn -0.0177 0.8013 0.5981
vn -0.3504 0.6908 0.6324
vn 0.5628 0.0147 0.8264
vn 0.6799 -0.0841 0.7285
vn 0.4602 -0.4521 0.7641
vn 0.5969 -0.5859 0.5481
vn 0.5363 -0.5242 0.6615
vn 0.2494 -0.9511 0.1823
vn -0.1264 -0.9214 -0.3675
vn -0.2566 -0.1249 -0.9584
vn -0.1090 0.0002 -0.9940
vn 0.9981 -0.0536 -0.0296
vn 0.0012 0.4752 -0.8799
vn -0.0838 -0.7787 -0.6218
vn 0.1609 -0.7587 -0.6312
vn 0.0787 -0.7986 -0.5967
vn 0.0312 -0.9625 -0.2696
vn -0.0991 -0.9469 -0.3060
vn -0.1631 -0.9434 -0.2889
vn -0.5628 0.0147 0.8265
vn -0.4601 -0.4522 0.7641
vn -0.6799 -0.0842 0.7284
vn -0.5969 -0.5859 0.5481
vn -0.5364 -0.5242 0.6615
vn -0.2494 -0.9511 0.1823
vn 0.1264 -0.9214 -0.3675
vn 0.2565 -0.1249 -0.9584
vn 0.1090 0.0002 -0.9940
vn -0.9981 -0.0538 -0.0293
vn -0.0012 0.4752 -0.8799
vn 0.0104 -0.8701 -0.4927
vn 0.0051 -0.9994 -0.0346
vn 0.0380 -0.2417 0.9696
vn 0.0178 0.8012 0.5981
vn 0.3505 0.6908 0.6324
vn 0.0098 -0.8700 -0.4929
vn 0.0049 -1.0000 -0.0001
vn 0.0050 -1.0000 -0.0000
vn 0.0308 -0.2079 0.9777
vn 0.0113 0.8036 0.5950
vn 0.1991 0.7564 0.6230
vn 0.7282 -0.5974 0.3358
vn 0.9606 -0.1555 0.2305
vn 0.8089 -0.2967 0.5076
vn 0.9030 0.2145 0.3722
vn 0.9003 0.4345 -0.0254
vn 0.7168 0.6922 0.0842
vn 0.5512 0.8068 -0.2127
vn 0.2981 0.9101 -0.2878
vn 0.4373 0.6134 -0.6577
vn 0.2434 0.7709 -0.5887
vn 0.5178 0.1980 -0.8322
vn -0.0000 -0.1581 -0.9874
vn -0.6968 -0.0113 -0.7172
vn -0.0000 0.0378 -0.9993
vn -0.6694 -0.1063 -0.7352
vn -0.0000 -0.1290 -0.9916
vn -0.6492 -0.5572 -0.5178
vn -0.0000 -0.7875 -0.6163
vn 0.1582 -0.9347 -0.3183
vn 0.6492 -0.5572 -0.5177
vn 0.7189 -0.6932 -0.0509
vn 0.1559 -0.6676 0.7280
vn -0.0000 -0.6800 0.7332
vn 0.3106 -0.3808 0.8709
vn -0.0000 -0.4432 0.8964
vn -0.3106 -0.3808 0.8709
vn -0.3667 -0.1219 0.9223
vn -0.4022 -0.0556 0.9139
vn -0.3199 0.2000 0.9261
vn -0.3420 -0.0120 0.9396
vn -0.5726 0.1306 0.8093
vn -0.0127 -0.8695 -0.4937
vn -0.0048 -1.0000 -0.0001
vn -0.0051 -0.9995 0.0298
vn -0.0105 0.8038 0.5949
vn 0.4363 0.7292 0.5272
vn -0.7392 -0.1906 -0.6459
vn -0.0000 -0.2132 -0.9770
vn 0.8257 0.0143 -0.5640
vn 0.9903 -0.0831 -0.1113
vn -0.0795 0.9298 0.3593
vn -0.0573 0.9593 0.2765
vn -0.1777 0.5572 0.8112
vn -0.2186 -0.1445 0.9651
vn 0.0302 -0.1489 0.9884
vn 0.0795 0.9298 0.3593
vn 0.0573 0.9593 0.2765
vn 0.1777 0.5572 0.8112
vn 0.2186 -0.1445 0.9651
vn -0.0302 -0.1489 0.9884
vn -0.9903 -0.0831 -0.1113
vn -0.8257 0.0143 -0.5640
vn 0.7393 -0.1906 -0.6459
vn 0.0253 0.5960 -0.8026
vn -0.2267 0.0001 -0.9740
vn 0.0127 -0.8696 -0.4937
vn 0.0048 -1.0000 -0.0001
vn 0.0051 -0.9995 0.0298
vn 0.0105 0.8038 0.5949
vn 0.4259 -0.0804 0.9012
vn 0.4484 -0.1127 0.8867
vn 0.8196 -0.3027 0.4864
vn -0.4926 -0.8631 0.1115
vn 0.2737 -0.9281 0.2525
vn 0.4498 -0.7057 -0.5474
vn 0.4607 -0.5783 -0.6732
vn 0.8745 -0.1723 0.4534
vn 0.8724 -0.3954 0.2874
vn 0.8005 -0.1911 0.5680
vn 0.7967 -0.1965 0.5715
vn -0.7706 -0.5299 -0.3541
vn -0.7407 -0.4715 -0.4786
vn -0.7646 -0.3648 -0.5313
vn -0.8314 -0.3631 -0.4206
vn -0.8755 -0.3787 -0.3002
vn -0.8186 -0.4962 -0.2893
vn -0.8626 -0.5017 -0.0646
vn -0.6767 -0.7169 -0.1678
vn -0.8624 -0.4740 0.1777
vn -0.5258 -0.8142 0.2462
vn -0.7980 -0.0403 -0.6013
vn -0.0000 0.0139 -0.9999
vn 0.0005 0.1385 -0.9904
vn 0.7980 -0.0403 -0.6013
vn 0.8844 -0.1944 0.4244
vn -0.0000 -0.2751 0.9614
vn -0.0005 0.1385 -0.9904
vn 0.7736 0.1402 -0.6179
vn -0.0809 -0.9486 0.3059
vn 0.1647 -0.9695 0.1814
vn -0.1770 0.7338 0.6559
vn -0.7423 -0.3569 0.5671
vn -0.7824 -0.2844 0.5540
vn -0.7632 0.1497 0.6286
vn -0.7287 0.3772 0.5715
vn 0.0830 -0.1970 0.9769
vn 0.1278 0.3776 0.9171
vn -0.1913 0.3400 0.9208
vn -0.3573 0.7016 0.6165
vn -0.6716 0.0711 0.7375
vn -0.8378 0.5317 0.1242
vn -0.9313 -0.1622 0.3260
vn -0.8717 0.4240 -0.2456
vn -0.9191 -0.3114 0.2414
vn -0.0000 0.8292 0.5589
vn -0.1489 0.8140 0.5615
vn 0.2848 0.5609 0.7774
vn -0.2246 -0.3183 -0.9210
vn 0.1720 -0.3743 -0.9112
vn -0.7532 -0.3887 -0.5307
vn 0.6583 -0.2067 -0.7238
vn 0.4736 -0.7257 -0.4990
vn 0.7531 -0.5099 0.4157
vn 0.3522 -0.7030 0.6179
vn -0.6664 0.6463 0.3718
vn 0.3775 -0.8280 -0.4146
vn -0.6177 -0.7851 0.0463
vn -0.4498 -0.7057 -0.5474
vn -0.9353 -0.0992 0.3398
vn -0.4607 -0.5783 -0.6733
vn -0.8745 -0.1723 0.4534
vn -0.8724 -0.3954 0.2875
vn -0.8005 -0.1911 0.5681
vn -0.7967 -0.1965 0.5715
vn -0.0283 0.2873 -0.9574
vn 0.0050 0.8015 -0.5980
vn 0.0048 0.8016 0.5979
vn -0.1024 0.8081 0.5801
vn -0.0326 -0.2606 0.9649
vn -0.0055 -0.9979 -0.0644
vn -0.0039 -1.0000 -0.0001
vn -0.0125 -0.8699 -0.4930
vn -0.0348 0.2496 -0.9677
vn 0.0067 0.7918 -0.6108
vn 0.0065 0.7918 0.6108
vn -0.0936 0.8006 0.5918
vn -0.0456 0.2615 -0.9641
vn -0.0223 0.7976 -0.6028
vn -0.0225 0.7977 0.6027
vn -0.0793 0.8159 0.5727
vn 0.0394 -0.9985 0.0367
vn 0.0971 -0.9952 -0.0146
vn 0.0307 -0.9995 -0.0102
vn 0.0143 -0.9970 -0.0755
vn -0.0000 -1.0000 -0.0000
vn 0.8648 0.5005 -0.0398
vn 0.9879 0.0350 -0.1514
vn 0.9956 -0.0914 -0.0228
vn 0.8570 -0.1767 -0.4840
vn -0.8648 0.5005 -0.0397
vn -0.9879 0.0350 -0.1514
vn -0.9955 -0.0914 -0.0228
vn -0.8571 -0.1766 -0.4840
vn -0.0394 -0.9985 0.0367
vn -0.0307 -0.9995 -0.0102
vn -0.0971 -0.9952 -0.0146
vn -0.0143 -0.9970 -0.0755
vn 0.0793 0.8160 0.5727
vn 0.0226 0.7977 0.6026
vn 0.0223 0.7976 -0.6028
vn 0.0456 0.2615 -0.9641
vn 0.0936 0.8006 0.5918
vn -0.0064 0.7918 0.6108
vn -0.0066 0.7918 -0.6108
vn 0.0348 0.2496 -0.9677
vn 0.0125 -0.8700 -0.4930
vn 0.0039 -1.0000 -0.0001
vn 0.0055 -0.9979 -0.0644
vn 0.0326 -0.2606 0.9649
vn 0.1024 0.8081 0.5801
vn -0.0048 0.8016 0.5979
vn -0.0050 0.8015 -0.5980
vn 0.0283 0.2874 -0.9574
vn 0.8118 -0.4697 -0.3469
vn 0.7390 -0.6118 -0.2822
vn 0.9096 -0.4154 -0.0116
vn 0.9194 -0.3919 0.0345
vn 0.8123 -0.3050 0.4971
vn 0.8301 -0.2610 0.4928
vn 0.4953 -0.1776 0.8504
vn -0.3522 -0.7029 0.6179
vn -0.7531 -0.5099 0.4157
vn -0.4736 -0.7257 -0.4990
vn -0.6583 -0.2067 -0.7238
vn 0.7532 -0.3887 -0.5307
vn -0.1720 -0.3743 -0.9112
vn 0.2246 -0.3183 -0.9210
vn -0.0627 0.0004 -0.9980
vn -0.0402 0.7295 -0.6828
vn 0.0402 0.7295 -0.6828
vn 0.0627 0.0004 -0.9980
vn -0.6486 0.7437 0.1616
vn 0.8972 0.3000 0.3242
vn 0.8380 0.4974 0.2245
vn 0.6014 0.7834 -0.1569
vn 0.0025 0.0117 0.9999
vn -0.0644 0.3045 0.9503
vn -0.5408 -0.0856 0.8368
vn -0.4041 0.2681 0.8746
vn -0.6771 -0.2248 0.7007
vn -0.9345 -0.2019 -0.2930
vn -0.8551 0.3078 -0.4172
vn -0.9186 -0.3951 -0.0029
vn -0.9162 -0.3357 -0.2187
vn -0.8449 -0.4707 -0.2542
vn -0.7077 -0.6395 0.3005
vn 0.9965 -0.0802 0.0216
vn -0.0564 -0.5965 -0.8006
vn 0.9436 -0.1954 -0.2672
vn -0.2873 -0.5420 -0.7897
vn -0.8285 -0.4392 -0.3473
vn -0.9853 -0.1691 0.0224
vn -0.9837 -0.0416 0.1748
vn -0.9851 -0.0224 0.1702
vn 0.1944 -0.3149 0.9290
vn 0.4022 -0.0556 0.9139
vn 0.3420 -0.0120 0.9396
vn 0.3199 0.2000 0.9261
vn 0.3667 -0.1219 0.9223
vn 0.1267 -0.0218 0.9917
vn -0.0813 -0.3042 0.9491
vn -0.0097 -0.3617 0.9322
vn -0.3274 -0.8326 0.4466
vn -0.0000 -0.8823 0.4707
vn -0.8222 -0.4748 0.3140
vn -0.5967 -0.5859 0.5483
vn -0.0253 0.5960 -0.8026
vn 0.2267 0.0001 -0.9740
vn -0.4363 0.7292 0.5272
vn 0.5495 0.0159 0.8354
vn 0.2863 0.0640 0.9560
vn 0.2842 -0.2679 0.9206
vn 0.4719 -0.3450 0.8113
vn 0.9897 0.0638 0.1279
vn 0.9039 0.3655 0.2221
vn 0.6664 0.6463 0.3718
vn 0.9345 -0.2019 -0.2930
vn 0.7858 -0.2555 -0.5632
vn 0.9186 -0.3951 -0.0029
vn 0.8551 0.3078 -0.4172
vn 0.9162 -0.3357 -0.2187
vn 0.9851 -0.0224 0.1702
vn 0.9837 -0.0416 0.1748
vn 0.9853 -0.1691 0.0224
vn 0.8285 -0.4392 -0.3473
vn 0.2874 -0.5420 -0.7897
vn 0.0564 -0.5965 -0.8006
vn -0.9436 -0.1954 -0.2672
vn -0.9965 -0.0803 0.0216
vn -0.2267 0.0009 -0.9740
vn -0.0042 0.9998 -0.0200
vn 0.0042 0.9998 -0.0200
vn 0.2267 0.0008 -0.9740
vn -0.2198 -0.4459 -0.8677
vn -0.0000 -0.4242 -0.9056
vn -0.0000 -0.3670 -0.9302
vn 0.2198 -0.4459 -0.8677
vn 0.3116 -0.4538 -0.8349
vn 0.3627 -0.5741 -0.7341
vn 0.4813 -0.6130 -0.6265
vn 0.6695 -0.1063 -0.7352
vn 0.6969 -0.0113 -0.7171
vn -0.2118 -0.4167 0.8840
vn -0.3258 -0.6669 0.6701
vn 0.6906 -0.3289 -0.6441
vn 0.8580 -0.0853 -0.5065
vn 0.9171 0.0383 -0.3968
vn 0.8810 -0.0636 -0.4687
vn 0.9379 0.0679 -0.3402
vn -0.3660 -0.3602 -0.8581
vn -0.0000 -0.2899 -0.9571
vn 0.3660 -0.3602 -0.8581
vn 0.5692 -0.4212 -0.7061
vn 0.3921 0.0420 -0.9189
vn -0.0000 -0.0663 -0.9978
vn -0.0000 -0.6678 -0.7443
vn -0.3922 0.0421 -0.9189
vn 0.6887 0.0728 -0.7213
vn 0.9489 -0.1801 -0.2592
vn 0.9532 -0.1469 -0.2644
vn 0.9118 -0.3028 -0.2772
vn 0.9165 -0.0465 -0.3972
vn 0.8226 -0.4420 -0.3577
vn 0.8470 0.2871 -0.4475
vn 0.8469 0.2870 -0.4476
vn -0.6855 0.2436 0.6861
vn -0.1225 -0.8172 0.5632
vn -0.1482 -0.9890 -0.0000
vn -0.3209 -0.9435 -0.0824
vn -0.1589 -0.9854 0.0607
vn -0.3457 -0.9359 -0.0682
vn -0.5209 -0.8346 -0.1790
vn -0.1934 -0.9036 -0.3822
vn 0.4247 0.0411 -0.9044
vn 0.2944 -0.7663 -0.5710
vn -0.7736 0.1402 -0.6179
vn 0.7140 0.6794 0.1692
vn 0.7748 0.5969 0.2082
vn 0.5626 0.4804 0.6728
vn -0.7140 0.6794 0.1692
vn -0.7748 0.5969 0.2082
vn -0.5626 0.4804 0.6728
vn 0.1934 -0.9036 -0.3822
vn 0.5209 -0.8346 -0.1790
vn -0.2944 -0.7663 -0.5710
vn -0.4247 0.0411 -0.9044
vn 0.1761 -0.9837 0.0365
vn 0.3457 -0.9359 -0.0681
vn 0.1590 -0.9854 0.0607
vn 0.3210 -0.9435 -0.0824
vn 0.8761 -0.1981 0.4397
vn 0.9486 -0.3070 0.0766
vn 0.8446 -0.5270 -0.0941
vn -0.9489 -0.1802 -0.2592
vn -0.9118 -0.3028 -0.2772
vn -0.9532 -0.1469 -0.2644
vn -0.9165 -0.0465 -0.3972
vn -0.8226 -0.4420 -0.3577
vn -0.8470 0.2871 -0.4475
vn 0.8899 0.1053 -0.4439
vn 0.8652 0.0461 -0.4993
vn 0.8637 0.0553 -0.5010
vn 0.7073 -0.1141 -0.6976
vn 0.6893 -0.0925 -0.7186
vn 0.4579 -0.2481 -0.8537
vn -0.8447 -0.5270 -0.0941
vn 0.2426 0.6925 -0.6794
vn -0.6528 0.3937 -0.6471
vn 0.8736 -0.4668 0.1379
vn 0.9833 -0.1792 0.0303
vn 0.9165 -0.3182 0.2426
vn 0.9489 -0.0231 0.3148
vn 0.9997 0.0216 -0.0117
vn 0.9640 0.2023 0.1726
vn 0.8090 -0.1593 0.5658
vn 0.6728 -0.6802 0.2910
vn 0.5258 -0.8142 0.2462
vn 0.5624 -0.8017 0.2022
vn 0.6435 -0.7177 0.2661
vn 0.6401 -0.6338 0.4342
vn -0.6363 -0.2898 -0.7150
vn -0.8274 -0.2145 0.5190
vn -0.9376 -0.3230 -0.1289
vn -0.7710 -0.0948 -0.6298
vn -0.9241 -0.0309 -0.3808
vn -0.9966 0.0007 0.0822
vn -0.2927 -0.0980 0.9512
vn 0.8855 -0.4385 -0.1537
vn -0.8830 -0.4427 -0.1563
vn 0.2864 -0.8663 -0.4094
vn -0.9118 -0.4008 -0.0891
vn -0.9204 -0.3832 -0.0771
vn -0.9077 -0.3960 -0.1390
vn -0.9880 -0.0909 0.1250
vn -0.8068 -0.1300 0.5763
vn -0.9284 -0.1513 0.3393
vn -0.7612 -0.1355 0.6342
vn -0.8706 -0.4787 0.1138
vn -0.8882 -0.3514 -0.2961
vn -0.5476 -0.5725 -0.6102
vn -0.4800 -0.3208 -0.8165
vn -0.5910 -0.7196 -0.3645
vn -0.1084 0.1555 -0.9819
vn -0.1022 0.8081 -0.5802
vn -0.3189 0.9290 -0.1878
vn -0.0400 0.2576 -0.9654
vn -0.0943 0.8136 -0.5737
vn -0.0922 0.1330 -0.9868
vn -0.0934 0.8006 -0.5919
vn -0.0802 0.2016 -0.9762
vn -0.0791 0.8159 -0.5728
vn -0.3186 -0.9419 0.1060
vn -0.2291 -0.5485 0.8041
vn 0.3187 -0.9419 0.1059
vn 0.2291 -0.5485 0.8041
vn 0.0802 0.2018 -0.9761
vn 0.0791 0.8159 -0.5727
vn 0.0922 0.1331 -0.9868
vn 0.0934 0.8006 -0.5919
vn 0.0400 0.2576 -0.9654
vn 0.0944 0.8136 -0.5737
vn 0.9484 0.2535 -0.1904
vn 0.3189 0.9290 -0.1878
vn 0.1085 0.1555 -0.9819
vn 0.1022 0.8081 -0.5801
vn 0.5910 -0.7196 -0.3645
vn 0.4800 -0.3208 -0.8165
vn 0.9714 -0.2282 0.0652
vn 0.6872 -0.3873 -0.6146
vn 0.5476 -0.5725 -0.6102
vn 0.8882 -0.3515 -0.2961
vn 0.8706 -0.4787 0.1138
vn 0.9284 -0.1513 0.3393
vn 0.7612 -0.1355 0.6342
vn 0.8068 -0.1300 0.5764
vn -0.8424 0.0336 0.5378
vn -0.9489 -0.0231 0.3148
vn -0.9165 -0.3182 0.2426
vn -0.9833 -0.1792 0.0303
vn -0.9997 0.0216 -0.0118
vn -0.9491 -0.1615 -0.2704
vn 0.9966 0.0008 0.0822
vn 0.7710 -0.0948 -0.6297
vn 0.9242 -0.0309 -0.3808
vn 0.9077 -0.3960 -0.1390
vn 0.9204 -0.3832 -0.0772
vn 0.9119 -0.4007 -0.0891
vn 0.8830 -0.4426 -0.1563
vn -0.2865 -0.8662 -0.4094
vn -0.8855 -0.4384 -0.1536
vn 0.9376 -0.3230 -0.1290
vn 0.8274 -0.2145 0.5190
vn 0.6363 -0.2898 -0.7150
vn 0.6706 -0.6047 0.4297
vn 0.9543 -0.2762 0.1144
vn 0.9742 -0.1533 0.1657
vn 0.9365 0.3491 -0.0328
vn -0.9379 0.0679 -0.3402
vn -0.9171 0.0383 -0.3968
vn -0.8811 -0.0636 -0.4687
vn -0.8580 -0.0853 -0.5065
vn -0.7134 -0.2584 -0.6513
vn -0.5685 -0.3874 -0.7257
vn 0.6528 0.3937 -0.6471
vn -0.2426 0.6925 -0.6794
vn -0.6887 0.0728 -0.7213
vn -0.0561 -0.9364 0.3464
vn -0.8844 -0.1944 0.4244
vn 0.0561 -0.9364 0.3464
vn 0.5275 -0.2220 0.8200
vn -0.8583 -0.3552 -0.3705
vn -0.8457 -0.3990 -0.3546
vn -0.3116 -0.4538 -0.8349
vn -0.5692 -0.4212 -0.7061
vn 0.0478 -0.3541 -0.9340
vn 0.2173 -0.0865 -0.9723
vn -0.4012 0.7337 -0.5484
vn -0.6707 -0.6046 0.4297
vn -0.9543 -0.2762 0.1144
vn 0.4667 -0.1215 -0.8760
vn 0.5959 -0.2079 -0.7757
vn -0.4813 -0.6130 -0.6265
vn -0.3627 -0.5741 -0.7341
vn -0.3981 -0.8867 -0.2353
vn -0.1574 -0.9871 -0.0300
vn -0.9315 0.3037 -0.1999
vn -0.3482 0.9308 -0.1112
vn -0.1761 -0.9837 0.0365
vn -0.0660 0.2296 0.9710
vn -0.0074 0.7446 0.6675
vn 0.9995 -0.0020 -0.0317
vn 0.9944 -0.0839 0.0640
vn 0.9882 -0.0877 0.1253
vn -0.9995 -0.0020 -0.0317
vn -0.9944 -0.0839 0.0640
vn -0.9882 -0.0877 0.1253
vn 0.0362 0.2781 0.9599
vn 0.0073 0.7446 0.6675
vn 0.0660 0.2296 0.9710
vn 0.1573 -0.9871 -0.0300
vn 0.3981 -0.8867 -0.2353
vn 0.3482 0.9308 -0.1112
vn 0.9316 0.3037 -0.1999
vn 0.1482 -0.9890 -0.0000
vn 0.1225 -0.8172 0.5632
vn -0.4667 -0.1215 -0.8760
vn -0.5959 -0.2078 -0.7757
vn 0.0097 -0.3617 0.9322
vn 0.0813 -0.3042 0.9491
vn -0.1267 -0.0218 0.9917
vn 0.3455 -0.5054 0.7907
vn -0.1898 -0.5722 0.7979
vn -0.1944 -0.3149 0.9290
vn -0.2121 -0.4001 0.8916
vn -0.0086 -0.9634 0.2680
vn -0.1559 -0.6676 0.7280
vn -0.0975 -0.9260 0.3647
vn 0.2024 0.9750 0.0920
vn 0.0249 0.9961 -0.0852
vn 0.8449 -0.4707 -0.2542
vn 0.7077 -0.6395 0.3005
vn -0.6401 -0.6338 0.4342
vn -0.6435 -0.7177 0.2661
vn -0.5625 -0.8017 0.2022
vn 0.4012 0.7337 -0.5484
vn -0.0477 -0.3541 -0.9340
vn -0.2173 -0.0865 -0.9723
vn -0.0000 -0.7015 -0.7127
vn -0.1519 -0.6933 -0.7044
vn 0.6876 -0.4345 -0.5817
vn 0.9158 -0.4007 0.0267
vn 0.5009 -0.2798 -0.8190
vn 0.6535 -0.1888 -0.7330
vn 0.8515 -0.5075 0.1320
vn 0.9390 -0.3168 0.1340
vn 0.0975 -0.9260 0.3647
vn 0.0086 -0.9634 0.2680
vn 0.9060 -0.4172 -0.0717
vn 0.2121 -0.4001 0.8916
vn 0.1898 -0.5722 0.7979
vn -0.7901 -0.6112 0.0463
vn -0.8760 -0.4815 -0.0287
vn -0.7859 -0.2555 -0.5631
vn -0.8030 -0.5646 0.1908
vn -0.5308 -0.8463 -0.0446
vn 0.4844 -0.7196 0.4975
vn -0.9266 -0.2803 0.2507
vn -0.7697 -0.6204 0.1505
vn -0.9484 0.2535 -0.1905
vn 0.9266 -0.2803 0.2507
vn 0.9880 -0.0909 0.1249
vn 0.8030 -0.5646 0.1908
vn -0.7546 0.0608 0.6533
vn -0.8396 -0.4982 0.2165
vn 0.8950 0.4280 0.1259
vn 0.8760 -0.4815 -0.0287
vn 0.7901 -0.6112 0.0463
vn -0.9060 -0.4172 -0.0717
vn -0.5275 -0.2220 0.8200
vn -0.4715 -0.1768 0.8640
vn -0.0000 0.3021 0.9533
vn -0.6525 -0.6646 -0.3641
vn -0.3454 -0.5054 0.7907
vn 0.0249 0.1441 0.9893
vn 0.8746 0.1671 -0.4552
vn 0.0739 -0.5028 -0.8612
vn 0.8176 -0.2075 -0.5371
vn 0.4715 -0.1768 0.8640
vn 0.9491 -0.1615 -0.2704
vn -0.9223 0.2836 0.2626
vn 0.5726 0.1306 0.8094
vn 0.8973 -0.4344 -0.0780
vn 0.8424 0.0336 0.5378
vn -0.9678 -0.0725 0.2409
vn -0.8446 -0.5271 -0.0941
vn -0.2848 0.5608 0.7774
vn 0.0006 -0.8465 -0.5324
vn 0.0012 -0.8465 -0.5323
vn -0.0003 -0.8500 -0.5267
vn -0.0363 0.2781 0.9599
vn 0.0006 -0.8552 -0.5184
vn -0.0952 -0.4190 0.9030
vn 0.8739 -0.2368 0.4245
vn -0.0790 0.2035 -0.9759
vn 0.0790 0.2035 -0.9759
vn -0.8741 -0.2368 0.4241
vn 0.0952 -0.4190 0.9030
vn -0.0006 -0.8551 -0.5184
vn 0.0003 -0.8501 -0.5267
vn -0.0012 -0.8465 -0.5323
vn -0.0006 -0.8465 -0.5324
vn 0.8281 -0.4483 -0.3366
vn 0.9678 -0.0726 0.2409
vn -0.9640 0.2023 0.1725
vn -0.8973 -0.4344 -0.0780
vn 0.2927 -0.0980 0.9512
vn 0.9223 0.2836 0.2626
vn -0.5747 -0.7476 -0.3328
vn -0.8176 -0.2075 -0.5370
vn -0.8736 -0.4667 0.1379
vn -0.0739 -0.5028 -0.8612
vn -0.0250 0.1441 0.9893
vn -0.8745 0.1671 -0.4554
vn -0.4466 -0.1366 0.8843
vn -0.9682 0.0793 -0.2374
vn 0.9682 0.0792 -0.2374
vn 0.4466 -0.1366 0.8843
vn -0.2476 -0.0433 0.9679
vn -0.0000 -0.0037 1.0000
vn -0.4546 0.0336 0.8901
vn -0.5237 -0.0737 0.8487
vn -0.0000 -0.0698 0.9976
vn -0.5082 0.2882 0.8116
vn -0.0000 0.3132 0.9497
vn -0.0000 0.7533 0.6577
vn 0.5082 0.2882 0.8116
vn 0.3479 0.7396 0.5761
vn 0.8315 0.2763 0.4818
vn 0.5492 0.7622 0.3427
vn 0.9658 0.2568 -0.0367
vn 0.6484 0.7607 0.0305
vn 0.8012 0.2757 -0.5310
vn 0.5304 0.7768 -0.3394
vn 0.4526 0.2591 -0.8533
vn 0.2603 0.7121 -0.6520
vn -0.0000 0.2188 -0.9758
vn -0.0000 0.6615 -0.7500
vn -0.2603 0.7121 -0.6520
vn -0.4890 0.8068 0.3316
vn -0.3666 0.8677 0.3355
vn -0.2723 0.7756 0.5695
vn -0.3366 0.7596 0.5565
vn -0.4650 0.3717 0.8035
vn -0.8074 0.2478 0.5354
vn -0.7878 0.0390 0.6147
vn -0.8830 0.4306 -0.1869
vn -0.9893 -0.0341 0.1421
vn -0.8664 0.4739 -0.1577
vn -0.7862 -0.0842 -0.6122
vn -0.9417 0.1711 -0.2898
vn -0.2500 -0.1479 -0.9569
vn -0.3484 0.1072 -0.9312
vn -0.1885 0.1087 -0.9760
vn -0.2080 0.5208 -0.8280
vn -0.0000 0.3952 -0.9186
vn -0.3519 0.8526 -0.3863
vn -0.0000 0.4907 -0.8713
vn -0.4073 0.7992 -0.4421
vn 0.4073 0.7992 -0.4421
vn 0.3519 0.8526 -0.3862
vn 0.2080 0.5208 -0.8280
vn 0.1885 0.1087 -0.9760
vn 0.3484 0.1072 -0.9312
vn 0.2500 -0.1479 -0.9569
vn 0.9417 0.1711 -0.2898
vn 0.7862 -0.0842 -0.6122
vn 0.8664 0.4739 -0.1577
vn 0.9893 -0.0341 0.1421
vn 0.8830 0.4306 -0.1869
vn 0.7878 0.0390 0.6147
vn 0.8074 0.2478 0.5354
vn 0.4650 0.3717 0.8035
vn 0.3366 0.7596 0.5565
vn 0.2723 0.7756 0.5695
vn 0.3666 0.8677 0.3355
vn 0.4890 0.8068 0.3316
vn -0.7410 0.2884 -0.6064
vn -0.4327 0.0267 -0.9012
vn -0.3535 0.3071 -0.8836
vn -0.0000 0.0245 -0.9997
vn 0.4327 0.0266 -0.9012
vn 0.8315 -0.0002 -0.5556
vn 0.9967 -0.0612 -0.0530
vn 0.8596 -0.0686 0.5064
vn 0.5237 -0.0737 0.8487
vn -0.8087 0.1105 -0.5777
vn -0.2934 0.1096 -0.9497
vn -0.2950 0.1078 -0.9494
vn -0.2949 0.1078 -0.9494
vn -0.0000 0.1022 -0.9948
vn -0.0000 0.0041 -1.0000
vn 0.2934 0.1096 -0.9497
vn 0.2849 -0.0184 -0.9584
vn 0.2611 0.0308 -0.9648
vn 0.7603 -0.3641 -0.5380
vn 0.6105 0.5856 -0.5333
vn 0.9890 -0.0027 0.1480
vn 0.8179 -0.0259 0.5748
vn 0.5388 0.1503 0.8289
vn 0.1838 0.4394 0.8793
vn -0.2849 -0.0184 -0.9584
vn -0.7088 -0.2519 -0.6590
vn -0.7035 0.5644 -0.4318
vn -0.8425 0.4874 0.2294
vn -0.8179 -0.0259 0.5748
vn -0.5388 0.1503 0.8289
vn -0.1837 0.4394 0.8793
vn -0.0000 0.2965 -0.9550
vn 0.3535 0.3071 -0.8836
vn 0.7410 0.2884 -0.6064
vn 0.9764 0.1923 -0.0982
vn 0.8267 0.0916 0.5551
vn 0.9710 -0.0723 0.2280
vn 0.8088 -0.1105 0.5776
vn 0.7937 -0.1103 0.5982
vn 0.8088 -0.1105 0.5777
vn 0.2781 -0.0081 0.9605
vn 0.7442 -0.2926 0.6005
vn 0.2490 -0.1011 0.9632
vn 0.2537 -0.1159 0.9603
vn -0.0000 -0.0340 0.9994
vn -0.0000 -0.0238 0.9997
vn -0.2490 -0.1011 0.9632
vn -0.3653 -0.1788 0.9136
vn -0.7846 -0.2501 0.5673
vn -0.5541 -0.6540 0.5150
vn -0.9269 -0.3163 0.2020
vn -0.6455 0.6648 0.3760
vn -0.0000 0.7911 0.6116
vn 0.6455 0.6648 0.3760
vn 0.9128 0.3599 -0.1929
vn 0.6455 0.0549 -0.7618
vn -0.0000 -0.0714 -0.9974
vn -0.6455 0.0549 -0.7618
vn -0.0000 0.1014 -0.9948
vn 0.2950 0.1078 -0.9494
vn 0.9719 0.0433 0.2315
vn 0.9856 0.0579 0.1588
vn 0.8281 -0.0240 0.5601
vn 0.2768 -0.1259 0.9526
vn -0.0000 -0.1557 0.9878
vn -0.2537 -0.1159 0.9603
vn 0.9268 -0.3751 0.0174
vn 0.9674 -0.0957 0.2346
vn 0.9746 -0.1833 0.1290
vn 0.7356 -0.3797 -0.5610
vn 0.6844 -0.4224 -0.5943
vn 0.7145 -0.1801 -0.6761
vn 0.8209 -0.1965 -0.5362
vn 0.8338 -0.0060 -0.5520
vn 0.8834 -0.0400 -0.4669
vn 0.9761 -0.0653 -0.2074
vn 0.9952 -0.0889 -0.0417
vn -0.8449 -0.0393 -0.5335
vn -0.8338 -0.0060 -0.5520
vn -0.8834 -0.0400 -0.4669
vn -0.8209 -0.1965 -0.5362
vn -0.7145 -0.1801 -0.6761
vn -0.6844 -0.4224 -0.5942
vn -0.7356 -0.3797 -0.5610
vn -0.9746 -0.1833 0.1291
vn -0.9674 -0.0957 0.2346
vn -0.9268 -0.3751 0.0174
vn -0.4526 0.2591 -0.8533
vn -0.8315 -0.0002 -0.5556
vn -0.8012 0.2757 -0.5310
vn -0.9967 -0.0612 -0.0530
vn -0.9658 0.2568 -0.0367
vn -0.9696 -0.0688 0.2349
vn -0.9420 0.1959 0.2726
vn -0.0000 -0.1877 0.9822
vn -0.2769 -0.1259 0.9526
vn -0.8087 -0.1105 0.5777
vn -0.2538 -0.1159 0.9603
vn -0.7937 -0.1103 0.5982
vn -0.8088 -0.1105 0.5776
vn -0.9710 -0.0723 0.2280
vn -0.9681 -0.0672 0.2413
vn -0.5304 0.7768 -0.3394
vn -0.6484 0.7607 0.0305
vn -0.6245 0.7478 0.2253
vn -0.2025 0.7425 0.6385
vn -0.0000 0.9998 0.0215
vn -0.0000 0.6740 -0.7388
vn 0.2025 0.7425 0.6385
vn -0.9128 0.3599 -0.1929
vn 0.3653 -0.1788 0.9136
vn 0.7846 -0.2501 0.5673
vn -0.0000 0.0817 -0.9967
vn -0.0000 -0.0926 -0.9957
vn -0.9764 0.1923 -0.0982
vn -0.9667 0.1246 0.2236
vn -0.6712 0.0625 0.7386
vn -0.7030 -0.0636 0.7084
vn -0.6616 0.3417 0.6675
vn -0.3479 0.7396 0.5761
vn -0.9073 -0.3906 0.1559
vn -0.8281 -0.0240 0.5601
vn -0.9856 0.0579 0.1588
vn 0.5541 -0.6540 0.5150
vn 0.9269 -0.3162 0.2019
vn 0.9600 -0.2032 0.1924
vn 0.9188 -0.3892 0.0661
vn -0.3603 0.6217 -0.6955
vn -0.3927 0.9124 -0.1152
vn -0.3852 0.9184 0.0903
vn 0.3852 0.9184 0.0903
vn 0.3926 0.9124 -0.1152
vn 0.3603 0.6217 -0.6955
vn 0.4546 0.0336 0.8901
vn 0.2476 -0.0433 0.9679
vn -0.0000 -0.1292 0.9916
vn -0.1289 0.8057 -0.5782
vn -0.1823 0.8666 -0.4645
vn -0.0000 0.8814 -0.4725
vn -0.1289 0.9275 -0.3509
vn -0.0000 0.9527 -0.3038
vn -0.0000 0.7804 -0.6252
vn 0.1289 0.8057 -0.5782
vn 0.1823 0.8666 -0.4645
vn 0.3330 -0.9348 0.1236
vn 0.4698 -0.7779 0.4173
vn -0.0000 -0.8821 0.4710
vn 0.3314 -0.6218 0.7096
vn -0.0000 -0.5574 0.8303
vn -0.0000 -1.0000 0.0015
vn -0.3330 -0.9348 0.1236
vn -0.4698 -0.7779 0.4173
vn -0.8281 0.0240 -0.5601
vn -0.8251 -0.0134 -0.5648
vn -0.8057 0.0554 -0.5897
vn -0.3314 -0.6218 0.7096
vn 0.1289 0.9275 -0.3509
vn 0.3110 0.6985 0.6445
vn -0.0000 0.7349 0.6782
vn -0.3110 0.6985 0.6445
vn -0.9188 -0.3892 0.0661
vn -0.9270 -0.3162 0.2019
vn -0.9600 -0.2032 0.1924
vn -0.5017 0.8601 0.0917
vn 0.5017 0.8601 0.0917
vn 0.8176 -0.5481 -0.1765
vn 0.9268 -0.3752 0.0174
vn -0.9719 0.0433 0.2315
vn -0.8057 -0.0554 0.5897
vn 0.6579 -0.5093 0.5547
vn 0.8210 -0.1965 -0.5361
vn 0.8834 -0.0401 -0.4669
vn -0.2602 0.9187 0.2971
vn 0.2602 0.9187 0.2971
vn -0.6579 -0.5093 0.5547
vn -0.8176 -0.5481 -0.1765
vn -0.4513 0.7603 0.4671
vn -0.7595 -0.5279 -0.3801
vn -0.5155 -0.6046 -0.6072
vn -0.2458 -0.8838 -0.3981
vn -0.0000 -0.8742 -0.4855
vn -0.0000 -0.5717 -0.8205
vn 0.5180 -0.6034 -0.6063
vn -0.0000 -0.1348 -0.9909
vn 0.6959 -0.1911 -0.6922
vn -0.0004 0.2264 -0.9740
vn 0.3650 0.2532 -0.8959
vn -0.0002 0.3804 -0.9248
vn 0.6886 0.2551 -0.6788
vn 0.7417 0.1956 -0.6416
vn 0.8263 -0.1071 0.5529
vn 0.3739 0.9150 -0.1514
vn -0.0000 0.1199 0.9928
vn -0.8442 -0.5262 -0.1018
vn -0.0000 -0.8480 -0.5301
vn -0.1919 -0.2160 -0.9574
vn -0.0000 -0.3081 -0.9513
vn -0.0000 0.1280 -0.9918
vn 0.1919 -0.2160 -0.9574
vn 0.2775 0.2002 -0.9396
vn 0.7575 0.1872 -0.6254
vn 0.7569 0.3673 -0.5406
vn 0.8628 0.3957 -0.3147
vn 0.7010 0.4778 -0.5294
vn 0.8260 0.4482 -0.3417
vn -0.9078 0.2634 0.3263
vn -0.8967 0.1816 0.4036
vn -0.6987 0.1242 0.7045
vn -0.6827 0.0356 0.7298
vn 0.0022 -0.0034 1.0000
vn 0.0021 -0.0676 0.9977
vn 0.6675 0.0534 0.7427
vn 0.7899 -0.0915 0.6064
vn 0.8433 0.3075 -0.4407
vn 0.8529 0.1523 -0.4993
vn -0.0000 0.2303 -0.9731
vn -0.0000 0.3265 -0.9452
vn -0.8529 0.1523 -0.4993
vn -0.9389 0.1357 -0.3162
vn -0.6940 -0.3151 0.6473
vn -0.6614 -0.4972 0.5616
vn -0.0001 -0.5887 0.8084
vn 0.0001 -0.8568 0.5156
vn 0.6591 -0.5098 0.5529
vn 0.4932 -0.8029 0.3348
vn 0.8675 -0.4110 0.2801
vn 0.6180 -0.7822 0.0791
vn 0.9123 0.0036 -0.4096
vn 0.6870 0.2340 -0.6880
vn 0.8865 0.1130 -0.4487
vn 0.8955 0.1662 -0.4129
vn 0.6883 0.2020 -0.6968
vn 0.6535 0.2265 -0.7223
vn -0.0167 0.9251 -0.3793
vn 0.8442 -0.5262 -0.1018
vn -0.3739 0.9150 -0.1514
vn -0.8263 -0.1071 0.5529
vn -0.0000 -0.2910 0.9567
vn -0.8401 -0.1049 0.5322
vn -0.0000 -0.2264 0.9740
vn -0.9412 -0.0717 0.3301
vn -0.0000 0.1033 0.9946
vn -0.9672 -0.2484 0.0530
vn -0.8170 -0.5622 -0.1287
vn -0.5180 -0.6034 -0.6063
vn -0.2601 -0.9012 -0.3466
vn 0.8967 0.1816 0.4036
vn 0.9078 0.2634 0.3263
vn 0.6987 0.1242 0.7045
vn 0.7588 0.1376 0.6366
vn 0.3695 -0.0383 0.9284
vn 0.4111 -0.0807 0.9080
vn 0.2547 -0.0759 0.9640
vn -0.0000 -0.1094 0.9940
vn -0.3743 -0.0300 0.9268
vn -0.8433 0.3075 -0.4407
vn -0.7064 -0.1304 0.6957
vn -0.0001 -0.3555 0.9347
vn 0.6995 -0.3121 0.6429
vn 0.9143 -0.2422 0.3246
vn -0.3351 0.4610 -0.8217
vn -0.7569 0.3673 -0.5406
vn -0.7010 0.4778 -0.5294
vn -0.8628 0.3957 -0.3147
vn -0.7575 0.1872 -0.6254
vn -0.8962 0.2441 -0.3704
vn -0.6535 0.2265 -0.7223
vn -0.8955 0.1662 -0.4129
vn -0.6883 0.2020 -0.6968
vn -0.6870 0.2340 -0.6880
vn -0.6857 0.1370 -0.7149
vn -0.6947 -0.1892 -0.6940
vn 0.9146 -0.2380 0.3268
vn 0.9389 0.1357 -0.3162
vn -0.0000 0.6318 -0.7751
vn -0.9867 -0.0877 -0.1367
vn -0.5102 -0.7912 0.3371
vn -0.0000 -0.9867 0.1624
vn 0.2771 -0.9608 0.0008
vn 0.3011 -0.9382 -0.1704
vn 0.7595 -0.5279 -0.3801
vn 0.2458 -0.8838 -0.3981
vn 0.5155 -0.6046 -0.6072
vn -0.6959 -0.1911 -0.6922
vn 0.0004 0.2263 -0.9740
vn -0.3650 0.2532 -0.8959
vn 0.0002 0.3804 -0.9248
vn -0.6886 0.2551 -0.6788
vn -0.7416 0.1956 -0.6416
vn 0.0167 0.9251 -0.3792
vn -0.3649 -0.4722 -0.8024
vn -0.2775 0.2002 -0.9396
vn -0.0000 0.4053 -0.9142
vn 0.3351 0.4610 -0.8217
vn -0.3012 -0.9382 -0.1704
vn -0.2771 -0.9608 0.0008
vn -0.6180 -0.7822 0.0791
vn -0.5375 -0.8251 0.1741
vn -0.8675 -0.4110 0.2801
vn -0.8740 -0.3960 0.2816
vn -0.9143 -0.2422 0.3246
vn -0.9147 -0.2327 0.3304
vn -0.9243 -0.0844 0.3722
vn -0.7911 -0.0805 0.6063
vn -0.9061 0.0757 0.4163
vn 0.8401 -0.1049 0.5322
vn 0.9412 -0.0717 0.3301
vn 0.9672 -0.2484 0.0530
vn 0.8170 -0.5622 -0.1287
vn 0.2601 -0.9012 -0.3466
vn 0.3743 -0.0300 0.9268
vn -0.2547 -0.0759 0.9640
vn -0.4111 -0.0807 0.9080
vn -0.3695 -0.0383 0.9284
vn -0.7588 0.1376 0.6366
vn -0.2762 -0.1347 0.9516
vn -0.0000 -0.1479 0.9890
vn 0.2762 -0.1347 0.9516
vn 0.4886 0.0373 0.8717
vn 0.8080 0.2756 0.5208
vn 0.8969 0.3656 0.2487
vn 0.9243 -0.0844 0.3722
vn 0.7052 -0.1239 0.6981
vn -0.0010 -0.1464 0.9892
vn -0.6675 0.0534 0.7427
vn 0.9035 -0.2108 -0.3733
vn 0.6857 0.1370 -0.7149
vn -0.0003 0.2332 -0.9724
vn -0.8865 0.1130 -0.4487
vn -0.9123 0.0036 -0.4096
vn -0.9035 -0.2108 -0.3733
vn 0.8962 0.2441 -0.3704
vn 0.3649 -0.4722 -0.8024
vn 0.9161 -0.0227 -0.4004
vn -0.4886 0.0373 0.8717
vn -0.8080 0.2756 0.5208
vn -0.8969 0.3656 0.2487
vn 0.3773 -0.2048 0.9031
vn 0.3857 -0.3280 0.8623
vn 0.3902 -0.2324 0.8909
vn 0.3932 -0.3424 0.8533
vn 0.3693 -0.5470 0.7512
vn 0.3654 -0.5593 0.7441
vn 0.3362 -0.6623 0.6695
vn 0.3306 -0.6575 0.6771
vn -0.3773 -0.2048 0.9031
vn -0.3906 -0.2351 0.8900
vn -0.3856 -0.3280 0.8624
vn -0.3931 -0.3443 0.8526
vn -0.3692 -0.5471 0.7512
vn -0.3663 -0.5556 0.7464
vn -0.3365 -0.6622 0.6695
vn -0.3308 -0.6566 0.6778
vn 0.9061 0.0757 0.4163
vn 0.6827 0.0356 0.7298
vn -0.0022 -0.0034 1.0000
vn -0.9161 -0.0227 -0.4004
vn 0.9867 -0.0877 -0.1367
vn 0.8282 -0.5598 0.0266
vn 0.5586 -0.8083 0.1859
vn 0.2649 -0.9617 0.0703
vn 0.5585 -0.8084 0.1859
vn 0.6947 -0.1892 -0.6940
vn 0.0003 0.2332 -0.9724
vn -0.8282 -0.5597 0.0266
vn -0.2649 -0.9617 0.0703
vn 0.8845 -0.3637 0.2922
vn -0.0000 -0.9839 0.1786
vn -0.0000 0.9846 0.1746
vn -0.3011 -0.9382 -0.1704
vn -0.8260 0.4482 -0.3417
vt 0.072800 0.960200
vt 0.033700 0.899200
vt 0.079600 0.943400
vt 0.082800 0.917200
vt 0.126200 0.961200
vt 0.126200 0.928500
vt 0.178200 0.938000
vt 0.122300 0.910400
vt 0.178200 0.898700
vt 0.114500 0.868700
vt 0.172900 0.859900
vt 0.111300 0.830300
vt 0.171100 0.820800
vt 0.109100 0.785200
vt 0.166700 0.776100
vt 0.113500 0.756300
vt 0.163800 0.754400
vt 0.121800 0.700000
vt 0.163600 0.712400
vt 0.161900 0.662800
vt 0.195800 0.700400
vt 0.188700 0.658900
vt 0.221700 0.686800
vt 0.235100 0.658700
vt 0.235100 0.685800
vt 0.248800 0.686800
vt 0.249500 0.704800
vt 0.274700 0.700400
vt 0.252900 0.718000
vt 0.266600 0.715800
vt 0.255100 0.726600
vt 0.277800 0.724100
vt 0.254400 0.798300
vt 0.273200 0.782700
vt 0.267800 0.816400
vt 0.303500 0.776100
vt 0.299300 0.820800
vt 0.361100 0.785200
vt 0.359100 0.830300
vt 0.396700 0.840300
vt 0.356000 0.868700
vt 0.348100 0.910400
vt 0.292000 0.898700
vt 0.292000 0.938000
vt 0.257100 0.892600
vt 0.235100 0.941700
vt 0.235100 0.889200
vt 0.213100 0.892600
vt 0.215800 0.848600
vt 0.203100 0.853800
vt 0.202600 0.816400
vt 0.960700 0.261000
vt 0.948500 0.293500
vt 0.915000 0.267100
vt 0.936800 0.253400
vt 0.900900 0.212400
vt 0.948700 0.212400
vt 0.920700 0.184300
vt 0.976100 0.172900
vt 0.958700 0.156200
vt 0.993700 0.124300
vt 0.963600 0.124800
vt 0.988000 0.093300
vt 0.959500 0.093300
vt 0.948700 0.034900
vt 0.912800 0.064200
vt 0.900900 0.034900
vt 0.879600 0.064200
vt 0.842000 0.034900
vt 0.843800 0.064200
vt 0.814000 0.064200
vt 0.820300 0.093300
vt 0.763400 0.093300
vt 0.769800 0.124800
vt 0.752700 0.093300
vt 0.744900 0.093300
vt 0.748800 0.064200
vt 0.740700 0.064200
vt 0.744400 0.034900
vt 0.710900 0.034900
vt 0.763700 0.007300
vt 0.715100 0.007300
vt 0.139600 0.638900
vt 0.193800 0.618900
vt 0.195100 0.592500
vt 0.235100 0.612100
vt 0.235100 0.589800
vt 0.275400 0.592500
vt 0.235100 0.559600
vt 0.291500 0.567900
vt 0.296900 0.526900
vt 0.333500 0.559300
vt 0.419700 0.586200
vt 0.375500 0.603000
vt 0.427000 0.639900
vt 0.356200 0.625200
vt 0.374300 0.693800
vt 0.330800 0.638900
vt 0.348600 0.700000
vt 0.308600 0.662800
vt 0.306600 0.712400
vt 0.279100 0.714400
vt 0.823200 0.539600
vt 0.791300 0.524200
vt 0.791000 0.548600
vt 0.744900 0.543500
vt 0.772900 0.587400
vt 0.731000 0.579100
vt 0.743900 0.591300
vt 0.811800 0.588600
vt 0.845500 0.544200
vt 0.861300 0.492200
vt 0.826200 0.487800
vt 0.789800 0.463400
vt 0.678000 0.506800
vt 0.678000 0.463400
vt 0.605200 0.481200
vt 0.606000 0.463400
vt 0.569100 0.481000
vt 0.571800 0.463400
vt 0.537400 0.025600
vt 0.556400 0.012500
vt 0.556400 0.025600
vt 0.578900 0.012500
vt 0.578900 0.025600
vt 0.597900 0.025600
vt 0.578900 0.094200
vt 0.597900 0.096700
vt 0.578900 0.103800
vt 0.578900 0.146700
vt 0.556400 0.103800
vt 0.556400 0.146700
vt 0.537400 0.096700
vt 0.537400 0.149900
vt 0.522500 0.099400
vt 0.522500 0.143300
vt 0.507600 0.149900
vt 0.522500 0.154300
vt 0.507600 0.188500
vt 0.537400 0.188500
vt 0.507600 0.211900
vt 0.537400 0.211900
vt 0.206100 0.264200
vt 0.208700 0.251200
vt 0.203600 0.252000
vt 0.212900 0.234100
vt 0.201700 0.233200
vt 0.219000 0.206800
vt 0.198700 0.206100
vt 0.227300 0.174800
vt 0.196000 0.175000
vt 0.218300 0.144300
vt 0.196000 0.145000
vt 0.225300 0.104700
vt 0.203400 0.105700
vt 0.228500 0.071300
vt 0.206800 0.068800
vt 0.208300 0.052200
vt 0.173300 0.066700
vt 0.160200 0.040000
vt 0.129200 0.061300
vt 0.109100 0.004900
vt 0.093800 0.044200
vt 0.179200 0.975300
vt 0.235100 0.980200
vt 0.235100 0.998800
vt 0.291300 0.975300
vt 0.344200 0.961200
vt 0.344200 0.928500
vt 0.387700 0.917200
vt 0.389600 0.900600
vt 0.423600 0.850800
vt 0.391800 0.793200
vt 0.455800 0.777600
vt 0.387200 0.762900
vt 0.470000 0.720700
vt 0.460000 0.685500
vt 0.482900 0.657000
vt 0.197300 0.782700
vt 0.192600 0.724100
vt 0.191400 0.714400
vt 0.203600 0.715800
vt 0.217300 0.718000
vt 0.215300 0.726600
vt 0.235100 0.716800
vt 0.235100 0.728500
vt 0.235100 0.798600
vt 0.235100 0.848900
vt 0.254600 0.848600
vt 0.930200 0.093300
vt 0.900100 0.093300
vt 0.930400 0.124800
vt 0.894500 0.124800
vt 0.898700 0.156200
vt 0.866200 0.156200
vt 0.887200 0.184300
vt 0.861300 0.184300
vt 0.857700 0.212400
vt 0.828900 0.184300
vt 0.822300 0.212400
vt 0.786900 0.184300
vt 0.781300 0.212400
vt 0.755100 0.212400
vt 0.763700 0.242200
vt 0.723400 0.212400
vt 0.715100 0.242200
vt 0.657200 0.242200
vt 0.688700 0.257300
vt 0.694300 0.278300
vt 0.646700 0.257300
vt 0.642800 0.278300
vt 0.635300 0.327100
vt 0.600300 0.278800
vt 0.590800 0.324000
vt 0.560500 0.291700
vt 0.519500 0.335700
vt 0.501500 0.322300
vt 0.483400 0.376200
vt 0.466800 0.361600
vt 0.462600 0.369100
vt 0.451900 0.350100
vt 0.433100 0.376000
vt 0.420700 0.355700
vt 0.416300 0.381100
vt 0.396000 0.365500
vt 0.404800 0.390100
vt 0.389600 0.377900
vt 0.620900 0.242200
vt 0.620900 0.212400
vt 0.660600 0.212400
vt 0.662400 0.184300
vt 0.725800 0.184300
vt 0.725800 0.156200
vt 0.750500 0.184300
vt 0.755900 0.156200
vt 0.781500 0.156200
vt 0.834200 0.156200
vt 0.833000 0.124800
vt 0.862300 0.124800
vt 0.865700 0.093300
vt 0.556400 0.094200
vt 0.620900 0.184300
vt 0.664300 0.156200
vt 0.620900 0.156200
vt 0.661400 0.124800
vt 0.620900 0.124800
vt 0.659400 0.093300
vt 0.620900 0.093300
vt 0.658200 0.064200
vt 0.620900 0.064200
vt 0.657700 0.034900
vt 0.620900 0.034900
vt 0.657200 0.007300
vt 0.620900 0.007300
vt 0.236800 0.326400
vt 0.273400 0.318100
vt 0.272500 0.335900
vt 0.303500 0.317600
vt 0.280500 0.284700
vt 0.309300 0.287400
vt 0.286900 0.269000
vt 0.324700 0.277300
vt 0.312500 0.240500
vt 0.333000 0.258800
vt 0.330800 0.228800
vt 0.348400 0.268100
vt 0.362100 0.264900
vt 0.345900 0.290300
vt 0.361300 0.299600
vt 0.329100 0.309800
vt 0.339600 0.327100
vt 0.309600 0.336700
vt 0.111100 0.233200
vt 0.103800 0.215100
vt 0.085700 0.225600
vt 0.081300 0.207500
vt 0.106400 0.194300
vt 0.059600 0.181900
vt 0.076700 0.169700
vt 0.036900 0.151100
vt 0.049600 0.143300
vt 0.022700 0.117700
vt 0.038600 0.109600
vt 0.025900 0.075000
vt 0.043200 0.064200
vt 0.030500 0.037400
vt 0.074500 0.050800
vt 0.054700 0.025400
vt 0.098600 0.266600
vt 0.062000 0.211900
vt 0.058400 0.264200
vt 0.015900 0.261500
vt 0.058600 0.308600
vt 0.015900 0.315200
vt 0.053500 0.337400
vt 0.015600 0.343500
vt 0.039100 0.363300
vt 0.016600 0.391800
vt 0.029800 0.391800
vt 0.017100 0.431900
vt 0.048800 0.433300
vt 0.048800 0.470000
vt 0.060100 0.466100
vt 0.063000 0.490000
vt 0.082300 0.451700
vt 0.712400 0.994600
vt 0.804000 0.994600
vt 0.712400 0.943800
vt 0.801500 0.945100
vt 0.864500 0.994600
vt 0.851600 0.941900
vt 0.920400 0.994600
vt 0.904300 0.940200
vt 0.994400 0.994600
vt 0.994400 0.940200
vt 0.963600 0.859900
vt 0.884500 0.869900
vt 0.880100 0.845700
vt 0.822500 0.854000
vt 0.831300 0.825200
vt 0.744100 0.864700
vt 0.839100 0.908400
vt 0.994400 0.862300
vt 0.994400 0.823200
vt 0.959500 0.843500
vt 0.959200 0.763900
vt 0.869900 0.763900
vt 0.614500 0.438000
vt 0.607900 0.412400
vt 0.621800 0.412400
vt 0.631100 0.384000
vt 0.586900 0.381600
vt 0.546400 0.360600
vt 0.530800 0.366500
vt 0.496300 0.388700
vt 0.477500 0.382100
vt 0.475100 0.411100
vt 0.451200 0.412400
vt 0.462400 0.420700
vt 0.654800 0.412400
vt 0.672600 0.412400
vt 0.701700 0.381800
vt 0.699200 0.326900
vt 0.739000 0.325900
vt 0.742900 0.278300
vt 0.762900 0.322800
vt 0.771200 0.278300
vt 0.808100 0.278300
vt 0.805400 0.257300
vt 0.844200 0.278300
vt 0.836900 0.257300
vt 0.710900 0.745400
vt 0.656000 0.754200
vt 0.646200 0.723600
vt 0.617400 0.767100
vt 0.637000 0.826700
vt 0.600300 0.869400
vt 0.648400 0.878400
vt 0.595000 0.897900
vt 0.649700 0.907000
vt 0.586700 0.919400
vt 0.589100 0.996300
vt 0.554000 0.925800
vt 0.554000 0.996300
vt 0.674600 0.816900
vt 0.712200 0.756600
vt 0.725600 0.815700
vt 0.575400 0.802700
vt 0.549600 0.872100
vt 0.530500 0.827100
vt 0.556200 0.768800
vt 0.586200 0.736600
vt 0.258300 0.477100
vt 0.288100 0.477100
vt 0.285900 0.492400
vt 0.317100 0.481200
vt 0.282500 0.440700
vt 0.314200 0.439000
vt 0.303200 0.418200
vt 0.358400 0.427700
vt 0.319300 0.404800
vt 0.364700 0.397200
vt 0.339800 0.388700
vt 0.360800 0.365200
vt 0.336400 0.366200
vt 0.341100 0.338400
vt 0.578900 0.158000
vt 0.556400 0.158000
vt 0.556400 0.188500
vt 0.477300 0.746300
vt 0.490200 0.696500
vt 0.043500 0.639900
vt 0.095900 0.693800
vt 0.011500 0.685500
vt 0.005900 0.720700
vt 0.083300 0.762900
vt 0.014400 0.777600
vt 0.078600 0.793200
vt 0.046900 0.850800
vt 0.073700 0.840300
vt 0.080800 0.900600
vt 0.236600 0.306900
vt 0.241700 0.272900
vt 0.250000 0.252900
vt 0.269500 0.230700
vt 0.231200 0.211200
vt 0.284900 0.213900
vt 0.293200 0.201700
vt 0.310500 0.211700
vt 0.882600 0.439900
vt 0.850600 0.405800
vt 0.882600 0.395000
vt 0.850600 0.389900
vt 0.814200 0.405800
vt 0.807400 0.327900
vt 0.776400 0.405800
vt 0.745400 0.405800
vt 0.733900 0.383500
vt 0.726300 0.439900
vt 0.701900 0.412400
vt 0.929200 0.156200
vt 0.885000 0.242200
vt 0.849400 0.242200
vt 0.178700 0.101800
vt 0.166700 0.129600
vt 0.156700 0.154100
vt 0.118200 0.128200
vt 0.090100 0.160200
vt 0.084500 0.088600
vt 0.365000 0.195800
vt 0.374000 0.178700
vt 0.333300 0.177700
vt 0.353800 0.147900
vt 0.318600 0.156200
vt 0.371300 0.116700
vt 0.315400 0.138200
vt 0.352100 0.090100
vt 0.317400 0.107900
vt 0.319100 0.071300
vt 0.302500 0.082500
vt 0.592500 0.709700
vt 0.554400 0.891800
vt 0.506300 0.801000
vt 0.591800 0.693800
vt 0.605000 0.666700
vt 0.056400 0.360400
vt 0.065700 0.394300
vt 0.044700 0.408200
vt 0.067400 0.436000
vt 0.086700 0.422900
vt 0.110800 0.450000
vt 0.103000 0.411900
vt 0.128900 0.414100
vt 0.128200 0.392100
vt 0.170400 0.405500
vt 0.148400 0.377900
vt 0.885000 0.007300
vt 0.849400 0.007300
vt 0.816900 0.007300
vt 0.809600 0.034900
vt 0.760300 0.034900
vt 0.750700 0.034900
vt 0.507600 0.096700
vt 0.522500 0.087200
vt 0.522500 0.032000
vt 0.585700 0.246300
vt 0.568800 0.262700
vt 0.567400 0.226800
vt 0.548600 0.239300
vt 0.531700 0.277100
vt 0.501000 0.258500
vt 0.472200 0.308600
vt 0.454300 0.299100
vt 0.437700 0.331500
vt 0.436500 0.288800
vt 0.418200 0.324700
vt 0.458000 0.146000
vt 0.451200 0.158400
vt 0.455600 0.160600
vt 0.444100 0.172100
vt 0.453400 0.175000
vt 0.434100 0.189500
vt 0.450200 0.195300
vt 0.448500 0.211400
vt 0.467300 0.193800
vt 0.475300 0.217800
vt 0.163300 0.478300
vt 0.132300 0.477300
vt 0.165800 0.435500
vt 0.134300 0.430900
vt 0.178700 0.408900
vt 0.198700 0.419700
vt 0.234600 0.388200
vt 0.230700 0.410900
vt 0.241000 0.420900
vt 0.614700 0.254600
vt 0.825900 0.463400
vt 0.862300 0.463400
vt 0.678000 0.554000
vt 0.572300 0.559300
vt 0.526600 0.557600
vt 0.492400 0.554000
vt 0.482400 0.590600
vt 0.399200 0.348900
vt 0.432400 0.342300
vt 0.276600 0.618900
vt 0.281500 0.658900
vt 0.043500 0.583700
vt 0.010000 0.564900
vt 0.029500 0.569300
vt 0.034400 0.552200
vt 0.061500 0.541000
vt 0.110600 0.579300
vt 0.104200 0.513700
vt 0.150400 0.555400
vt 0.143100 0.523900
vt 0.413300 0.184800
vt 0.392300 0.163100
vt 0.430400 0.165300
vt 0.438000 0.141600
vt 0.395000 0.145000
vt 0.436000 0.109900
vt 0.404800 0.116200
vt 0.420900 0.083500
vt 0.401400 0.086900
vt 0.399200 0.072000
vt 0.822500 0.707300
vt 0.857200 0.702100
vt 0.835400 0.592500
vt 0.767600 0.709200
vt 0.723400 0.704300
vt 0.198700 0.252400
vt 0.190900 0.236600
vt 0.179200 0.210400
vt 0.167000 0.181900
vt 0.473100 0.036600
vt 0.458500 0.002700
vt 0.454100 0.034700
vt 0.430700 0.029500
vt 0.468000 0.078600
vt 0.448700 0.079300
vt 0.474400 0.121100
vt 0.462600 0.123800
vt 0.479700 0.152800
vt 0.554000 0.914300
vt 0.678700 0.996300
vt 0.278600 0.401400
vt 0.259300 0.408900
vt 0.272200 0.366900
vt 0.252900 0.373500
vt 0.247300 0.355000
vt 0.232200 0.373000
vt 0.230000 0.361300
vt 0.119900 0.976300
vt 0.597900 0.149900
vt 0.919700 0.355000
vt 0.907200 0.411600
vt 0.994600 0.446800
vt 0.892300 0.461200
vt 0.992900 0.513200
vt 0.889400 0.523900
vt 0.929900 0.525900
vt 0.893100 0.569600
vt 0.927700 0.572300
vt 0.733600 0.463400
vt 0.711200 0.064200
vt 0.713900 0.093300
vt 0.140900 0.093700
vt 0.240700 0.147900
vt 0.247800 0.100600
vt 0.246800 0.067900
vt 0.077600 0.361300
vt 0.085900 0.388200
vt 0.084500 0.345500
vt 0.111300 0.358600
vt 0.116500 0.310300
vt 0.132600 0.350600
vt 0.406500 0.399400
vt 0.388900 0.442900
vt 0.413800 0.424600
vt 0.409200 0.440200
vt 0.402100 0.467500
vt 0.442900 0.445100
vt 0.443800 0.495400
vt 0.484400 0.443100
vt 0.225600 0.439200
vt 0.215300 0.362300
vt 0.208000 0.363300
vt 0.201900 0.345200
vt 0.220900 0.704800
vt 0.235100 0.704600
vt 0.114300 0.625200
vt 0.178700 0.567900
vt 0.356900 0.756300
vt 0.306400 0.754400
vt 0.297600 0.859900
vt 0.267300 0.853800
vt 0.436500 0.899200
vt 0.390900 0.943400
vt 0.350600 0.976300
vt 0.076200 0.327900
vt 0.759800 0.064200
vt 0.721200 0.124800
vt 0.875200 0.674800
vt 0.885500 0.586200
vt 0.951400 0.615700
vt 0.949000 0.686300
vt 0.881300 0.749000
vt 0.942900 0.749000
vt 0.462900 0.174800
vt 0.460700 0.159700
vt 0.486300 0.077900
vt 0.486800 0.120600
vt 0.318400 0.064000
vt 0.281500 0.061500
vt 0.304200 0.041500
vt 0.268300 0.054400
vt 0.292000 0.010500
vt 0.993700 0.685100
vt 0.993700 0.628400
vt 0.993700 0.749000
vt 0.016400 0.492900
vt 0.015400 0.468500
vt 0.003900 0.484100
vt 0.044900 0.492700
vt 0.388900 0.070100
vt 0.380100 0.004400
vt 0.359100 0.047400
vt 0.353800 0.002200
vt 0.341100 0.033700
vt 0.327100 0.004400
vt 0.332300 0.020800
vt 0.216100 0.798300
vt 0.834000 0.439900
vt 0.813700 0.439900
vt 0.792700 0.439900
vt 0.774400 0.439900
vt 0.754900 0.439900
vt 0.860800 0.362300
vt 0.852500 0.310100
vt 0.732900 0.257300
vt 0.769000 0.257300
vt 0.678000 0.608900
vt 0.563500 0.605200
vt 0.511500 0.595900
vt 0.741000 0.439900
vt 0.712400 0.882300
vt 0.386700 0.210200
vt 0.378400 0.242400
vt 0.394300 0.241000
vt 0.389600 0.282500
vt 0.403800 0.278800
vt 0.400600 0.318800
vt 0.318600 0.496100
vt 0.363500 0.484900
vt 0.261000 0.106000
vt 0.268600 0.161600
vt 0.296900 0.136500
vt 0.293900 0.159400
vt 0.269800 0.188000
vt 0.309300 0.200700
vt 0.402100 0.054000
vt 0.419400 0.050800
vt 0.412100 0.023200
vt 0.292000 0.380400
vt 0.276900 0.349600
vt 0.264900 0.350800
vt 0.311500 0.369600
vt 0.287800 0.344700
vt 0.309800 0.355000
vt 0.193800 0.025100
vt 0.217800 0.010700
vt 0.208000 0.022700
vt 0.227100 0.044700
vt 0.242700 0.007600
vt 0.250000 0.027800
vt 0.026900 0.852100
vt 0.159200 0.210400
vt 0.157700 0.181200
vt 0.140400 0.202100
vt 0.131600 0.181600
vt 0.147900 0.169400
vt 0.124500 0.172400
vt 0.597900 0.188500
vt 0.578900 0.188500
vt 0.685300 0.412400
vt 0.426800 0.389400
vt 0.436500 0.399700
vt 0.678700 0.437700
vt 0.310500 0.169900
vt 0.239300 0.176800
vt 0.207800 0.320800
vt 0.173600 0.312500
vt 0.205800 0.302500
vt 0.209500 0.276100
vt 0.154300 0.328600
vt 0.160200 0.295700
vt 0.122300 0.290300
vt 0.133800 0.280800
vt 0.169400 0.271000
vt 0.168700 0.263700
vt 0.816900 0.242200
vt 0.199200 0.470000
vt 0.236600 0.445600
vt 0.266800 0.467800
vt 0.085700 0.304700
vt 0.016400 0.049100
vt 0.004600 0.016800
vt 0.064200 0.507600
vt 0.020500 0.536100
vt 0.834200 0.439900
vt 0.852300 0.439900
vt 0.647200 0.437300
vt 0.640600 0.412400
vt 0.557100 0.385000
vt 0.590300 0.412400
vt 0.987500 0.359400
vt 0.979200 0.325900
vt 0.950400 0.311000
vt 0.678000 0.644300
vt 0.556400 0.644300
vt 0.510300 0.614300
vt 0.919700 0.322000
vt 0.565200 0.412400
vt 0.185500 0.368200
vt 0.214100 0.470200
vt 0.209500 0.443800
vt 0.160200 0.496100
vt 0.131300 0.496100
vt 0.055900 0.194600
vt 0.018600 0.200200
vt 0.327400 0.203100
vt 0.342800 0.224600
vt 0.378900 0.147900
vt 0.133100 0.213900
vt 0.365200 0.335200
vt 0.376000 0.286400
vt 0.467000 0.242200
vt 0.477500 0.242900
vt 0.241000 0.383100
vt 0.256600 0.059300
vt 0.258800 0.043500
vt 0.109900 0.184600
vt 0.496100 0.712900
vt 0.491700 0.732400
vt 0.095000 0.603000
vt 0.443600 0.852100
vt 0.397500 0.199000
vt 0.397700 0.188500
vt 0.397700 0.960200
vt 0.173800 0.481700
vt 0.994400 0.763900
vt 0.987300 0.545900
vt 0.420700 0.210900
vt 0.236300 0.445600
vt 0.222200 0.486300
vt 0.244900 0.434300
vt 0.267300 0.096900
vt 0.384300 0.407000
vt 0.322000 0.049800
vt 0.074700 0.605200
vt 0.507600 0.026400
vt 0.882600 0.377000
vt 0.442400 0.265900
vt 0.423600 0.076400
vt 0.113000 0.249000
vt 0.540500 0.477300
vt 0.835200 0.692400
vt 0.782200 0.779100
vt 0.894000 0.727300
vt 0.894000 0.878900
vt 0.782200 0.878900
vt 0.900400 0.961900
vt 0.782200 0.961900
vt 0.782200 0.992200
vt 0.664300 0.961900
vt 0.662400 0.992200
vt 0.578600 0.961900
vt 0.576700 0.992200
vt 0.508500 0.961900
vt 0.508300 0.992200
vt 0.414600 0.961900
vt 0.412600 0.992200
vt 0.338600 0.961900
vt 0.329600 0.992200
vt 0.240500 0.961900
vt 0.240500 0.992200
vt 0.008300 0.729700
vt 0.069800 0.710400
vt 0.008300 0.607900
vt 0.133500 0.591100
vt 0.062700 0.459700
vt 0.143600 0.458000
vt 0.097200 0.370900
vt 0.187500 0.362100
vt 0.213600 0.231000
vt 0.284400 0.312500
vt 0.369400 0.234400
vt 0.368200 0.360800
vt 0.483400 0.333500
vt 0.371600 0.468300
vt 0.484400 0.465800
vt 0.478800 0.595000
vt 0.632600 0.595200
vt 0.481900 0.651600
vt 0.632600 0.673600
vt 0.541000 0.686300
vt 0.397900 0.772500
vt 0.335200 0.878900
vt 0.326900 0.761000
vt 0.240500 0.878900
vt 0.418700 0.878900
vt 0.512700 0.878900
vt 0.592000 0.878900
vt 0.670700 0.878900
vt 0.363800 0.008100
vt 0.496100 0.129600
vt 0.492900 0.008100
vt 0.632600 0.129600
vt 0.632600 0.233200
vt 0.499000 0.234400
vt 0.367700 0.129600
vt 0.210000 0.129600
vt 0.008300 0.226300
vt 0.008300 0.347400
vt 0.008300 0.463600
vt 0.240500 0.758500
vt 0.498500 0.789300
vt 0.591800 0.775900
vt 0.941200 0.442400
vt 0.849900 0.442400
vt 0.849900 0.522900
vt 0.762200 0.522900
vt 0.762200 0.601600
vt 0.664600 0.601600
vt 0.664600 0.653600
vt 0.762200 0.655300
vt 0.849900 0.601600
vt 0.849900 0.622600
vt 0.891100 0.647200
vt 0.675500 0.309100
vt 0.675500 0.407500
vt 0.832800 0.407500
vt 0.832800 0.309100
vt 0.675500 0.209700
vt 0.832800 0.209700
vt 0.675500 0.110800
vt 0.832800 0.110800
vt 0.675500 0.012900
vt 0.832800 0.012900
vt 0.632600 0.008100
vt 0.198200 0.008100
vt 0.008300 0.129600
vt 0.762200 0.442400
vt 0.664600 0.522900
vt 0.989300 0.572300
vt 0.989300 0.480000
vt 0.973100 0.477300
vt 0.989300 0.369900
vt 0.950000 0.377900
vt 0.989300 0.280500
vt 0.920700 0.295200
vt 0.989300 0.169700
vt 0.868900 0.169700
vt 0.868900 0.090800
vt 0.664600 0.442400
vt 0.941200 0.522900
vt 0.344700 0.366500
vt 0.285400 0.332800
vt 0.204300 0.377400
vt 0.632600 0.465100
vt 0.632600 0.330300
vt 0.972900 0.775900
vt 0.972400 0.878900
vt 0.986100 0.961900
vt 0.902100 0.992200
vt 0.941200 0.601600
vt 0.941200 0.697000
vt 0.386500 0.585700
vt 0.359600 0.687000
vt 0.451200 0.728500
vt 0.670700 0.727300
vt 0.729500 0.692400
vt 0.782200 0.677700
vt 0.210900 0.455300
vt 0.163300 0.565700
vt 0.320100 0.568800
vt 0.206300 0.677700
vt 0.320100 0.728300
vt 0.320100 0.409400
vt 0.099900 0.948500
vt 0.059300 0.847700
vt 0.192400 0.851800
vt 0.104000 0.751200
vt 0.192400 0.717000
vt 0.192400 0.987800
vt 0.989300 0.090800
vt 0.868900 0.010300
vt 0.989300 0.010300
vt 0.918900 0.244400
vt 0.917700 0.199500
vt 0.942900 0.194300
vt 0.512700 0.747800
vt 0.968300 0.513900
vt 0.008300 0.008100
vt 0.868900 0.264900
vt 0.161400 0.669200
vt 0.988000 0.992200
vt 0.036100 0.011500
vt 0.032500 0.126500
vt 0.009800 0.090300
vt 0.009800 0.247100
vt 0.031700 0.247100
vt 0.031500 0.361800
vt 0.064000 0.247100
vt 0.064500 0.361800
vt 0.101300 0.247100
vt 0.110400 0.361800
vt 0.159200 0.247100
vt 0.163300 0.361800
vt 0.226800 0.356900
vt 0.220700 0.439500
vt 0.370800 0.384500
vt 0.395500 0.496600
vt 0.405300 0.293500
vt 0.435500 0.473600
vt 0.450700 0.316700
vt 0.465800 0.456100
vt 0.507600 0.441200
vt 0.487800 0.311300
vt 0.435800 0.103500
vt 0.470000 0.138700
vt 0.474600 0.011500
vt 0.534200 0.123000
vt 0.533900 0.011500
vt 0.526900 0.906700
vt 0.585000 0.906700
vt 0.579300 0.788100
vt 0.783900 0.793200
vt 0.780800 0.660600
vt 0.822800 0.660900
vt 0.782200 0.554900
vt 0.822800 0.554700
vt 0.774200 0.493900
vt 0.814700 0.472200
vt 0.765900 0.351600
vt 0.809600 0.316700
vt 0.863300 0.470900
vt 0.868400 0.554700
vt 0.926500 0.554700
vt 0.926500 0.660900
vt 0.963600 0.660900
vt 0.926500 0.791700
vt 0.963600 0.791700
vt 0.931200 0.906700
vt 0.965300 0.906700
vt 0.133800 0.011500
vt 0.165800 0.126500
vt 0.180700 0.011500
vt 0.224600 0.011500
vt 0.233900 0.127000
vt 0.387500 0.123500
vt 0.369600 0.278600
vt 0.222700 0.586400
vt 0.166000 0.439500
vt 0.162800 0.592500
vt 0.114500 0.440400
vt 0.054900 0.576400
vt 0.062000 0.422400
vt 0.027100 0.455600
vt 0.009800 0.361800
vt 0.531000 0.790500
vt 0.564500 0.665300
vt 0.532200 0.663100
vt 0.580600 0.569100
vt 0.573700 0.481400
vt 0.695100 0.549100
vt 0.868400 0.660900
vt 0.868400 0.791700
vt 0.867400 0.906700
vt 0.550500 0.229700
vt 0.416500 0.011500
vt 0.109600 0.126500
vt 0.064900 0.126500
vt 0.924800 0.315200
vt 0.924100 0.449200
vt 0.963600 0.554700
vt 0.991700 0.660900
vt 0.991700 0.838400
vt 0.991700 0.985600
vt 0.411100 0.204300
vt 0.568600 0.340100
vt 0.820600 0.906700
vt 0.822800 0.791700
vt 0.776600 0.906700
vt 0.502200 0.556900
vt 0.507600 0.489300
vt 0.492400 0.654800
vt 0.472200 0.793700
vt 0.467500 0.906700
vt 0.070300 0.011500
vt 0.233200 0.248800
vt 0.109600 0.361800
vt 0.663600 0.229000
vt 0.754600 0.229000
vt 0.663600 0.017100
vt 0.754600 0.017100
vt 0.871100 0.229000
vt 0.871100 0.017100
vt 0.945100 0.229000
vt 0.945100 0.017100
vt 0.097900 0.717300
vt 0.097900 0.978800
vt 0.189200 0.717300
vt 0.189200 0.978800
vt 0.305700 0.717300
vt 0.305700 0.978800
vt 0.379600 0.717300
vt 0.379600 0.978800
vt 0.961200 0.406000
vt 0.991700 0.554700
vt 0.030300 0.664300
vt 0.009800 0.448500
s 1
usemtl Material__48
f 1/1/1 2/2/2 3/3/3
f 2/2/2 4/4/4 3/3/3
f 3/3/3 4/4/4 5/5/5
f 4/4/4 6/6/6 5/5/5
f 5/5/5 6/6/6 7/7/7
f 6/6/6 8/8/8 7/7/7
f 7/7/7 8/8/8 9/9/9
f 8/8/8 10/10/10 9/9/9
f 9/9/9 10/10/10 11/11/11
f 10/10/10 12/12/12 11/11/11
f 11/11/11 12/12/12 13/13/13
f 12/12/12 14/14/14 13/13/13
f 13/13/13 14/14/14 15/15/15
f 14/14/14 16/16/16 15/15/15
f 15/15/15 16/16/16 17/17/17
f 16/16/16 18/18/18 17/17/17
f 17/17/17 18/18/18 19/19/19
f 18/18/18 20/20/20 19/19/19
f 19/19/19 20/20/20 21/21/21
f 20/20/20 22/22/22 21/21/21
f 21/21/21 22/22/22 23/23/23
f 22/22/22 24/24/24 23/23/23
f 23/23/23 24/24/24 25/25/25
f 24/24/24 26/26/26 25/25/25
f 25/25/25 26/26/26 27/27/27
f 26/26/26 28/28/28 27/27/27
f 27/27/27 28/28/28 29/29/29
f 28/28/28 30/30/30 29/29/29
f 29/29/29 30/30/30 31/31/31
f 30/30/30 32/32/32 31/31/31
f 31/31/31 32/32/32 33/33/33
f 32/32/32 34/34/34 33/33/33
f 33/33/33 34/34/34 35/35/35
f 34/34/34 36/36/36 35/35/35
f 35/35/35 36/36/36 37/37/37
f 36/36/36 38/38/38 37/37/37
f 37/37/37 38/38/38 39/39/39
f 38/38/38 40/40/40 39/39/39
f 39/39/39 40/40/40 41/41/41
f 40/40/40 42/42/42 41/41/41
f 41/41/41 42/42/42 43/43/43
f 42/42/42 44/44/44 43/43/43
f 43/43/43 44/44/44 45/45/45
f 44/44/44 46/46/46 45/45/45
f 45/45/45 46/46/46 47/47/47
f 46/46/46 48/48/48 47/47/47
f 47/47/47 48/48/48 49/49/49
f 48/48/48 50/50/50 49/49/49
f 49/49/49 50/50/50 51/51/51
f 50/50/50 11/11/11 51/51/51
f 51/51/51 11/11/11 13/13/13
f 52/52/52 53/53/53 54/54/54
f 53/53/53 55/55/55 54/54/54
f 54/54/54 55/55/55 56/56/56
f 55/55/55 57/57/57 56/56/56
f 56/56/56 57/57/57 58/58/58
f 57/57/57 59/59/59 58/58/58
f 58/58/58 59/59/59 60/60/60
f 59/59/59 61/61/61 60/60/60
f 60/60/60 61/61/61 62/62/62
f 61/61/61 63/63/63 62/62/62
f 62/62/62 63/63/63 64/64/64
f 63/63/63 65/65/65 64/64/64
f 64/64/64 65/65/65 66/66/66
f 65/65/65 67/67/67 66/66/66
f 66/66/66 67/67/67 68/68/68
f 67/67/67 69/69/69 68/68/68
f 68/68/68 69/69/69 70/70/70
f 69/69/69 71/71/71 70/70/70
f 70/70/70 71/71/71 72/72/72
f 71/71/71 73/73/73 72/72/72
f 72/72/72 73/73/73 74/74/74
f 73/73/73 75/75/75 74/74/74
f 74/74/74 75/75/75 76/76/76
f 75/75/75 77/77/77 76/76/76
f 76/76/76 77/77/77 78/78/78
f 77/77/77 79/79/79 78/78/78
f 78/78/78 79/79/79 80/80/80
f 79/79/79 81/81/81 80/80/80
f 80/80/80 81/81/81 82/82/82
f 83/82/83 84/81/84 85/80/85
f 84/81/84 86/79/86 85/80/85
f 85/80/85 86/79/86 87/78/87
f 86/79/86 88/77/88 87/78/87
f 87/78/87 88/77/88 89/76/89
f 88/77/88 90/75/90 89/76/89
f 89/76/89 90/75/90 91/74/91
f 90/75/90 92/73/92 91/74/91
f 91/74/91 92/73/92 93/72/93
f 92/73/92 94/71/94 93/72/93
f 93/72/93 94/71/94 95/70/95
f 94/71/94 96/69/96 95/70/95
f 95/70/95 96/69/96 97/68/97
f 96/69/96 98/67/98 97/68/97
f 97/68/97 98/67/98 99/66/99
f 98/67/98 100/65/100 99/66/99
f 99/66/99 100/65/100 101/64/101
f 100/65/100 102/63/102 101/64/101
f 101/64/101 102/63/102 103/62/103
f 102/63/102 104/61/104 103/62/103
f 103/62/103 104/61/104 105/60/105
f 104/61/104 106/59/106 105/60/105
f 105/60/105 106/59/106 107/58/107
f 106/59/106 108/57/108 107/58/107
f 107/58/107 108/57/108 109/56/109
f 108/57/108 110/55/110 109/56/109
f 109/56/109 110/55/110 111/54/111
f 110/55/110 112/53/112 111/54/111
f 111/54/111 112/53/112 113/52/113
f 18/18/18 114/83/114 20/20/20
f 20/20/20 114/83/114 115/84/115
f 114/83/114 116/85/116 115/84/115
f 115/84/115 116/85/116 117/86/117
f 116/85/116 118/87/118 117/86/117
f 117/86/117 118/87/118 119/88/119
f 118/87/118 120/89/120 119/88/119
f 119/88/119 120/89/120 121/90/121
f 120/89/120 122/91/122 121/90/121
f 121/90/121 122/91/122 123/92/123
f 122/91/122 124/93/124 123/92/123
f 123/92/123 124/93/124 125/94/125
f 124/93/124 126/95/126 125/94/125
f 125/94/125 126/95/126 127/96/127
f 126/95/126 128/97/128 127/96/127
f 127/96/127 128/97/128 129/98/129
f 128/97/128 130/99/130 129/98/129
f 129/98/129 130/99/130 131/100/131
f 130/99/130 132/101/132 131/100/131
f 131/100/131 132/101/132 28/28/28
f 132/101/132 133/102/133 28/28/28
f 28/28/28 133/102/133 30/30/30
f 133/102/133 32/32/32 30/30/30
f 134/103/134 135/104/135 136/105/136
f 135/104/135 137/106/137 136/105/136
f 136/105/136 137/106/137 138/107/138
f 137/106/137 139/108/139 138/107/138
f 138/107/138 139/108/139 140/109/140
f 139/108/139 141/106/141 140/109/140
f 140/109/140 141/106/141 142/107/142
f 141/106/141 143/105/143 142/107/142
f 142/107/142 143/105/143 144/110/144
f 143/105/143 145/103/145 144/110/144
f 144/110/144 145/103/145 146/111/146
f 145/103/145 147/112/147 146/111/146
f 146/111/146 147/112/147 134/103/134
f 147/112/147 148/113/148 134/103/134
f 134/103/134 148/113/148 135/104/135
f 148/113/148 149/114/149 135/104/135
f 135/104/135 149/114/149 150/115/150
f 149/114/149 151/116/151 150/115/150
f 150/115/150 151/116/151 152/117/152
f 151/116/151 153/118/153 152/117/152
f 152/117/152 153/118/153 154/119/154
f 153/118/153 155/120/155 154/119/154
f 156/103/156 157/105/157 158/104/158
f 158/104/158 157/105/157 159/106/159
f 157/105/157 160/107/160 159/106/159
f 159/106/159 160/107/160 161/108/161
f 160/107/160 162/109/162 161/108/161
f 161/108/161 162/109/162 163/106/163
f 162/109/162 164/107/164 163/106/163
f 163/106/163 164/107/164 165/105/165
f 164/107/164 166/110/166 165/105/165
f 165/105/165 166/110/166 167/103/167
f 166/110/166 168/111/168 167/103/167
f 167/103/167 168/111/168 169/112/147
f 168/111/168 156/103/156 169/112/147
f 169/112/147 156/103/156 170/113/169
f 156/103/156 158/104/158 170/113/169
f 170/113/169 158/104/158 171/114/170
f 158/104/158 172/115/171 171/114/170
f 171/114/170 172/115/171 173/116/172
f 172/115/171 174/117/173 173/116/172
f 173/116/172 174/117/173 175/118/174
f 174/117/173 176/119/175 175/118/174
f 175/118/174 176/119/175 177/120/176
f 178/121/177 179/122/178 180/123/179
f 179/122/178 181/124/180 180/123/179
f 180/123/179 181/124/180 182/125/181
f 181/124/180 183/126/182 182/125/181
f 182/125/181 183/126/182 184/127/183
f 183/126/182 185/128/184 184/127/183
f 184/127/183 185/128/184 186/129/185
f 185/128/184 187/130/186 186/129/185
f 186/129/185 187/130/186 188/131/187
f 187/130/186 189/132/188 188/131/187
f 188/131/187 189/132/188 190/133/189
f 189/132/188 191/134/190 190/133/189
f 190/133/189 191/134/190 192/135/191
f 191/134/190 193/136/192 192/135/191
f 192/135/191 193/136/192 194/137/193
f 193/136/192 195/138/194 194/137/193
f 194/137/193 195/138/194 196/139/195
f 195/138/194 197/140/196 196/139/195
f 196/139/195 197/140/196 198/141/197
f 197/140/196 199/142/197 198/141/197
f 200/121/198 201/123/199 202/122/200
f 202/122/200 201/123/199 203/124/201
f 201/123/199 204/125/202 203/124/201
f 203/124/201 204/125/202 205/126/203
f 204/125/202 206/127/204 205/126/203
f 205/126/203 206/127/204 207/128/205
f 206/127/204 208/129/206 207/128/205
f 207/128/205 208/129/206 209/130/207
f 208/129/206 210/131/208 209/130/207
f 209/130/207 210/131/208 211/132/209
f 210/131/208 212/133/210 211/132/209
f 211/132/209 212/133/210 213/134/211
f 212/133/210 214/135/212 213/134/211
f 213/134/211 214/135/212 215/136/213
f 214/135/212 216/137/214 215/136/213
f 215/136/213 216/137/214 217/138/215
f 216/137/214 218/139/216 217/138/215
f 217/138/215 218/139/216 219/140/217
f 218/139/216 220/141/218 219/140/217
f 219/140/217 220/141/218 221/142/219
f 222/143/220 223/144/221 224/145/222
f 223/144/221 225/146/223 224/145/222
f 224/145/222 225/146/223 226/147/224
f 225/146/223 227/148/225 226/147/224
f 226/147/224 227/148/225 228/149/226
f 227/148/225 229/150/227 228/149/226
f 228/149/226 229/150/227 230/151/228
f 229/150/227 231/152/229 230/151/228
f 230/151/228 231/152/229 232/153/230
f 231/152/229 233/154/231 232/153/230
f 232/153/230 233/154/231 234/155/232
f 233/154/231 235/156/233 234/155/232
f 234/155/232 235/156/233 236/157/234
f 235/156/233 237/158/235 236/157/234
f 236/157/234 237/158/235 238/159/236
f 237/158/235 239/160/237 238/159/236
f 238/159/236 239/160/237 240/161/238
f 239/160/237 241/162/239 240/161/238
f 240/161/238 241/162/239 242/163/240
f 243/164/241 244/165/242 245/166/243
f 245/166/243 244/165/242 246/167/244
f 244/165/242 44/44/44 246/167/244
f 246/167/244 44/44/44 247/168/245
f 44/44/44 248/169/246 247/168/245
f 247/168/245 248/169/246 249/170/247
f 248/169/246 42/42/42 249/170/247
f 249/170/247 42/42/42 250/171/248
f 42/42/42 40/40/40 250/171/248
f 250/171/248 40/40/40 251/172/249
f 40/40/40 252/173/250 251/172/249
f 251/172/249 252/173/250 253/174/251
f 252/173/250 254/175/252 253/174/251
f 253/174/251 254/175/252 255/176/253
f 254/175/252 128/97/128 255/176/253
f 255/176/253 128/97/128 256/177/254
f 128/97/128 126/95/126 256/177/254
f 256/177/254 126/95/126 257/178/255
f 126/95/126 124/93/124 257/178/255
f 13/13/13 15/15/15 51/51/51
f 51/51/51 15/15/15 258/179/256
f 15/15/15 17/17/17 258/179/256
f 258/179/256 17/17/17 259/180/257
f 17/17/17 19/19/19 259/180/257
f 259/180/257 19/19/19 260/181/258
f 19/19/19 21/21/21 260/181/258
f 260/181/258 21/21/21 261/182/259
f 21/21/21 262/183/260 261/182/259
f 261/182/259 262/183/260 263/184/261
f 262/183/260 264/185/262 263/184/261
f 263/184/261 264/185/262 265/186/263
f 264/185/262 31/31/31 265/186/263
f 265/186/263 31/31/31 266/187/264
f 31/31/31 33/33/33 266/187/264
f 266/187/264 33/33/33 267/188/265
f 33/33/33 268/189/266 267/188/265
f 267/188/265 268/189/266 47/47/47
f 268/189/266 45/45/45 47/47/47
f 64/64/64 66/66/66 269/190/267
f 66/66/66 270/191/268 269/190/267
f 269/190/267 270/191/268 271/192/269
f 270/191/268 272/193/270 271/192/269
f 271/192/269 272/193/270 273/194/271
f 272/193/270 274/195/272 273/194/271
f 273/194/271 274/195/272 275/196/273
f 274/195/272 276/197/274 275/196/273
f 275/196/273 276/197/274 277/198/275
f 276/197/274 278/199/276 277/198/275
f 277/198/275 278/199/276 279/200/277
f 278/199/276 280/201/278 279/200/277
f 279/200/277 280/201/278 281/202/279
f 280/201/278 282/203/280 281/202/279
f 281/202/279 282/203/280 81/204/281
f 282/203/280 283/205/282 81/204/281
f 81/204/281 283/205/282 82/206/283
f 283/205/282 284/207/284 82/206/283
f 285/122/285 286/124/286 287/125/287
f 286/124/286 288/126/288 287/125/287
f 287/125/287 288/126/288 289/127/289
f 288/126/288 290/128/290 289/127/289
f 289/127/289 290/128/290 291/129/291
f 290/128/290 292/130/292 291/129/291
f 291/129/291 292/130/292 293/131/293
f 292/130/292 294/132/294 293/131/293
f 293/131/293 294/132/294 295/133/295
f 294/132/294 296/134/296 295/133/295
f 295/133/295 296/134/296 297/135/297
f 296/134/296 298/136/298 297/135/297
f 297/135/297 298/136/298 299/137/299
f 298/136/298 300/138/300 299/137/299
f 299/137/299 300/138/300 301/139/301
f 300/138/300 302/140/302 301/139/301
f 301/139/301 302/140/302 303/141/303
f 302/140/302 304/142/303 303/141/303
f 305/208/304 306/209/305 307/210/306
f 307/210/306 306/209/305 308/211/307
f 306/209/305 309/212/308 308/211/307
f 308/211/307 309/212/308 310/213/309
f 309/212/308 311/214/310 310/213/309
f 310/213/309 311/214/310 312/215/311
f 311/214/310 313/216/312 312/215/311
f 312/215/311 313/216/312 314/217/313
f 313/216/312 315/218/314 314/217/313
f 314/217/313 315/218/314 316/219/315
f 315/218/314 317/220/316 316/219/315
f 316/219/315 317/220/316 318/221/317
f 317/220/316 319/222/318 318/221/317
f 318/221/317 319/222/318 320/223/319
f 319/222/318 321/224/320 320/223/319
f 320/223/319 321/224/320 322/225/321
f 321/224/320 323/226/322 322/225/321
f 322/225/321 323/226/322 324/227/322
f 325/122/323 326/124/324 327/125/325
f 326/124/324 328/126/326 327/125/325
f 327/125/325 328/126/326 329/127/327
f 328/126/326 330/128/328 329/127/327
f 329/127/327 330/128/328 331/129/329
f 330/128/328 332/130/330 331/129/329
f 331/129/329 332/130/330 333/131/331
f 332/130/330 334/132/332 333/131/331
f 333/131/331 334/132/332 335/133/333
f 334/132/332 336/134/334 335/133/333
f 335/133/333 336/134/334 337/135/335
f 336/134/334 338/136/336 337/135/335
f 337/135/335 338/136/336 339/137/337
f 338/136/336 340/138/338 339/137/337
f 339/137/337 340/138/338 341/139/339
f 340/138/338 342/140/340 341/139/339
f 341/139/339 342/140/340 343/141/341
f 342/140/340 344/142/341 343/141/341
f 345/228/342 346/229/343 347/230/344
f 346/229/343 348/231/345 347/230/344
f 347/230/344 348/231/345 349/232/346
f 348/231/345 350/233/347 349/232/346
f 349/232/346 350/233/347 351/234/348
f 350/233/347 352/235/349 351/234/348
f 351/234/348 352/235/349 353/201/350
f 352/235/349 354/236/351 353/201/350
f 353/201/350 354/236/351 355/237/352
f 354/236/351 356/238/353 355/237/352
f 355/237/352 356/238/353 357/239/354
f 356/238/353 358/240/355 357/239/354
f 357/239/354 358/240/355 359/193/356
f 358/240/355 360/191/357 359/193/356
f 359/193/356 360/191/357 361/192/358
f 360/191/357 362/190/359 361/192/358
f 361/192/358 362/190/359 103/62/103
f 362/190/359 101/64/101 103/62/103
f 363/122/360 364/125/361 365/124/362
f 365/124/362 364/125/361 366/126/363
f 364/125/361 367/127/364 366/126/363
f 366/126/363 367/127/364 368/128/365
f 367/127/364 369/129/366 368/128/365
f 368/128/365 369/129/366 370/130/367
f 369/129/366 371/131/368 370/130/367
f 370/130/367 371/131/368 372/132/369
f 371/131/368 373/133/370 372/132/369
f 372/132/369 373/133/370 374/134/371
f 373/133/370 375/135/372 374/134/371
f 374/134/371 375/135/372 376/136/373
f 375/135/372 377/137/374 376/136/373
f 376/136/373 377/137/374 378/138/375
f 377/137/374 379/139/376 378/138/375
f 378/138/375 379/139/376 380/140/377
f 379/139/376 381/141/378 380/140/377
f 380/140/377 381/141/378 382/142/378
f 383/208/379 384/210/380 385/209/381
f 384/210/380 386/211/382 385/209/381
f 385/209/381 386/211/382 387/212/383
f 386/211/382 388/213/384 387/212/383
f 387/212/383 388/213/384 389/214/385
f 388/213/384 390/215/386 389/214/385
f 389/214/385 390/215/386 391/216/387
f 390/215/386 392/217/388 391/216/387
f 391/216/387 392/217/388 393/218/389
f 392/217/388 394/219/390 393/218/389
f 393/218/389 394/219/390 395/220/391
f 394/219/390 396/221/392 395/220/391
f 395/220/391 396/221/392 397/222/393
f 396/221/392 398/223/394 397/222/393
f 397/222/393 398/223/394 399/224/395
f 398/223/394 400/225/396 399/224/395
f 399/224/395 400/225/396 401/226/397
f 400/225/396 402/227/397 401/226/397
f 403/122/398 404/125/399 405/124/400
f 405/124/400 404/125/399 406/126/401
f 404/125/399 407/127/402 406/126/401
f 406/126/401 407/127/402 408/128/403
f 407/127/402 409/129/404 408/128/403
f 408/128/403 409/129/404 410/130/405
f 409/129/404 411/131/406 410/130/405
f 410/130/405 411/131/406 412/132/407
f 411/131/406 413/133/408 412/132/407
f 412/132/407 413/133/408 414/134/409
f 413/133/408 415/135/410 414/134/409
f 414/134/409 415/135/410 416/136/411
f 415/135/410 417/137/412 416/136/411
f 416/136/411 417/137/412 418/138/413
f 417/137/412 419/139/414 418/138/413
f 418/138/413 419/139/414 420/140/415
f 419/139/414 421/141/416 420/140/415
f 420/140/415 421/141/416 422/142/416
f 423/124/417 424/125/418 425/122/419
f 425/122/419 424/125/418 426/123/420
f 424/125/418 427/127/421 426/123/420
f 426/123/420 427/127/421 428/241/422
f 427/127/421 429/129/423 428/241/422
f 428/241/422 429/129/423 430/131/424
f 429/129/423 431/132/425 430/131/424
f 430/131/424 431/132/425 432/133/426
f 431/132/425 433/134/427 432/133/426
f 432/133/426 433/134/427 434/135/428
f 433/134/427 435/136/429 434/135/428
f 434/135/428 435/136/429 436/137/430
f 435/136/429 437/138/431 436/137/430
f 436/137/430 437/138/431 438/139/432
f 437/138/431 439/140/433 438/139/432
f 438/139/432 439/140/433 440/141/434
f 439/140/433 441/142/434 440/141/434
f 442/124/435 443/122/436 444/125/437
f 443/122/436 445/123/438 444/125/437
f 444/125/437 445/123/438 446/127/439
f 445/123/438 447/241/440 446/127/439
f 446/127/439 447/241/440 448/129/441
f 447/241/440 449/131/442 448/129/441
f 448/129/441 449/131/442 450/132/443
f 449/131/442 451/133/444 450/132/443
f 450/132/443 451/133/444 452/134/445
f 451/133/444 453/135/446 452/134/445
f 452/134/445 453/135/446 454/136/447
f 453/135/446 455/137/448 454/136/447
f 454/136/447 455/137/448 456/138/449
f 455/137/448 457/139/450 456/138/449
f 456/138/449 457/139/450 458/140/451
f 457/139/450 459/141/452 458/140/451
f 458/140/451 459/141/452 460/142/452
f 284/207/284 461/230/453 462/228/454
f 462/228/454 461/230/453 463/229/455
f 461/230/453 464/231/456 463/229/455
f 463/229/455 464/231/456 465/242/457
f 464/231/456 466/243/458 465/242/457
f 465/242/457 466/243/458 467/244/459
f 466/243/458 468/245/460 467/244/459
f 467/244/459 468/245/460 307/246/461
f 468/245/460 469/247/462 307/246/461
f 307/246/461 469/247/462 305/248/463
f 469/247/462 470/249/464 305/248/463
f 305/248/463 470/249/464 471/250/465
f 470/249/464 472/251/466 471/250/465
f 471/250/465 472/251/466 473/252/467
f 472/251/466 284/253/468 473/252/467
f 473/252/467 284/253/468 462/254/469
f 474/255/470 475/256/471 476/257/472
f 476/257/472 475/256/471 477/258/473
f 475/256/471 478/259/474 477/258/473
f 477/258/473 478/259/474 479/260/475
f 478/259/474 480/261/476 479/260/475
f 479/260/475 480/261/476 481/262/477
f 480/261/476 482/263/478 481/262/477
f 481/262/477 482/263/478 483/264/479
f 482/263/478 484/265/480 483/264/479
f 483/264/479 484/265/480 485/266/481
f 484/265/480 486/267/482 485/266/481
f 485/266/481 486/267/482 487/268/483
f 486/267/482 488/269/484 487/268/483
f 487/268/483 488/269/484 489/270/485
f 488/269/484 490/271/486 489/270/485
f 489/270/485 490/271/486 491/272/487
f 492/273/488 493/274/489 494/275/490
f 494/275/490 493/274/489 495/276/491
f 493/274/489 496/277/492 495/276/491
f 495/276/491 496/277/492 497/278/493
f 496/277/492 498/279/494 497/278/493
f 497/278/493 498/279/494 499/280/495
f 498/279/494 500/281/496 499/280/495
f 499/280/495 500/281/496 501/282/497
f 500/281/496 502/283/498 501/282/497
f 501/282/497 502/283/498 503/284/499
f 502/283/498 504/285/500 503/284/499
f 503/284/499 504/285/500 505/286/501
f 504/285/500 506/287/502 505/286/501
f 505/286/501 506/287/502 507/288/503
f 506/287/502 242/163/240 507/288/503
f 241/289/504 239/290/505 508/291/506
f 239/290/505 509/292/507 508/291/506
f 508/291/506 509/292/507 510/293/508
f 509/292/507 511/294/509 510/293/508
f 510/293/508 511/294/509 512/295/510
f 511/294/509 513/296/511 512/295/510
f 512/295/510 513/296/511 514/297/512
f 513/296/511 515/298/513 514/297/512
f 514/297/512 515/298/513 516/299/514
f 515/298/513 517/300/515 516/299/514
f 516/299/514 517/300/515 518/301/516
f 517/300/515 519/302/517 518/301/516
f 518/301/516 519/302/517 520/303/518
f 519/302/517 521/304/519 520/303/518
f 520/303/518 521/304/519 522/305/520
f 523/305/521 524/304/522 525/303/523
f 524/304/522 526/302/524 525/303/523
f 525/303/523 526/302/524 527/301/525
f 526/302/524 517/300/515 527/301/525
f 527/301/525 517/300/515 528/299/526
f 517/300/515 515/298/513 528/299/526
f 528/299/526 515/298/513 529/297/527
f 515/298/513 513/296/511 529/297/527
f 529/297/527 513/296/511 530/295/528
f 513/296/511 511/294/509 530/295/528
f 530/295/528 511/294/509 531/293/529
f 511/294/509 509/292/507 531/293/529
f 531/293/529 509/292/507 532/291/530
f 509/292/507 533/290/531 532/291/530
f 532/291/530 533/290/531 534/289/532
f 535/306/533 536/307/534 537/308/535
f 537/308/535 536/307/534 538/309/536
f 536/307/534 539/310/537 538/309/536
f 538/309/536 539/310/537 540/311/538
f 539/310/537 541/312/539 540/311/538
f 540/311/538 541/312/539 542/313/540
f 541/312/539 543/314/541 542/313/540
f 542/313/540 543/314/541 544/315/542
f 543/314/541 545/313/543 544/315/542
f 544/315/542 545/313/543 546/316/544
f 545/313/543 547/317/545 546/316/544
f 546/316/544 547/317/545 548/318/546
f 547/317/545 549/319/547 548/318/546
f 548/318/546 549/319/547 550/320/548
f 551/207/549 552/205/550 83/206/551
f 83/206/551 552/205/550 84/204/552
f 552/205/550 553/203/553 84/204/552
f 84/204/552 553/203/553 554/202/554
f 553/203/553 353/201/350 554/202/554
f 554/202/554 353/201/350 555/200/555
f 353/201/350 556/199/556 555/200/555
f 555/200/555 556/199/556 557/198/557
f 556/199/556 558/197/558 557/198/557
f 557/198/557 558/197/558 559/196/559
f 558/197/558 560/195/560 559/196/559
f 559/196/559 560/195/560 561/194/561
f 560/195/560 359/193/356 561/194/561
f 561/194/561 359/193/356 361/192/358
f 562/321/562 563/322/563 564/319/564
f 564/319/564 563/322/563 565/317/565
f 563/322/563 542/313/540 565/317/565
f 565/317/565 542/313/540 566/316/566
f 542/313/540 544/315/542 566/316/566
f 566/316/566 544/315/542 567/323/567
f 544/315/542 546/316/544 567/323/567
f 567/323/567 546/316/544 568/324/568
f 546/316/544 569/325/569 568/324/568
f 568/324/568 569/325/569 570/326/570
f 569/325/569 548/318/546 570/326/570
f 570/326/570 548/318/546 571/327/571
f 548/318/546 550/320/548 571/327/572
f 183/328/573 181/329/574 285/330/575
f 285/330/575 181/329/574 572/331/576
f 181/329/574 573/332/577 572/331/576
f 572/331/576 573/332/577 311/214/310
f 573/332/577 574/333/578 311/214/310
f 311/214/310 574/333/578 313/216/312
f 574/333/578 575/334/579 313/216/312
f 313/216/312 575/334/579 315/218/314
f 575/334/579 576/335/580 315/218/314
f 315/218/314 576/335/580 577/336/581
f 576/335/580 578/337/582 577/336/581
f 577/336/581 578/337/582 324/338/583
f 578/337/582 322/339/584 324/338/583
f 425/340/585 572/331/576 423/341/586
f 423/341/586 572/331/576 579/342/587
f 572/331/576 309/212/308 579/342/587
f 579/342/587 309/212/308 580/343/588
f 309/212/308 306/209/305 580/343/588
f 580/343/588 306/209/305 581/344/589
f 306/209/305 582/345/590 581/344/589
f 581/344/589 582/345/590 583/346/591
f 582/345/590 584/347/592 583/346/591
f 583/346/591 584/347/592 585/348/593
f 584/347/592 462/349/594 585/348/593
f 585/348/593 462/349/594 586/350/595
f 462/349/594 463/351/596 586/350/595
f 400/339/597 587/337/598 402/338/599
f 402/338/599 587/337/598 588/336/600
f 587/337/598 589/335/601 588/336/600
f 588/336/600 589/335/601 393/218/389
f 589/335/601 590/334/602 393/218/389
f 393/218/389 590/334/602 391/216/387
f 590/334/602 591/333/603 391/216/387
f 391/216/387 591/333/603 389/214/385
f 591/333/603 592/332/604 389/214/385
f 389/214/385 592/332/604 593/331/605
f 592/332/604 203/329/606 593/331/605
f 593/331/605 203/329/606 403/330/607
f 203/329/606 205/328/608 403/330/607
f 346/229/343 594/242/609 348/231/345
f 348/231/345 594/242/609 595/243/610
f 594/242/609 596/244/611 595/243/610
f 595/243/610 596/244/611 597/245/612
f 596/244/611 384/246/613 597/245/612
f 597/245/612 384/246/613 598/247/614
f 384/246/613 383/248/615 598/247/614
f 598/247/614 383/248/615 599/249/616
f 383/248/615 600/250/617 599/249/616
f 599/249/616 600/250/617 601/251/618
f 600/250/617 602/252/619 601/251/618
f 601/251/618 602/252/619 551/253/620
f 602/252/619 345/254/621 551/253/620
f 346/351/622 345/349/623 603/350/624
f 603/350/624 345/349/623 604/348/625
f 345/349/623 605/347/626 604/348/625
f 604/348/625 605/347/626 606/346/627
f 605/347/626 607/345/628 606/346/627
f 606/346/627 607/345/628 608/344/629
f 607/345/628 385/209/381 608/344/629
f 608/344/629 385/209/381 609/343/630
f 385/209/381 387/212/383 609/343/630
f 609/343/630 387/212/383 610/342/631
f 387/212/383 593/331/605 610/342/631
f 610/342/631 593/331/605 442/341/632
f 593/331/605 443/340/633 442/341/632
f 611/352/634 612/353/635 613/354/636
f 613/354/636 612/353/635 614/355/637
f 612/353/635 615/356/638 614/355/637
f 614/355/637 615/356/638 616/357/639
f 615/356/638 617/358/640 616/357/639
f 616/357/639 617/358/640 618/359/641
f 617/358/640 619/360/642 618/359/641
f 618/359/641 619/360/642 620/361/643
f 619/360/642 621/362/644 620/361/643
f 620/361/643 621/362/644 622/363/645
f 621/362/644 623/364/646 622/363/645
f 622/363/645 623/364/646 570/362/647
f 624/365/648 625/366/649 626/367/650
f 626/367/650 625/366/649 627/365/651
f 625/366/649 628/353/652 627/365/651
f 627/365/651 628/353/652 629/356/653
f 628/353/652 630/355/654 629/356/653
f 629/356/653 630/355/654 631/357/655
f 630/355/654 632/368/656 631/357/655
f 631/357/655 632/368/656 633/369/657
f 632/368/656 634/370/658 633/369/657
f 633/369/657 634/370/658 635/368/659
f 634/370/658 636/371/660 635/368/659
f 635/368/659 636/371/660 637/372/661
f 516/373/662 638/374/663 514/375/664
f 514/375/664 638/374/663 639/376/665
f 638/374/663 640/377/666 639/376/665
f 639/376/665 640/377/666 641/378/667
f 640/377/666 642/379/668 641/378/667
f 641/378/667 642/379/668 643/380/669
f 642/379/668 644/381/670 643/380/669
f 643/380/669 644/381/670 645/382/671
f 644/381/670 646/383/672 645/382/671
f 645/382/671 646/383/672 647/384/673
f 646/383/672 648/385/674 647/384/673
f 647/384/673 648/385/674 649/386/675
f 423/124/417 650/126/676 424/125/418
f 424/125/418 650/126/676 427/127/421
f 650/126/676 651/128/677 427/127/421
f 427/127/421 651/128/677 429/129/423
f 651/128/677 652/130/678 429/129/423
f 429/129/423 652/130/678 431/132/425
f 652/130/678 653/387/679 431/132/425
f 431/132/425 653/387/679 654/388/680
f 653/387/679 441/389/681 654/388/680
f 654/388/680 441/389/681 433/134/427
f 441/389/681 439/140/433 433/134/427
f 433/134/427 439/140/433 437/138/431
f 456/138/449 458/140/451 452/134/445
f 458/140/451 460/389/682 452/134/445
f 452/134/445 460/389/682 655/388/683
f 460/389/682 656/387/684 655/388/683
f 655/388/683 656/387/684 450/132/443
f 656/387/684 657/130/685 450/132/443
f 450/132/443 657/130/685 448/129/441
f 657/130/685 658/128/686 448/129/441
f 448/129/441 658/128/686 446/127/439
f 658/128/686 659/126/687 446/127/439
f 446/127/439 659/126/687 444/125/437
f 659/126/687 442/124/435 444/125/437
f 660/386/688 661/385/689 662/384/690
f 661/385/689 663/383/691 662/384/690
f 662/384/690 663/383/691 664/382/692
f 663/383/691 665/381/693 664/382/692
f 664/382/692 665/381/693 666/380/694
f 665/381/693 667/379/695 666/380/694
f 666/380/694 667/379/695 668/378/696
f 667/379/695 669/377/697 668/378/696
f 668/378/696 669/377/697 670/376/698
f 669/377/697 671/374/699 670/376/698
f 670/376/698 671/374/699 529/375/700
f 671/374/699 528/373/701 529/375/700
f 270/191/268 672/240/702 272/193/270
f 272/193/270 672/240/702 673/239/703
f 672/240/702 674/238/704 673/239/703
f 673/239/703 674/238/704 675/237/705
f 674/238/704 676/236/706 675/237/705
f 675/237/705 676/236/706 280/201/278
f 676/236/706 677/235/707 280/201/278
f 280/201/278 677/235/707 678/234/708
f 677/235/707 679/233/709 678/234/708
f 678/234/708 679/233/709 680/232/710
f 679/233/709 464/231/456 680/232/710
f 680/232/710 464/231/456 461/230/453
f 681/174/711 682/390/712 683/176/713
f 682/390/712 684/391/714 683/176/713
f 683/176/713 684/391/714 685/177/715
f 684/391/714 637/178/716 685/177/715
f 685/177/715 637/178/716 686/95/717
f 637/178/716 636/93/718 686/95/717
f 686/95/717 636/93/718 687/94/719
f 636/93/718 688/92/720 687/94/719
f 687/94/719 688/92/720 689/90/721
f 688/92/720 122/91/122 689/90/721
f 689/90/721 122/91/122 120/89/120
f 686/392/722 690/393/723 685/394/724
f 685/394/724 690/393/723 683/395/725
f 690/393/723 691/396/726 683/395/725
f 683/395/725 691/396/726 681/397/727
f 691/396/726 692/398/728 681/397/727
f 681/397/727 692/398/728 693/399/729
f 692/398/728 694/400/730 693/399/729
f 693/399/729 694/400/730 695/401/731
f 694/400/730 8/8/8 695/401/731
f 695/401/731 8/8/8 4/4/4
f 8/8/8 6/6/6 4/4/4
f 474/255/470 696/402/732 475/256/471
f 475/256/471 696/402/732 478/259/474
f 696/402/732 697/403/733 478/259/474
f 478/259/474 697/403/733 480/261/476
f 697/403/733 698/404/734 480/261/476
f 480/261/476 698/404/734 699/405/735
f 698/404/734 534/406/736 699/405/735
f 699/405/735 534/406/736 700/407/737
f 534/406/736 533/408/738 700/407/737
f 700/407/737 533/408/738 701/409/739
f 178/410/740 702/411/741 703/412/742
f 703/412/742 702/411/741 704/413/743
f 702/411/741 705/414/744 704/413/743
f 704/413/743 705/414/744 706/415/745
f 705/414/744 707/416/746 706/415/745
f 706/415/745 707/416/746 583/346/591
f 707/416/746 708/417/747 583/346/591
f 583/346/591 708/417/747 709/418/748
f 708/417/747 328/419/749 709/418/748
f 709/418/748 328/419/749 326/420/750
f 365/420/751 366/419/752 710/418/753
f 366/419/752 711/417/754 710/418/753
f 710/418/753 711/417/754 606/346/627
f 711/417/754 712/416/755 606/346/627
f 606/346/627 712/416/755 713/415/756
f 712/416/755 714/414/757 713/415/756
f 713/415/756 714/414/757 715/413/758
f 714/414/757 716/411/759 715/413/758
f 715/413/758 716/411/759 717/412/760
f 716/411/759 200/410/761 717/412/760
f 64/64/64 269/190/267 62/62/62
f 269/190/267 271/192/269 62/62/62
f 62/62/62 271/192/269 718/421/762
f 271/192/269 273/194/271 718/421/762
f 718/421/762 273/194/271 58/58/58
f 273/194/271 275/196/273 58/58/58
f 58/58/58 275/196/273 56/56/56
f 275/196/273 277/198/275 56/56/56
f 56/56/56 277/198/275 719/422/763
f 277/198/275 720/423/764 719/422/763
f 236/157/234 721/424/765 234/155/232
f 234/155/232 721/424/765 232/153/230
f 721/424/765 722/425/766 232/153/230
f 232/153/230 722/425/766 723/426/767
f 722/425/766 724/427/768 723/426/767
f 723/426/767 724/427/768 725/428/769
f 724/427/768 726/429/770 725/428/769
f 725/428/769 726/429/770 500/281/496
f 726/429/770 502/283/498 500/281/496
f 494/430/771 495/431/772 243/432/773
f 495/431/772 727/433/774 243/432/773
f 243/432/773 727/433/774 728/434/775
f 727/433/774 499/435/776 728/434/775
f 728/434/775 499/435/776 1/436/777
f 499/435/776 501/437/778 1/436/777
f 1/436/777 501/437/778 2/438/779
f 501/437/778 729/439/780 2/438/779
f 2/438/779 729/439/780 730/440/781
f 684/441/782 614/355/637 637/372/661
f 637/372/661 614/355/637 635/368/659
f 614/355/637 616/357/639 635/368/659
f 635/368/659 616/357/639 633/369/657
f 616/357/639 731/442/783 633/369/657
f 633/369/657 731/442/783 631/357/655
f 731/442/783 732/359/784 631/357/655
f 631/357/655 732/359/784 733/358/785
f 732/359/784 734/360/786 733/358/785
f 636/371/660 634/370/658 122/443/787
f 122/443/787 634/370/658 124/371/788
f 634/370/658 632/368/656 124/371/788
f 124/371/788 632/368/656 257/372/789
f 632/368/656 630/355/654 257/372/789
f 257/372/789 630/355/654 735/441/790
f 630/355/654 736/354/791 735/441/790
f 735/441/790 736/354/791 737/444/792
f 736/354/791 738/445/793 737/444/792
f 739/446/794 740/447/795 741/448/796
f 741/448/796 740/447/795 241/449/797
f 740/447/795 742/450/798 241/449/797
f 241/449/797 742/450/798 242/451/799
f 742/450/798 743/452/800 242/451/799
f 242/451/799 743/452/800 744/453/801
f 743/452/800 745/454/802 744/453/801
f 744/453/801 745/454/802 729/455/803
f 745/454/802 746/456/804 729/455/803
f 719/457/805 720/458/806 67/67/67
f 67/67/67 720/458/806 69/69/69
f 720/458/806 747/459/807 69/69/69
f 69/69/69 747/459/807 748/460/808
f 747/459/807 81/81/81 748/460/808
f 748/460/808 81/81/81 749/461/809
f 81/81/81 750/462/810 749/461/809
f 749/461/809 750/462/810 77/77/77
f 750/462/810 79/79/79 77/77/77
f 299/137/299 290/463/811 297/135/297
f 297/135/297 290/463/811 751/464/812
f 290/463/811 752/465/813 751/464/812
f 751/464/812 752/465/813 295/133/295
f 752/465/813 183/121/814 295/133/295
f 295/133/295 183/121/814 753/241/815
f 183/121/814 754/123/816 753/241/815
f 753/241/815 754/123/816 289/127/289
f 754/123/816 287/125/287 289/127/289
f 339/137/337 330/463/817 337/135/335
f 337/135/335 330/463/817 755/464/818
f 330/463/817 756/465/819 755/464/818
f 755/464/818 756/465/819 335/133/333
f 756/465/819 650/121/820 335/133/333
f 335/133/333 650/121/820 757/241/821
f 650/121/820 758/123/822 757/241/821
f 757/241/821 758/123/822 329/127/327
f 758/123/822 327/125/325 329/127/327
f 465/466/823 759/467/824 463/468/825
f 463/468/825 759/467/824 586/469/826
f 759/467/824 760/470/827 586/469/826
f 586/469/826 760/470/827 761/471/828
f 760/470/827 762/472/829 761/471/828
f 761/471/828 762/472/829 763/473/830
f 762/472/829 764/474/831 763/473/830
f 763/473/830 764/474/831 575/475/832
f 764/474/831 576/476/833 575/475/832
f 86/79/86 765/462/834 88/77/88
f 88/77/88 765/462/834 766/461/835
f 765/462/834 84/81/84 766/461/835
f 766/461/835 84/81/84 767/460/836
f 84/81/84 768/459/837 767/460/836
f 767/460/836 768/459/837 96/69/96
f 768/459/837 769/458/838 96/69/96
f 96/69/96 769/458/838 98/67/98
f 769/458/838 770/457/839 98/67/98
f 594/466/840 346/468/841 771/467/842
f 346/468/841 603/469/843 771/467/842
f 771/467/842 603/469/843 772/470/844
f 603/469/843 773/471/845 772/470/844
f 772/470/844 773/471/845 774/472/846
f 773/471/845 775/473/847 774/472/846
f 774/472/846 775/473/847 776/474/848
f 775/473/847 590/475/849 776/474/848
f 776/474/848 590/475/849 589/476/850
f 377/137/374 375/135/372 368/463/851
f 375/135/372 777/464/410 368/463/851
f 368/463/851 777/464/410 778/465/852
f 777/464/410 373/133/370 778/465/852
f 778/465/852 373/133/370 659/121/853
f 373/133/370 779/241/854 659/121/853
f 659/121/853 779/241/854 780/123/855
f 779/241/854 367/127/364 780/123/855
f 780/123/855 367/127/364 364/125/361
f 417/137/412 415/135/410 408/463/856
f 415/135/410 781/464/857 408/463/856
f 408/463/856 781/464/857 782/465/858
f 781/464/857 413/133/408 782/465/858
f 782/465/858 413/133/408 205/121/859
f 413/133/408 783/241/860 205/121/859
f 205/121/859 783/241/860 784/123/861
f 783/241/860 407/127/402 784/123/861
f 784/123/861 407/127/402 404/125/399
f 785/456/862 786/454/863 787/455/864
f 787/455/864 786/454/863 788/453/865
f 786/454/863 789/452/866 788/453/865
f 788/453/865 789/452/866 698/451/867
f 789/452/866 790/450/868 698/451/867
f 698/451/867 790/450/868 534/449/869
f 790/450/868 791/447/870 534/449/869
f 534/449/869 791/447/870 792/448/871
f 791/447/870 793/446/872 792/448/871
f 222/477/873 794/478/874 795/479/875
f 794/478/874 796/480/876 795/479/875
f 795/479/875 796/480/876 797/481/877
f 796/480/876 798/482/878 797/481/877
f 797/481/877 798/482/878 799/483/879
f 798/482/878 494/484/880 799/483/879
f 799/483/879 494/484/880 227/485/881
f 494/484/880 229/486/882 227/485/881
f 521/487/883 800/488/884 522/489/885
f 522/489/885 800/488/884 611/490/886
f 800/488/884 523/489/887 611/490/886
f 611/490/886 523/489/887 736/491/888
f 523/489/887 801/492/889 736/491/888
f 736/491/888 801/492/889 662/493/890
f 801/492/889 802/494/891 662/493/890
f 662/493/890 802/494/891 660/495/892
f 194/137/193 185/463/893 192/135/191
f 192/135/191 185/463/893 803/464/894
f 185/463/893 804/465/895 803/464/894
f 803/464/894 804/465/895 190/133/189
f 804/465/895 178/121/177 190/133/189
f 190/133/189 178/121/177 805/241/896
f 178/121/177 180/123/179 805/241/896
f 805/241/896 180/123/179 182/125/181
f 467/496/897 310/213/309 465/466/823
f 465/466/823 310/213/309 759/467/824
f 310/213/309 312/215/311 759/467/824
f 759/467/824 312/215/311 760/470/827
f 312/215/311 314/217/313 760/470/827
f 760/470/827 314/217/313 762/472/829
f 314/217/313 316/219/315 762/472/829
f 762/472/829 316/219/315 318/221/317
f 149/114/149 148/113/148 806/497/898
f 806/497/898 148/113/148 807/498/899
f 148/113/148 147/112/147 807/498/899
f 807/498/899 147/112/147 808/113/900
f 147/112/147 145/103/145 808/113/900
f 808/113/900 145/103/145 809/104/901
f 145/103/145 143/105/143 809/104/901
f 809/104/901 143/105/143 141/106/141
f 137/106/137 150/115/150 139/108/139
f 139/108/139 150/115/150 810/499/902
f 150/115/150 152/117/152 810/499/902
f 810/499/902 152/117/152 811/500/903
f 152/117/152 154/119/154 811/500/903
f 811/500/903 154/119/154 812/501/904
f 154/119/154 813/502/905 812/501/904
f 812/501/904 813/502/905 814/503/906
f 159/106/159 161/108/161 172/115/171
f 161/108/161 815/499/907 172/115/171
f 172/115/171 815/499/907 174/117/173
f 815/499/907 816/500/908 174/117/173
f 174/117/173 816/500/908 176/119/175
f 816/500/908 817/501/909 176/119/175
f 176/119/175 817/501/909 818/502/910
f 817/501/909 819/503/911 818/502/910
f 163/106/163 165/105/165 820/104/912
f 165/105/165 167/103/167 820/104/912
f 820/104/912 167/103/167 821/113/913
f 167/103/167 169/112/147 821/113/913
f 821/113/913 169/112/147 822/498/899
f 169/112/147 170/113/169 822/498/899
f 822/498/899 170/113/169 823/497/914
f 170/113/169 171/114/170 823/497/914
f 400/225/396 398/223/394 587/504/915
f 587/504/915 398/223/394 589/476/850
f 398/223/394 824/505/916 589/476/850
f 589/476/850 824/505/916 776/474/848
f 824/505/916 396/221/392 776/474/848
f 776/474/848 396/221/392 774/472/846
f 396/221/392 394/219/390 774/472/846
f 774/472/846 394/219/390 392/217/388
f 216/137/214 214/135/212 207/463/917
f 214/135/212 825/464/918 207/463/917
f 207/463/917 825/464/918 826/465/919
f 825/464/918 212/133/210 826/465/919
f 826/465/919 212/133/210 200/121/198
f 212/133/210 827/241/920 200/121/198
f 200/121/198 827/241/920 201/123/199
f 827/241/920 204/125/202 201/123/199
f 125/94/125 127/96/127 121/90/121
f 127/96/127 129/98/129 121/90/121
f 121/90/121 129/98/129 119/88/119
f 129/98/129 828/506/921 119/88/119
f 119/88/119 828/506/921 117/86/117
f 828/506/921 829/507/922 117/86/117
f 117/86/117 829/507/922 24/24/24
f 829/507/922 26/26/26 24/24/24
f 830/508/923 737/509/924 831/510/925
f 737/509/924 832/511/926 831/510/925
f 831/510/925 832/511/926 830/508/923
f 832/511/926 833/512/927 830/508/923
f 830/508/923 833/512/927 834/513/928
f 833/512/927 835/514/929 834/513/928
f 834/513/928 835/514/929 836/515/930
f 835/514/929 837/516/931 836/515/930
f 488/517/932 838/518/933 490/519/934
f 490/519/934 838/518/933 491/520/935
f 838/518/933 839/521/936 491/520/935
f 491/520/935 839/521/936 476/522/937
f 839/521/936 840/523/938 476/522/937
f 476/522/937 840/523/938 787/524/939
f 840/523/938 841/525/940 787/524/939
f 787/524/939 841/525/940 836/526/941
f 842/527/942 843/528/943 844/529/944
f 843/528/943 845/527/945 844/529/944
f 844/529/944 845/527/945 144/110/144
f 845/527/945 846/530/946 144/110/144
f 144/110/144 846/530/946 142/107/142
f 846/530/946 847/531/947 142/107/142
f 142/107/142 847/531/947 140/109/140
f 847/531/947 138/107/138 140/109/140
f 848/527/942 849/528/943 850/529/948
f 849/528/943 851/527/945 850/529/948
f 850/529/948 851/527/945 852/110/949
f 851/527/945 853/530/946 852/110/949
f 852/110/949 853/530/946 160/107/160
f 853/530/946 854/531/947 160/107/160
f 160/107/160 854/531/947 162/109/162
f 854/531/947 164/107/164 162/109/162
f 769/423/950 557/198/557 770/422/951
f 770/422/951 557/198/557 109/56/109
f 557/198/557 559/196/559 109/56/109
f 109/56/109 559/196/559 107/58/107
f 559/196/559 561/194/561 107/58/107
f 107/58/107 561/194/561 855/421/952
f 561/194/561 361/192/358 855/421/952
f 855/421/952 361/192/358 103/62/103
f 222/143/220 224/145/222 794/532/953
f 794/532/953 224/145/222 796/533/954
f 224/145/222 226/147/224 796/533/954
f 796/533/954 226/147/224 798/534/955
f 226/147/224 228/149/226 798/534/955
f 798/534/955 228/149/226 492/535/956
f 228/149/226 230/151/228 492/535/956
f 496/536/957 230/537/958 856/538/959
f 230/537/958 723/539/960 856/538/959
f 856/538/959 723/539/960 857/540/961
f 723/539/960 858/541/962 857/540/961
f 857/540/961 858/541/962 859/542/963
f 858/541/962 860/543/964 859/542/963
f 859/542/963 860/543/964 861/544/965
f 616/357/639 618/359/641 731/442/783
f 618/359/641 862/545/966 731/442/783
f 731/442/783 862/545/966 732/359/784
f 862/545/966 863/361/967 732/359/784
f 732/359/784 863/361/967 734/360/786
f 863/361/967 570/362/647 734/360/786
f 734/360/786 570/362/647 571/546/968
f 642/379/668 640/377/666 864/547/969
f 640/377/666 518/548/970 864/547/969
f 864/547/969 518/548/970 865/549/971
f 518/548/970 866/550/972 865/549/971
f 865/549/971 866/550/972 867/551/973
f 866/550/972 868/552/974 867/551/973
f 867/551/973 868/552/974 869/553/975
f 1/1/1 3/3/3 728/554/976
f 3/3/3 5/5/5 728/554/976
f 728/554/976 5/5/5 243/164/241
f 5/5/5 7/7/7 243/164/241
f 243/164/241 7/7/7 244/165/242
f 7/7/7 46/46/46 244/165/242
f 244/165/242 46/46/46 44/44/44
f 870/509/977 871/510/978 872/511/979
f 871/510/978 682/508/980 872/511/979
f 872/511/979 682/508/980 873/512/981
f 682/508/980 874/513/982 873/512/981
f 873/512/981 874/513/982 875/514/983
f 874/513/982 876/515/984 875/514/983
f 875/514/983 876/515/984 877/516/985
f 290/128/290 299/555/986 292/130/292
f 299/555/986 878/387/987 292/130/292
f 292/130/292 878/387/987 294/132/294
f 878/387/987 879/388/988 294/132/294
f 294/132/294 879/388/988 296/134/296
f 879/388/988 304/389/989 296/134/296
f 296/134/296 304/389/989 302/140/302
f 426/123/420 428/241/422 288/121/990
f 428/241/422 432/133/426 288/121/990
f 288/121/990 432/133/426 880/465/991
f 432/133/426 881/464/992 880/465/991
f 880/465/991 881/464/992 651/463/993
f 881/464/992 434/135/428 651/463/993
f 651/463/993 434/135/428 436/137/430
f 185/128/184 194/555/994 187/130/186
f 194/555/994 882/387/995 187/130/186
f 187/130/186 882/387/995 189/132/188
f 882/387/995 883/388/996 189/132/188
f 189/132/188 883/388/996 191/134/190
f 883/388/996 199/389/997 191/134/190
f 191/134/190 199/389/997 197/140/196
f 330/128/328 339/555/998 332/130/330
f 339/555/998 884/387/999 332/130/330
f 332/130/330 884/387/999 334/132/332
f 884/387/999 885/388/1000 334/132/332
f 334/132/332 885/388/1000 336/134/334
f 885/388/1000 344/389/1001 336/134/334
f 336/134/334 344/389/1001 342/140/340
f 886/556/1002 887/557/1003 151/558/1004
f 887/557/1003 888/559/1005 151/558/1004
f 151/558/1004 888/559/1005 153/560/1006
f 888/559/1005 889/561/1006 153/560/1006
f 153/560/1006 889/561/1006 890/562/1006
f 889/561/1006 814/563/1006 890/562/1006
f 890/562/1006 814/563/1006 813/564/1006
f 810/499/902 891/115/1007 141/106/141
f 891/115/1007 887/565/1008 141/106/141
f 141/106/141 887/565/1008 809/104/901
f 887/565/1008 886/114/1009 809/104/901
f 809/104/901 886/114/1009 808/113/900
f 886/114/1009 892/497/1010 808/113/900
f 808/113/900 892/497/1010 807/498/899
f 815/499/907 163/106/163 893/115/1011
f 893/115/1011 163/106/163 894/565/1012
f 163/106/163 820/104/912 894/565/1012
f 894/565/1012 820/104/912 895/114/1013
f 820/104/912 821/113/913 895/114/1013
f 895/114/1013 821/113/913 896/497/1014
f 821/113/913 822/498/899 896/497/1014
f 895/556/1015 173/558/1016 894/557/1017
f 894/557/1017 173/558/1016 897/559/1018
f 173/558/1016 175/560/1006 897/559/1018
f 897/559/1018 175/560/1006 898/561/1006
f 175/560/1006 899/562/1006 898/561/1006
f 898/561/1006 899/562/1006 819/563/1006
f 899/562/1006 818/564/1006 819/563/1006
f 380/140/377 382/389/1019 374/134/371
f 382/389/1019 900/388/1020 374/134/371
f 374/134/371 900/388/1020 372/132/369
f 900/388/1020 901/387/1021 372/132/369
f 372/132/369 901/387/1021 370/130/367
f 901/387/1021 377/555/1022 370/130/367
f 370/130/367 377/555/1022 368/128/365
f 219/140/217 221/389/1023 213/134/211
f 221/389/1023 902/388/1024 213/134/211
f 213/134/211 902/388/1024 211/132/209
f 902/388/1024 903/387/1025 211/132/209
f 211/132/209 903/387/1025 209/130/207
f 903/387/1025 216/555/1026 209/130/207
f 209/130/207 216/555/1026 207/128/205
f 455/137/448 453/135/446 658/463/1027
f 453/135/446 904/464/1028 658/463/1027
f 658/463/1027 904/464/1028 905/465/1029
f 904/464/1028 451/133/444 905/465/1029
f 905/465/1029 451/133/444 406/121/1030
f 451/133/444 447/241/440 406/121/1030
f 406/121/1030 447/241/440 445/123/438
f 420/140/415 422/389/1031 414/134/409
f 422/389/1031 906/388/1032 414/134/409
f 414/134/409 906/388/1032 412/132/407
f 906/388/1032 907/387/1033 412/132/407
f 412/132/407 907/387/1033 410/130/405
f 907/387/1033 417/555/1034 410/130/405
f 410/130/405 417/555/1034 408/128/403
f 908/306/1035 909/308/1036 910/307/1037
f 909/308/1036 911/309/1038 910/307/1037
f 910/307/1037 911/309/1038 912/310/1039
f 911/309/1038 913/311/1040 912/310/1039
f 912/310/1039 913/311/1040 914/312/1041
f 913/311/1040 545/313/543 914/312/1041
f 914/312/1041 545/313/543 543/314/541
f 915/553/1042 916/552/1043 917/551/1044
f 916/552/1043 918/550/1045 917/551/1044
f 917/551/1044 918/550/1045 919/549/1046
f 918/550/1045 527/548/1047 919/549/1046
f 919/549/1046 527/548/1047 920/547/1048
f 527/548/1047 669/377/697 920/547/1048
f 920/547/1048 669/377/697 667/379/695
f 82/82/82 284/253/468 80/80/80
f 284/253/468 472/251/466 80/80/80
f 80/80/80 472/251/466 921/566/1049
f 472/251/466 470/249/464 921/566/1049
f 921/566/1049 470/249/464 922/567/1050
f 470/249/464 469/247/462 922/567/1050
f 922/567/1050 469/247/462 468/245/460
f 597/245/612 598/247/614 923/567/1051
f 598/247/614 599/249/616 923/567/1051
f 923/567/1051 599/249/616 924/566/1052
f 599/249/616 601/251/618 924/566/1052
f 924/566/1052 601/251/618 85/80/85
f 601/251/618 551/253/620 85/80/85
f 85/80/85 551/253/620 83/82/83
f 236/157/234 238/159/236 721/424/765
f 721/424/765 238/159/236 925/568/1053
f 238/159/236 240/161/238 925/568/1053
f 925/568/1053 240/161/238 726/429/770
f 240/161/238 506/287/502 726/429/770
f 726/429/770 506/287/502 504/285/500
f 229/150/227 486/569/1054 231/152/229
f 486/569/1054 484/570/1055 231/152/229
f 231/152/229 484/570/1055 233/154/231
f 484/570/1055 701/571/1056 233/154/231
f 233/154/231 701/571/1056 235/156/233
f 701/571/1056 237/158/235 235/156/233
f 615/356/638 612/353/635 624/365/648
f 624/365/648 612/353/635 625/366/649
f 612/353/635 611/352/634 625/366/649
f 625/366/649 611/352/634 628/353/652
f 611/352/634 736/354/791 628/353/652
f 628/353/652 736/354/791 630/355/654
f 567/323/567 568/324/568 566/316/566
f 566/316/566 568/324/568 926/325/1057
f 568/324/568 621/326/1058 926/325/1057
f 926/325/1057 621/326/1058 927/318/1059
f 621/326/1058 928/327/1060 927/318/1059
f 927/318/1059 928/327/1060 929/320/1061
f 739/446/794 930/572/1062 740/447/795
f 740/447/795 930/572/1062 931/573/1063
f 930/572/1062 932/574/1064 931/573/1063
f 931/573/1063 932/574/1064 933/575/1065
f 932/574/1064 934/576/1066 933/575/1065
f 933/575/1065 934/576/1066 935/577/1067
f 522/578/1068 936/579/1069 520/580/1070
f 520/580/1070 936/579/1069 868/581/1071
f 936/579/1069 937/582/1072 868/581/1071
f 868/581/1071 937/582/1072 938/583/1073
f 937/582/1072 939/584/1074 938/583/1073
f 938/583/1073 939/584/1074 642/585/1075
f 940/586/1076 939/492/1077 941/494/1078
f 941/494/1078 939/492/1077 647/493/1079
f 939/492/1077 613/491/1080 647/493/1079
f 647/493/1079 613/491/1080 645/587/1081
f 613/491/1080 875/588/1082 645/587/1081
f 645/587/1081 875/588/1082 877/589/1083
f 23/23/23 942/590/1084 21/21/21
f 21/21/21 942/590/1084 262/183/260
f 942/590/1084 943/591/1085 262/183/260
f 262/183/260 943/591/1085 264/185/262
f 943/591/1085 29/29/29 264/185/262
f 264/185/262 29/29/29 31/31/31
f 686/392/722 944/592/1086 690/393/723
f 690/393/723 944/592/1086 114/83/114
f 944/592/1086 689/593/1087 114/83/114
f 114/83/114 689/593/1087 116/85/116
f 689/593/1087 120/89/120 116/85/116
f 116/85/116 120/89/120 118/87/118
f 10/10/10 694/400/730 12/12/12
f 12/12/12 694/400/730 14/14/14
f 694/400/730 692/398/728 14/14/14
f 14/14/14 692/398/728 16/16/16
f 692/398/728 691/396/726 16/16/16
f 16/16/16 691/396/726 690/393/723
f 68/68/68 70/70/70 672/240/702
f 70/70/70 72/72/72 672/240/702
f 672/240/702 72/72/72 674/238/704
f 72/72/72 74/74/74 674/238/704
f 674/238/704 74/74/74 676/236/706
f 74/74/74 677/235/707 676/236/706
f 322/225/321 578/504/1088 320/223/319
f 578/504/1088 576/476/833 320/223/319
f 320/223/319 576/476/833 945/505/1089
f 576/476/833 764/474/831 945/505/1089
f 945/505/1089 764/474/831 318/221/317
f 764/474/831 762/472/829 318/221/317
f 352/235/349 91/74/91 354/236/351
f 354/236/351 91/74/91 356/238/353
f 91/74/91 93/72/93 356/238/353
f 356/238/353 93/72/93 358/240/355
f 93/72/93 95/70/95 358/240/355
f 358/240/355 95/70/95 97/68/97
f 774/472/846 392/217/388 772/470/844
f 392/217/388 390/215/386 772/470/844
f 772/470/844 390/215/386 771/467/842
f 390/215/386 388/213/384 771/467/842
f 771/467/842 388/213/384 594/466/840
f 388/213/384 596/496/1090 594/466/840
f 40/40/40 38/38/38 252/173/250
f 252/173/250 38/38/38 946/594/1091
f 38/38/38 36/36/36 946/594/1091
f 946/594/1091 36/36/36 947/595/1092
f 36/36/36 34/34/34 947/595/1092
f 947/595/1092 34/34/34 32/32/32
f 41/41/41 43/43/43 948/596/1093
f 43/43/43 45/45/45 948/596/1093
f 948/596/1093 45/45/45 949/597/1094
f 45/45/45 268/189/266 949/597/1094
f 949/597/1094 268/189/266 35/35/35
f 268/189/266 33/33/33 35/35/35
f 133/102/133 132/101/132 32/32/32
f 32/32/32 132/101/132 947/595/1092
f 132/101/132 130/99/130 947/595/1092
f 947/595/1092 130/99/130 946/594/1091
f 130/99/130 128/97/128 946/594/1091
f 946/594/1091 128/97/128 254/175/252
f 251/172/249 840/598/1095 250/171/248
f 250/171/248 840/598/1095 249/170/247
f 840/598/1095 950/599/1096 249/170/247
f 249/170/247 950/599/1096 247/168/245
f 950/599/1096 838/600/1097 247/168/245
f 247/168/245 838/600/1097 246/167/244
f 793/446/872 951/572/1098 952/601/1099
f 952/601/1099 951/572/1098 953/574/1100
f 951/572/1098 954/573/1101 953/574/1100
f 953/574/1100 954/573/1101 955/575/1102
f 954/573/1101 786/454/863 955/575/1102
f 955/575/1102 786/454/863 785/456/862
f 667/585/1103 801/584/1104 956/583/1105
f 801/584/1104 957/582/1106 956/583/1105
f 956/583/1105 957/582/1106 916/581/1107
f 957/582/1106 958/579/1108 916/581/1107
f 916/581/1107 958/579/1108 525/580/1109
f 958/579/1108 523/578/1110 525/580/1109
f 69/69/69 748/460/808 71/71/71
f 748/460/808 749/461/809 71/71/71
f 71/71/71 749/461/809 959/602/1111
f 749/461/809 77/77/77 959/602/1111
f 959/602/1111 77/77/77 73/73/73
f 77/77/77 75/75/75 73/73/73
f 464/231/456 679/233/709 466/243/458
f 466/243/458 679/233/709 960/603/1112
f 679/233/709 74/74/74 960/603/1112
f 960/603/1112 74/74/74 922/567/1050
f 74/74/74 76/76/76 922/567/1050
f 922/567/1050 76/76/76 78/78/78
f 87/78/87 89/76/89 923/567/1051
f 89/76/89 91/74/91 923/567/1051
f 923/567/1051 91/74/91 961/603/1113
f 91/74/91 350/233/347 961/603/1113
f 961/603/1113 350/233/347 595/243/610
f 350/233/347 348/231/345 595/243/610
f 90/75/90 88/77/88 92/73/92
f 92/73/92 88/77/88 962/602/1114
f 88/77/88 766/461/835 962/602/1114
f 962/602/1114 766/461/835 94/71/94
f 766/461/835 767/460/836 94/71/94
f 94/71/94 767/460/836 96/69/96
f 963/604/1115 964/605/1116 965/606/1117
f 964/605/1116 966/604/1118 965/606/1117
f 965/606/1117 966/604/1118 967/607/1119
f 966/604/1118 968/608/1120 967/607/1119
f 967/607/1119 968/608/1120 909/609/1121
f 799/483/879 227/485/881 797/481/877
f 227/485/881 225/610/1122 797/481/877
f 797/481/877 225/610/1122 795/479/875
f 225/610/1122 223/611/1123 795/479/875
f 795/479/875 223/611/1123 222/477/873
f 856/538/959 857/540/961 496/536/957
f 496/536/957 857/540/961 969/612/1124
f 857/540/961 859/542/963 969/612/1124
f 969/612/1124 859/542/963 970/613/1125
f 859/542/963 861/544/965 970/613/1125
f 501/437/778 503/614/1126 729/439/780
f 729/439/780 503/614/1126 744/615/1127
f 503/614/1126 971/616/1128 744/615/1127
f 744/615/1127 971/616/1128 507/617/1129
f 971/616/1128 972/618/1130 507/617/1129
f 973/619/1131 965/606/1117 974/620/1132
f 974/620/1132 965/606/1117 975/619/1133
f 965/606/1117 967/607/1119 975/619/1133
f 975/619/1133 967/607/1119 908/621/1134
f 967/607/1119 909/609/1121 908/621/1134
f 976/622/1135 977/623/1136 800/624/1137
f 800/624/1137 977/623/1136 978/622/1138
f 977/623/1136 526/302/524 978/622/1138
f 978/622/1138 526/302/524 979/625/1139
f 526/302/524 524/304/522 979/625/1139
f 742/450/798 931/573/1063 743/452/800
f 743/452/800 931/573/1063 745/454/802
f 931/573/1063 933/575/1065 745/454/802
f 745/454/802 933/575/1065 746/456/804
f 933/575/1065 935/577/1067 746/456/804
f 642/626/1140 939/627/1141 980/628/1142
f 939/627/1141 981/629/1143 980/628/1142
f 980/628/1142 981/629/1143 982/630/1144
f 981/629/1143 983/631/1145 982/630/1144
f 982/630/1144 983/631/1145 984/632/1146
f 260/181/258 261/182/259 259/180/257
f 261/182/259 263/184/261 259/180/257
f 259/180/257 263/184/261 985/633/1147
f 263/184/261 266/187/264 985/633/1147
f 985/633/1147 266/187/264 267/188/265
f 183/634/1148 752/635/1149 705/414/744
f 752/635/1149 288/636/1150 705/414/744
f 705/414/744 288/636/1150 707/416/746
f 288/636/1150 880/637/1151 707/416/746
f 707/416/746 880/637/1151 650/638/1152
f 703/412/742 704/413/743 763/639/1153
f 704/413/743 706/415/745 763/639/1153
f 763/639/1153 706/415/745 761/640/1154
f 706/415/745 585/348/593 761/640/1154
f 761/640/1154 585/348/593 586/350/595
f 305/208/304 471/641/1155 306/209/305
f 306/209/305 471/641/1155 582/345/590
f 471/641/1155 473/642/1156 582/345/590
f 582/345/590 473/642/1156 584/347/592
f 473/642/1156 462/349/594 584/347/592
f 144/110/144 146/111/146 844/529/944
f 146/111/146 134/103/134 844/529/944
f 844/529/944 134/103/134 986/110/1157
f 134/103/134 136/105/136 986/110/1157
f 986/110/1157 136/105/136 138/107/138
f 891/643/1158 810/499/902 987/644/1159
f 810/499/902 811/500/903 987/644/1159
f 987/644/1159 811/500/903 988/645/1160
f 811/500/903 812/501/904 988/645/1160
f 988/645/1160 812/501/904 814/503/906
f 160/107/160 157/105/157 852/110/949
f 157/105/157 156/103/156 852/110/949
f 852/110/949 156/103/156 850/529/948
f 156/103/156 168/111/168 850/529/948
f 850/529/948 168/111/168 166/110/166
f 893/643/1161 989/644/1162 815/499/907
f 815/499/907 989/644/1162 816/500/908
f 989/644/1162 990/645/1163 816/500/908
f 816/500/908 990/645/1163 817/501/909
f 990/645/1163 819/503/911 817/501/909
f 603/350/624 604/348/625 773/640/1164
f 604/348/625 713/415/756 773/640/1164
f 773/640/1164 713/415/756 775/639/1165
f 713/415/756 715/413/758 775/639/1165
f 775/639/1165 715/413/758 717/412/760
f 345/349/623 602/642/1166 605/347/626
f 605/347/626 602/642/1166 607/345/628
f 602/642/1166 600/641/1167 607/345/628
f 607/345/628 600/641/1167 385/209/381
f 600/641/1167 383/208/379 385/209/381
f 366/419/752 778/646/1168 711/417/754
f 778/646/1168 659/638/1169 711/417/754
f 711/417/754 659/638/1169 712/416/755
f 659/638/1169 905/637/1170 712/416/755
f 712/416/755 905/637/1170 406/636/1171
f 547/317/545 991/322/1172 549/319/547
f 549/319/547 991/322/1172 992/321/1173
f 991/322/1172 911/309/1038 992/321/1173
f 992/321/1173 911/309/1038 968/647/1174
f 911/309/1038 909/308/1036 968/647/1174
f 667/626/1175 993/628/1176 801/627/1177
f 801/627/1177 993/628/1176 994/629/1178
f 993/628/1176 995/630/1179 994/629/1178
f 994/629/1178 995/630/1179 996/631/1180
f 995/630/1179 997/632/1180 996/631/1180
f 861/648/1181 860/649/1182 970/650/1183
f 860/649/1182 725/651/1184 970/650/1183
f 970/650/1183 725/651/1184 969/652/1185
f 725/651/1184 496/653/1186 969/652/1185
f 542/313/540 563/322/563 540/311/538
f 540/311/538 563/322/563 538/309/536
f 563/322/563 562/321/562 538/309/536
f 538/309/536 562/321/562 998/647/1187
f 514/375/664 639/376/665 512/654/1188
f 512/654/1188 639/376/665 741/655/1189
f 639/376/665 641/378/667 741/655/1189
f 741/655/1189 641/378/667 643/380/669
f 741/656/1190 643/657/1191 739/658/1192
f 739/658/1192 643/657/1191 932/659/1193
f 643/657/1191 935/660/1194 932/659/1193
f 932/659/1193 935/660/1194 934/661/1195
f 730/525/1196 729/524/1197 876/526/1198
f 876/526/1198 729/524/1197 877/662/1199
f 729/524/1197 746/663/1200 877/662/1199
f 877/662/1199 746/663/1200 935/664/1201
f 642/379/668 864/547/969 938/665/1202
f 864/547/969 865/549/971 938/665/1202
f 938/665/1202 865/549/971 868/666/1203
f 865/549/971 869/667/1204 868/666/1203
f 642/379/668 980/665/1205 644/381/670
f 644/381/670 980/665/1205 999/668/1206
f 980/665/1205 1000/669/1207 999/668/1206
f 999/668/1206 1000/669/1207 982/670/1208
f 649/671/1209 648/672/1210 941/673/1211
f 941/673/1211 648/672/1210 940/674/1212
f 648/672/1210 999/675/1213 940/674/1212
f 940/674/1212 999/675/1213 982/676/1214
f 4/4/4 2/2/2 695/401/731
f 695/401/731 2/2/2 693/399/729
f 2/2/2 1001/677/1215 693/399/729
f 693/399/729 1001/677/1215 681/397/727
f 2/678/1216 730/679/1217 1001/680/1218
f 1001/680/1218 730/679/1217 1002/681/1219
f 730/679/1217 876/682/1220 1002/681/1219
f 1002/681/1219 876/682/1220 874/683/1221
f 65/57/1222 52/52/52 67/56/1223
f 52/52/52 54/54/54 67/56/1223
f 67/56/1223 54/54/54 719/422/763
f 54/54/54 56/56/56 719/422/763
f 301/684/1224 303/685/1225 299/555/986
f 299/555/986 303/685/1225 878/387/987
f 303/685/1225 304/389/989 878/387/987
f 878/387/987 304/389/989 879/388/988
f 325/686/1226 579/342/587 326/420/750
f 326/420/750 579/342/587 709/418/748
f 579/342/587 580/343/588 709/418/748
f 709/418/748 580/343/588 581/344/589
f 651/128/677 436/555/1227 652/130/678
f 652/130/678 436/555/1227 653/387/679
f 436/555/1227 440/685/1228 653/387/679
f 653/387/679 440/685/1228 441/389/681
f 196/684/1229 198/685/1230 194/555/994
f 194/555/994 198/685/1230 882/387/995
f 198/685/1230 199/389/997 882/387/995
f 882/387/995 199/389/997 883/388/996
f 341/684/1231 343/685/1232 339/555/998
f 339/555/998 343/685/1232 884/387/999
f 343/685/1232 344/389/1001 884/387/999
f 884/387/999 344/389/1001 885/388/1000
f 321/687/1233 319/222/318 323/688/1234
f 319/222/318 317/220/316 323/688/1234
f 323/688/1234 317/220/316 324/338/583
f 317/220/316 577/336/581 324/338/583
f 280/201/278 678/234/708 282/203/280
f 282/203/280 678/234/708 283/205/282
f 678/234/708 680/232/710 283/205/282
f 283/205/282 680/232/710 461/230/453
f 353/201/350 553/203/553 351/234/348
f 553/203/553 552/205/550 351/234/348
f 351/234/348 552/205/550 349/232/346
f 552/205/550 347/230/344 349/232/346
f 399/687/1235 401/688/1236 397/222/393
f 397/222/393 401/688/1236 395/220/391
f 401/688/1236 402/338/599 395/220/391
f 395/220/391 402/338/599 588/336/600
f 379/684/1237 377/555/1022 381/685/1238
f 377/555/1022 901/387/1021 381/685/1238
f 381/685/1238 901/387/1021 382/389/1019
f 901/387/1021 900/388/1020 382/389/1019
f 218/684/1239 216/555/1026 220/685/1240
f 216/555/1026 903/387/1025 220/685/1240
f 220/685/1240 903/387/1025 221/389/1023
f 903/387/1025 902/388/1024 221/389/1023
f 658/128/686 657/130/685 455/555/1241
f 657/130/685 656/387/684 455/555/1241
f 455/555/1241 656/387/684 459/685/1242
f 656/387/684 460/389/682 459/685/1242
f 659/689/1243 363/686/1244 442/341/632
f 442/341/632 363/686/1244 610/342/631
f 363/686/1244 365/420/751 610/342/631
f 610/342/631 365/420/751 710/418/753
f 419/684/1245 417/555/1034 421/685/1246
f 417/555/1034 907/387/1033 421/685/1246
f 421/685/1246 907/387/1033 422/389/1031
f 907/387/1033 906/388/1032 422/389/1031
f 358/240/355 97/68/97 360/191/357
f 97/68/97 99/66/99 360/191/357
f 360/191/357 99/66/99 362/190/359
f 99/66/99 101/64/101 362/190/359
f 129/98/129 131/100/131 828/506/921
f 828/506/921 131/100/131 829/507/922
f 131/100/131 28/28/28 829/507/922
f 829/507/922 28/28/28 26/26/26
f 109/56/109 111/54/111 770/422/951
f 770/422/951 111/54/111 98/56/1247
f 111/54/111 113/52/113 98/56/1247
f 98/56/1247 113/52/113 100/57/1248
f 253/174/251 255/176/253 830/390/1249
f 830/390/1249 255/176/253 735/391/1250
f 255/176/253 256/177/254 735/391/1250
f 735/391/1250 256/177/254 257/178/255
f 834/683/1251 836/682/1252 1003/681/1253
f 836/682/1252 841/679/1254 1003/681/1253
f 1003/681/1253 841/679/1254 1004/680/1255
f 841/679/1254 840/678/1256 1004/680/1255
f 476/257/472 477/258/473 491/272/487
f 491/272/487 477/258/473 489/270/485
f 477/258/473 479/260/475 489/270/485
f 489/270/485 479/260/475 481/262/477
f 952/690/1257 953/659/1258 793/658/1259
f 793/658/1259 953/659/1258 666/657/1260
f 953/659/1258 1005/660/1261 666/657/1260
f 666/657/1260 1005/660/1261 837/691/1262
f 1006/669/1263 993/665/1264 1007/668/1265
f 993/665/1264 665/381/693 1007/668/1265
f 1007/668/1265 665/381/693 661/385/689
f 665/381/693 663/383/691 661/385/689
f 995/676/1266 1007/675/1267 1008/674/1268
f 1007/675/1267 661/672/1269 1008/674/1268
f 1008/674/1268 661/672/1269 802/673/1270
f 661/672/1269 660/671/1271 802/673/1270
f 915/667/1272 919/549/1046 916/666/1273
f 916/666/1273 919/549/1046 956/665/1274
f 919/549/1046 920/547/1048 956/665/1274
f 956/665/1274 920/547/1048 667/379/695
f 1009/692/1275 1010/693/1276 1011/694/1277
f 1010/693/1276 1012/695/1278 1011/694/1277
f 1011/694/1277 1012/695/1278 697/403/733
f 1012/695/1278 698/404/734 697/403/733
f 1010/696/1279 1009/697/1280 1012/698/1281
f 1012/698/1281 1009/697/1280 788/699/1282
f 1009/697/1280 474/700/1283 788/699/1282
f 788/699/1282 474/700/1283 787/701/1284
f 793/446/872 791/447/870 951/572/1098
f 951/572/1098 791/447/870 954/573/1101
f 791/447/870 790/450/868 954/573/1101
f 954/573/1101 790/450/868 789/452/866
f 666/380/694 668/378/696 792/655/1285
f 668/378/696 670/376/698 792/655/1285
f 792/655/1285 670/376/698 530/654/1286
f 670/376/698 529/375/700 530/654/1286
f 526/302/524 977/623/1136 517/300/515
f 517/300/515 977/623/1136 519/302/517
f 977/623/1136 976/622/1135 519/302/517
f 519/302/517 976/622/1135 1013/625/1287
f 258/179/256 985/633/1147 51/51/51
f 51/51/51 985/633/1147 49/49/49
f 985/633/1147 267/188/265 49/49/49
f 49/49/49 267/188/265 47/47/47
f 277/198/275 279/200/277 720/423/764
f 720/423/764 279/200/277 747/702/1288
f 279/200/277 281/202/279 747/702/1288
f 747/702/1288 281/202/279 81/204/281
f 272/193/270 673/239/703 274/195/272
f 673/239/703 675/237/705 274/195/272
f 274/195/272 675/237/705 276/197/274
f 675/237/705 278/199/276 276/197/274
f 847/531/947 1014/530/1289 138/107/138
f 138/107/138 1014/530/1289 986/110/1157
f 1014/530/1289 842/527/942 986/110/1157
f 986/110/1157 842/527/942 844/529/944
f 854/531/947 1015/530/1289 164/107/164
f 164/107/164 1015/530/1289 166/110/166
f 1015/530/1289 848/527/942 166/110/166
f 166/110/166 848/527/942 850/529/948
f 84/204/552 554/202/554 768/702/1290
f 554/202/554 555/200/555 768/702/1290
f 768/702/1290 555/200/555 769/423/950
f 555/200/555 557/198/557 769/423/950
f 556/199/556 355/237/352 558/197/558
f 558/197/558 355/237/352 560/195/560
f 355/237/352 357/239/354 560/195/560
f 560/195/560 357/239/354 359/193/356
f 618/359/641 620/361/643 862/545/966
f 620/361/643 622/363/645 862/545/966
f 862/545/966 622/363/645 863/361/967
f 622/363/645 570/362/647 863/361/967
f 23/23/23 25/25/25 942/590/1084
f 942/590/1084 25/25/25 943/591/1085
f 25/25/25 27/27/27 943/591/1085
f 943/591/1085 27/27/27 29/29/29
f 547/317/545 545/313/543 991/322/1172
f 545/313/543 913/311/1040 991/322/1172
f 991/322/1172 913/311/1040 911/309/1038
f 721/424/765 925/568/1053 722/425/766
f 722/425/766 925/568/1053 724/427/768
f 925/568/1053 726/429/770 724/427/768
f 611/490/886 613/491/1080 522/489/885
f 613/491/1080 939/492/1077 522/489/885
f 522/489/885 939/492/1077 937/703/1291
f 1016/445/1292 613/354/636 870/444/1293
f 870/444/1293 613/354/636 684/441/782
f 613/354/636 614/355/637 684/441/782
f 963/604/1115 965/606/1117 1017/607/1294
f 965/606/1117 973/619/1131 1017/607/1294
f 1017/607/1294 973/619/1131 535/621/1295
f 516/373/662 1018/704/1296 1019/705/1297
f 1018/704/1296 640/377/666 1019/705/1297
f 1019/705/1297 640/377/666 638/374/663
f 512/295/510 741/706/1298 510/293/508
f 741/706/1298 241/289/504 510/293/508
f 510/293/508 241/289/504 508/291/506
f 503/284/499 505/286/501 971/707/1299
f 971/707/1299 505/286/501 972/708/1300
f 505/286/501 507/288/503 972/708/1300
f 875/514/983 1016/709/1301 873/512/981
f 1016/709/1301 870/710/1302 873/512/981
f 873/512/981 870/710/1302 872/511/979
f 535/621/1295 537/609/1303 1017/607/1294
f 537/609/1303 998/608/1304 1017/607/1294
f 1017/607/1294 998/608/1304 963/604/1115
f 929/320/1061 564/319/564 927/318/1059
f 564/319/564 565/317/565 927/318/1059
f 927/318/1059 565/317/565 566/316/566
f 11/11/11 48/48/48 9/9/9
f 9/9/9 48/48/48 7/7/7
f 48/48/48 46/46/46 7/7/7
f 20/20/20 115/84/115 22/22/22
f 115/84/115 117/86/117 22/22/22
f 22/22/22 117/86/117 24/24/24
f 295/133/295 753/241/815 293/131/293
f 293/131/293 753/241/815 291/129/291
f 753/241/815 289/127/289 291/129/291
f 705/414/744 702/411/741 183/711/1305
f 183/711/1305 702/411/741 804/712/1306
f 702/411/741 178/410/740 804/712/1306
f 288/713/1307 286/714/1308 425/340/585
f 425/340/585 286/714/1308 572/331/576
f 286/714/1308 285/330/575 572/331/576
f 184/127/183 186/129/185 805/241/896
f 186/129/185 188/131/187 805/241/896
f 805/241/896 188/131/187 190/133/189
f 707/416/746 650/638/1152 708/417/747
f 650/638/1152 756/646/1309 708/417/747
f 708/417/747 756/646/1309 328/419/749
f 574/333/578 573/332/577 703/715/1310
f 703/715/1310 573/332/577 179/716/1311
f 573/332/577 181/329/574 179/716/1311
f 329/127/327 331/129/329 757/241/821
f 331/129/329 333/131/331 757/241/821
f 757/241/821 333/131/331 335/133/333
f 151/558/1004 149/717/1006 886/556/1002
f 149/717/1006 806/718/1006 886/556/1002
f 886/556/1002 806/718/1006 807/719/1006
f 888/720/1312 987/644/1159 889/721/1313
f 889/721/1313 987/644/1159 814/722/1314
f 987/644/1159 988/645/1160 814/722/1314
f 893/643/1161 897/720/1315 989/644/1162
f 897/720/1315 898/721/1316 989/644/1162
f 989/644/1162 898/721/1316 819/722/1317
f 171/717/1006 895/556/1015 823/718/1006
f 823/718/1006 895/556/1015 822/719/1006
f 895/556/1015 896/723/1006 822/719/1006
f 210/131/208 208/129/206 827/241/920
f 208/129/206 206/127/204 827/241/920
f 827/241/920 206/127/204 204/125/202
f 373/133/370 371/131/368 779/241/854
f 371/131/368 369/129/366 779/241/854
f 779/241/854 369/129/366 367/127/364
f 606/346/627 608/344/629 710/418/753
f 608/344/629 609/343/630 710/418/753
f 710/418/753 609/343/630 610/342/631
f 200/724/1318 202/716/1319 717/715/1320
f 202/716/1319 592/332/604 717/715/1320
f 717/715/1320 592/332/604 591/333/603
f 200/410/761 716/411/759 826/712/1321
f 826/712/1321 716/411/759 205/711/1322
f 716/411/759 714/414/757 205/711/1322
f 403/330/607 405/714/1323 593/331/605
f 593/331/605 405/714/1323 443/340/633
f 405/714/1323 406/713/1324 443/340/633
f 712/416/755 406/636/1171 714/414/757
f 406/636/1171 782/635/1325 714/414/757
f 714/414/757 782/635/1325 205/634/1326
f 407/127/402 783/241/860 409/129/404
f 409/129/404 783/241/860 411/131/406
f 783/241/860 413/133/408 411/131/406
f 35/35/35 37/37/37 948/596/1093
f 37/37/37 39/39/39 948/596/1093
f 948/596/1093 39/39/39 41/41/41
f 835/514/929 833/512/927 738/709/1327
f 738/709/1327 833/512/927 737/710/1328
f 833/512/927 832/511/926 737/710/1328
f 837/589/1329 835/588/1330 664/587/1331
f 664/587/1331 835/588/1330 736/491/888
f 835/588/1330 738/725/1332 736/491/888
f 996/726/1333 1008/586/1334 994/727/1335
f 994/727/1335 1008/586/1334 801/492/889
f 1008/586/1334 802/494/891 801/492/889
f 979/728/1336 524/487/1337 978/729/1338
f 978/729/1338 524/487/1337 800/488/884
f 524/487/1337 523/489/887 800/488/884
f 701/730/1339 533/290/531 237/731/1340
f 533/290/531 509/292/507 237/731/1340
f 237/731/1340 509/292/507 239/290/505
f 484/265/480 482/263/478 701/409/739
f 701/409/739 482/263/478 700/407/737
f 482/263/478 699/405/735 700/407/737
f 489/270/485 481/262/477 487/268/483
f 487/268/483 481/262/477 485/266/481
f 481/262/477 483/264/479 485/266/481
f 697/403/733 696/402/732 1011/694/1277
f 696/402/732 474/255/470 1011/694/1277
f 1011/694/1277 474/255/470 1009/692/1275
f 953/574/1100 955/575/1102 1020/576/1341
f 1020/576/1341 955/575/1102 1005/577/1342
f 955/575/1102 785/456/862 1005/577/1342
f 1005/664/1343 785/663/1344 837/662/1345
f 785/663/1344 787/524/939 837/662/1345
f 837/662/1345 787/524/939 836/526/941
f 532/291/530 534/289/532 531/293/529
f 534/289/532 792/706/1346 531/293/529
f 531/293/529 792/706/1346 530/295/528
f 669/377/697 1021/704/1347 1022/705/1348
f 1021/704/1347 528/373/701 1022/705/1348
f 1022/705/1348 528/373/701 671/374/699
f 243/432/773 245/732/1349 494/430/771
f 494/430/771 245/732/1349 246/733/1350
f 495/431/772 497/734/1351 727/433/774
f 727/433/774 497/734/1351 499/435/776
f 492/273/488 230/735/1352 493/274/489
f 493/274/489 230/735/1352 496/277/492
f 723/736/1353 725/651/1184 858/737/1354
f 858/737/1354 725/651/1184 860/649/1182
f 496/277/492 725/428/769 498/279/494
f 498/279/494 725/428/769 500/281/496
f 494/484/880 246/738/1355 229/486/882
f 246/738/1355 486/739/1356 229/486/882
f 800/488/884 521/487/883 976/729/1357
f 521/487/883 1013/728/1358 976/729/1357
f 518/548/970 520/740/1359 866/550/972
f 520/740/1359 868/552/974 866/550/972
f 939/492/1077 940/586/1076 981/727/1360
f 981/727/1360 940/586/1076 983/726/1361
f 983/741/1362 940/674/1212 984/742/1363
f 940/674/1212 982/676/1214 984/742/1363
f 999/668/1206 648/385/674 644/381/670
f 648/385/674 646/383/672 644/381/670
f 932/574/1064 930/572/1062 1023/601/1364
f 1023/601/1364 930/572/1062 739/446/794
f 874/683/1221 681/743/1365 1002/681/1219
f 1002/681/1219 681/743/1365 1001/680/1218
f 684/391/714 682/390/712 870/744/1366
f 870/744/1366 682/390/712 871/745/1367
f 53/53/53 1024/52/1368 55/55/55
f 55/55/55 1024/52/1368 57/57/57
f 58/58/58 60/60/60 718/421/762
f 718/421/762 60/60/60 62/62/62
f 66/66/66 68/68/68 270/191/268
f 68/68/68 672/240/702 270/191/268
f 686/392/722 687/746/1369 944/592/1086
f 944/592/1086 687/746/1369 689/593/1087
f 183/121/814 285/122/285 754/123/816
f 754/123/816 285/122/285 287/125/287
f 298/136/298 296/134/296 300/138/300
f 296/134/296 302/140/302 300/138/300
f 308/211/307 310/213/309 307/210/306
f 307/210/306 310/213/309 467/496/897
f 650/689/1370 423/341/586 325/686/1226
f 423/341/586 579/342/587 325/686/1226
f 327/125/325 758/123/822 325/122/323
f 325/122/323 758/123/822 650/121/820
f 193/136/192 191/134/190 195/138/194
f 191/134/190 197/140/196 195/138/194
f 338/136/336 336/134/334 340/138/338
f 340/138/338 336/134/334 342/140/340
f 380/140/377 374/134/371 378/138/375
f 374/134/371 376/136/373 378/138/375
f 219/140/217 213/134/211 217/138/215
f 213/134/211 215/136/213 217/138/215
f 345/228/342 347/230/344 551/207/549
f 551/207/549 347/230/344 552/205/550
f 659/121/853 780/123/855 363/122/360
f 363/122/360 780/123/855 364/125/361
f 596/496/1090 388/213/384 384/210/380
f 384/210/380 388/213/384 386/211/382
f 404/125/399 403/122/398 784/123/861
f 784/123/861 403/122/398 205/121/859
f 420/140/415 414/134/409 418/138/413
f 414/134/409 416/136/411 418/138/413
f 107/58/107 855/421/952 105/60/105
f 105/60/105 855/421/952 103/62/103
f 108/57/108 1025/52/1371 110/55/110
f 110/55/110 1025/52/1371 112/53/112
f 253/174/251 1004/747/1372 251/172/249
f 251/172/249 1004/747/1372 840/598/1095
f 1004/680/1255 253/743/1373 1003/681/1253
f 1003/681/1253 253/743/1373 834/683/1251
f 486/748/1374 246/749/1375 488/517/932
f 246/749/1375 838/518/933 488/517/932
f 840/598/1095 839/750/1376 950/599/1096
f 950/599/1096 839/750/1376 838/600/1097
f 995/676/1266 1008/674/1268 997/742/1377
f 1008/674/1268 996/741/1378 997/742/1377
f 916/552/1043 525/740/1379 918/550/1045
f 918/550/1045 525/740/1379 527/548/1047
f 801/492/889 523/489/887 957/703/1380
f 523/489/887 958/751/1381 957/703/1380
f 621/326/1058 568/324/568 623/752/1382
f 623/752/1382 568/324/568 570/326/570
f 466/243/458 960/603/1112 468/245/460
f 468/245/460 960/603/1112 922/567/1050
f 922/567/1050 78/78/78 921/566/1049
f 921/566/1049 78/78/78 80/80/80
f 153/560/1006 890/562/1006 155/753/1006
f 155/753/1006 890/562/1006 813/564/1006
f 818/564/1006 899/562/1006 177/753/1006
f 177/753/1006 899/562/1006 175/560/1006
f 923/567/1051 961/603/1113 597/245/612
f 961/603/1113 595/243/610 597/245/612
f 85/80/85 87/78/87 924/566/1052
f 924/566/1052 87/78/87 923/567/1051
f 16/16/16 690/393/723 18/18/18
f 18/18/18 690/393/723 114/83/114
f 492/754/1383 494/484/880 798/482/878
f 232/153/230 723/426/767 230/151/228
f 504/285/500 502/283/498 726/429/770
f 506/287/502 240/161/238 242/163/240
f 1016/725/1384 875/588/1082 613/491/1080
f 122/91/122 688/92/720 636/93/718
f 1018/755/1385 516/373/1386 640/756/1385
f 640/377/666 516/757/1387 518/548/970
f 1019/705/1297 638/374/663 516/373/662
f 1013/625/1287 521/304/519 519/302/517
f 742/450/798 740/447/795 931/573/1063
f 242/758/1388 744/615/1127 507/617/1129
f 936/751/1389 522/489/885 937/703/1291
f 935/660/1194 643/657/1191 877/691/1390
f 877/759/1391 643/380/669 645/382/671
f 869/667/1204 865/549/971 867/551/973
f 649/495/1392 941/494/1078 647/493/1079
f 982/630/1144 1000/760/1393 980/628/1142
f 1023/690/1394 739/658/1192 932/659/1193
f 874/513/982 682/508/980 681/761/1395
f 537/308/535 538/309/536 998/647/1396
f 619/360/642 928/546/1397 621/362/644
f 50/50/50 48/48/48 11/11/11
f 8/8/8 694/400/730 10/10/10
f 288/762/1398 752/465/813 290/463/811
f 297/135/297 751/464/812 295/133/295
f 183/762/1399 804/465/895 185/463/893
f 425/122/419 426/123/420 288/121/990
f 430/131/424 432/133/426 428/241/422
f 650/762/1400 880/465/991 651/463/993
f 434/135/428 881/464/992 432/133/426
f 706/415/745 583/346/591 585/348/593
f 178/724/1401 703/715/1310 179/716/1311
f 328/762/1402 756/465/819 330/463/817
f 581/344/589 583/346/591 709/418/748
f 337/135/335 755/464/818 335/133/333
f 574/763/1403 703/412/742 763/639/1153
f 575/475/832 574/764/1404 763/473/830
f 192/135/191 803/464/894 190/133/189
f 431/132/425 654/388/680 433/134/427
f 437/138/431 435/136/429 433/134/427
f 438/684/1405 440/685/1228 436/555/1227
f 577/336/581 317/220/316 315/218/314
f 945/505/1089 318/221/317 320/223/319
f 677/235/707 74/74/74 679/233/709
f 278/199/276 675/237/705 280/201/278
f 81/81/81 79/79/79 750/462/810
f 137/106/137 135/104/135 150/115/150
f 891/643/1158 987/644/1159 888/720/1312
f 139/108/139 810/499/902 141/106/141
f 161/108/161 163/106/163 815/499/907
f 173/558/1016 895/556/1015 171/717/1006
f 159/106/159 172/115/171 158/104/158
f 84/81/84 765/462/834 86/79/86
f 556/199/556 353/201/350 355/237/352
f 352/235/349 350/233/347 91/74/91
f 824/505/916 398/223/394 396/221/392
f 588/336/600 393/218/389 395/220/391
f 457/684/1406 455/555/1241 459/685/1242
f 456/138/449 452/134/445 454/136/447
f 450/132/443 452/134/445 655/388/683
f 214/135/212 212/133/210 825/464/918
f 210/131/208 827/241/920 212/133/210
f 590/475/849 775/473/847 591/764/1407
f 591/763/1408 775/639/1165 717/412/760
f 375/135/372 373/133/370 777/464/410
f 366/762/1409 368/463/851 778/465/852
f 713/415/756 604/348/625 606/346/627
f 453/135/446 451/133/444 904/464/1028
f 659/762/1410 658/463/1027 905/465/1029
f 449/131/442 447/241/440 451/133/444
f 443/122/436 406/121/1030 445/123/438
f 205/762/1411 207/463/917 826/465/919
f 415/135/410 413/133/408 781/464/857
f 406/762/1412 408/463/856 782/465/858
f 252/173/250 946/594/1091 254/175/252
f 949/597/1094 35/35/35 948/596/1093
f 121/90/121 123/92/123 125/94/125
f 830/390/1249 735/391/1250 737/744/1413
f 834/513/928 253/761/1414 830/508/923
f 1020/661/1415 1005/660/1261 953/659/1258
f 995/630/1179 993/628/1176 1006/760/1416
f 1006/669/1263 1007/668/1265 995/670/1417
f 915/667/1272 917/551/1044 919/549/1046
f 993/665/1264 667/379/695 665/381/693
f 837/759/1418 664/382/692 666/380/694
f 480/261/476 699/405/735 482/263/478
f 474/765/1419 476/522/937 787/524/939
f 698/766/1420 1012/698/1281 788/699/1282
f 954/573/1101 789/452/866 786/454/863
f 793/658/1259 666/657/1260 792/656/1421
f 1022/705/1348 671/374/699 669/377/697
f 669/377/697 527/548/1047 528/757/1422
f 1021/755/1423 669/756/1423 528/373/1424
f 733/358/785 629/356/653 631/357/655
f 662/493/890 664/587/1331 736/491/888
f 985/633/1147 258/179/256 259/180/257
f 182/125/181 184/127/183 805/241/896
f 311/214/310 309/212/308 572/331/576
f 71/71/71 959/602/1111 73/73/73
f 283/205/282 461/230/453 284/207/284
f 807/719/1006 892/723/1006 886/556/1002
f 154/119/154 155/767/1425 813/502/905
f 894/565/1012 897/116/1426 893/115/1011
f 548/318/546 569/325/569 546/316/544
f 263/184/261 265/186/263 266/187/264
f 566/316/566 926/325/1057 927/318/1059
f 891/115/1007 888/116/1427 887/565/1008
f 819/722/1317 990/645/1163 989/644/1162
f 818/502/910 177/767/1428 176/119/175
f 92/73/92 962/602/1114 94/71/94
f 593/331/605 387/212/383 389/214/385
f 592/332/604 202/716/1319 203/329/606
f 42/42/42 248/169/246 44/44/44
usemtl Material__49
f 1026/768/1429 1027/769/1430 1028/770/1431
f 1028/770/1431 1027/769/1430 1029/771/1432
f 1027/769/1430 1030/772/1433 1029/771/1432
f 1029/771/1432 1030/772/1433 1031/773/1434
f 1030/772/1433 1032/774/1435 1031/773/1434
f 1031/773/1434 1032/774/1435 1033/775/1436
f 1032/774/1435 1034/776/1437 1033/775/1436
f 1033/775/1436 1034/776/1437 1035/777/1438
f 1034/776/1437 1036/778/1439 1035/777/1438
f 1035/777/1438 1036/778/1439 1037/779/1440
f 1036/778/1439 1038/780/1441 1037/779/1440
f 1037/779/1440 1038/780/1441 1039/781/1442
f 1038/780/1441 1040/782/1443 1039/781/1442
f 1039/781/1442 1040/782/1443 1041/783/1444
f 1040/782/1443 1042/784/1445 1041/783/1444
f 1041/783/1444 1042/784/1445 1043/785/1446
f 1042/784/1445 1044/786/1447 1043/785/1446
f 1043/785/1446 1044/786/1447 1045/787/1448
f 1044/786/1447 1046/785/1449 1045/787/1448
f 1047/788/1450 1048/789/1451 1049/790/1452
f 1048/789/1451 1050/791/1453 1049/790/1452
f 1049/790/1452 1050/791/1453 1051/792/1454
f 1050/791/1453 1052/793/1455 1051/792/1454
f 1051/792/1454 1052/793/1455 1053/794/1456
f 1052/793/1455 1054/795/1457 1053/794/1456
f 1053/794/1456 1054/795/1457 1055/796/1458
f 1054/795/1457 1056/797/1459 1055/796/1458
f 1055/796/1458 1056/797/1459 1057/798/1460
f 1056/797/1459 1058/799/1461 1057/798/1460
f 1057/798/1460 1058/799/1461 1059/800/1462
f 1058/799/1461 1060/801/1463 1059/800/1462
f 1059/800/1462 1060/801/1463 1061/802/1464
f 1060/801/1463 1062/803/1465 1061/802/1464
f 1061/802/1464 1062/803/1465 1063/804/1466
f 1062/803/1465 1064/805/1467 1063/804/1466
f 1063/804/1466 1064/805/1467 1065/806/1468
f 1064/805/1467 1066/807/1469 1065/806/1468
f 1067/807/1470 1068/805/1471 1065/806/1468
f 1065/806/1468 1068/805/1471 1063/804/1466
f 1068/805/1471 1069/803/1472 1063/804/1466
f 1063/804/1466 1069/803/1472 1070/802/1473
f 1069/803/1472 1071/801/1474 1070/802/1473
f 1070/802/1473 1071/801/1474 1072/800/1475
f 1071/801/1474 1073/799/1476 1072/800/1475
f 1072/800/1475 1073/799/1476 1074/798/1477
f 1073/799/1476 1075/797/1478 1074/798/1477
f 1074/798/1477 1075/797/1478 1076/796/1479
f 1075/797/1478 1077/795/1480 1076/796/1479
f 1076/796/1479 1077/795/1480 1078/794/1481
f 1077/795/1480 1079/793/1482 1078/794/1481
f 1078/794/1481 1079/793/1482 1080/792/1483
f 1079/793/1482 1081/791/1484 1080/792/1483
f 1080/792/1483 1081/791/1484 1082/790/1485
f 1081/791/1484 1083/789/1486 1082/790/1485
f 1082/790/1485 1083/789/1486 1084/788/1487
f 1085/808/1488 1086/809/1489 1087/810/1490
f 1087/810/1490 1086/809/1489 1088/811/1491
f 1086/809/1489 1044/786/1447 1088/811/1491
f 1088/811/1491 1044/786/1447 1089/809/1492
f 1044/786/1447 1042/784/1445 1089/809/1492
f 1089/809/1492 1042/784/1445 1090/812/1493
f 1042/784/1445 1040/782/1443 1090/812/1493
f 1090/812/1493 1040/782/1443 1091/813/1494
f 1040/782/1443 1038/780/1441 1091/813/1494
f 1091/813/1494 1038/780/1441 1092/814/1495
f 1038/780/1441 1036/778/1439 1092/814/1495
f 1092/814/1495 1036/778/1439 1093/815/1496
f 1036/778/1439 1034/776/1437 1093/815/1496
f 1093/815/1496 1034/776/1437 1030/772/1433
f 1034/776/1437 1032/774/1435 1030/772/1433
f 1094/816/1497 1095/817/1498 1096/818/1499
f 1096/818/1500 1095/817/1498 1097/819/1501
f 1095/817/1498 1098/820/1502 1097/819/1501
f 1097/819/1501 1098/820/1502 1099/817/1503
f 1098/820/1502 1100/821/1504 1099/817/1503
f 1099/817/1503 1100/821/1505 1101/822/1506
f 1100/821/1505 1074/798/1507 1101/822/1506
f 1101/822/1506 1074/798/1507 1102/823/1508
f 1074/798/1507 1076/796/1479 1102/823/1508
f 1076/796/1479 1078/794/1481 1103/824/1509
f 1103/824/1509 1078/794/1481 1104/825/1510
f 1078/794/1481 1080/792/1483 1104/825/1510
f 1104/825/1510 1080/792/1483 1105/826/1511
f 1080/792/1483 1082/790/1485 1105/826/1511
f 1098/820/1502 1095/817/1498 1106/821/1512
f 1106/821/1512 1107/822/1513 1057/798/1514
f 1107/822/1513 1108/823/1515 1057/798/1514
f 1055/796/1458 1109/824/1516 1053/794/1456
f 1109/824/1516 1110/825/1517 1053/794/1456
f 1053/794/1456 1110/825/1517 1051/792/1454
f 1110/825/1517 1111/826/1518 1051/792/1454
f 1051/792/1454 1111/826/1518 1049/790/1452
f 1087/810/1490 1088/811/1491 1112/827/1519
f 1112/827/1519 1088/811/1491 1113/810/1520
f 1088/811/1491 1089/809/1492 1113/810/1520
f 1113/810/1520 1089/809/1492 1114/808/1521
f 1089/809/1492 1090/812/1493 1114/808/1521
f 1114/808/1521 1090/812/1493 1115/828/1522
f 1090/812/1493 1091/813/1494 1115/828/1522
f 1115/828/1522 1091/813/1494 1116/829/1523
f 1091/813/1494 1092/814/1495 1116/829/1523
f 1116/829/1523 1092/814/1495 1093/815/1496
f 1117/830/1524 1094/831/1525 1107/832/1526
f 1094/831/1527 1095/833/1528 1107/832/1529
f 1107/832/1529 1095/833/1528 1106/834/1530
f 1095/833/1531 1118/835/1532 1106/834/1530
f 1106/834/1530 1118/835/1532 1119/836/1533
f 1118/835/1532 1100/834/1534 1119/836/1533
f 1119/836/1533 1100/834/1534 1120/837/1535
f 1100/834/1534 1074/838/1536 1120/837/1535
f 1120/837/1535 1074/838/1536 1121/839/1537
f 1074/838/1536 1122/840/1538 1121/839/1537
f 1123/841/1539 1124/842/1540 1125/843/1540
f 1124/842/1540 1126/841/1541 1125/843/1540
f 1125/843/1540 1126/841/1541 1127/844/1541
f 1126/841/1541 1128/845/1542 1127/844/1541
f 1127/844/1541 1128/845/1542 1129/846/1542
f 1128/845/1542 1130/847/1543 1129/846/1542
f 1129/846/1542 1130/847/1543 1131/848/1543
f 1130/847/1543 1132/849/1544 1131/848/1543
f 1131/848/1543 1132/849/1544 1133/850/1544
f 1132/849/1544 1134/848/1545 1133/850/1544
f 1096/818/1500 1097/819/1501 1135/851/1546
f 1135/851/1546 1097/819/1501 1136/818/1547
f 1097/819/1501 1099/817/1503 1136/818/1547
f 1138/852/1548 1102/823/1549 1139/853/1550
f 1096/854/1551 1140/855/1552 1095/833/1531
f 1095/833/1531 1140/855/1552 1118/835/1532
f 1140/855/1552 1099/833/1553 1118/835/1532
f 1118/835/1532 1099/833/1553 1100/834/1534
f 1047/856/1554 1049/857/1555 1141/858/1556
f 1049/857/1555 1111/859/1557 1141/858/1556
f 1141/858/1556 1111/859/1557 1142/860/1558
f 1111/859/1557 1110/861/1559 1142/860/1558
f 1142/860/1558 1110/861/1559 1143/862/1560
f 1110/861/1559 1109/863/1561 1143/862/1560
f 1143/862/1560 1109/863/1561 1055/864/1562
f 1109/863/1561 1108/865/1563 1055/864/1564
f 1102/865/1565 1103/863/1566 1076/864/1567
f 1076/864/1567 1103/863/1566 1144/862/1568
f 1103/863/1566 1104/861/1569 1144/862/1568
f 1144/862/1568 1104/861/1569 1145/860/1570
f 1104/861/1569 1105/859/1571 1145/860/1570
f 1145/860/1570 1105/859/1571 1146/858/1572
f 1105/859/1571 1082/857/1573 1146/858/1572
f 1146/858/1572 1082/857/1573 1084/856/1574
f 1044/786/1447 1086/809/1489 1147/784/1575
f 1086/809/1489 1148/812/1576 1147/784/1575
f 1147/784/1575 1148/812/1576 1149/782/1577
f 1148/812/1576 1150/813/1578 1149/782/1577
f 1149/782/1577 1150/813/1578 1151/780/1579
f 1150/813/1578 1152/814/1580 1151/780/1579
f 1151/780/1579 1152/814/1580 1153/778/1581
f 1096/854/1551 1135/866/1582 1140/855/1552
f 1135/866/1582 1136/854/1583 1140/855/1552
f 1140/855/1552 1136/854/1583 1099/833/1553
f 1136/854/1583 1137/831/1584 1099/833/1585
f 1099/833/1585 1137/831/1584 1101/832/1586
f 1137/831/1587 1138/830/1588 1101/832/1586
f 1101/832/1586 1138/830/1588 1102/867/1589
f 1044/786/1447 1147/784/1575 1046/785/1449
f 1046/785/1449 1147/784/1575 1154/783/1590
f 1147/784/1575 1149/782/1577 1154/783/1590
f 1154/783/1590 1149/782/1577 1155/781/1591
f 1149/782/1577 1151/780/1579 1155/781/1591
f 1155/781/1591 1151/780/1579 1156/779/1592
f 1151/780/1579 1153/778/1581 1156/779/1592
f 1060/801/1463 1058/799/1461 1157/868/1593
f 1058/799/1461 1056/797/1459 1157/868/1593
f 1157/868/1593 1056/797/1459 1158/869/1594
f 1056/797/1459 1054/795/1457 1158/869/1594
f 1158/869/1594 1054/795/1457 1159/870/1595
f 1054/795/1457 1052/793/1455 1159/870/1595
f 1079/793/1482 1077/795/1480 1160/870/1595
f 1160/870/1595 1077/795/1480 1161/869/1594
f 1077/795/1480 1075/797/1478 1161/869/1594
f 1161/869/1594 1075/797/1478 1162/868/1596
f 1075/797/1478 1073/799/1476 1162/868/1596
f 1162/868/1596 1073/799/1476 1071/801/1474
f 1132/849/1544 1163/847/1545 1134/848/1545
f 1134/848/1545 1163/847/1545 1164/846/1597
f 1163/847/1545 1165/845/1597 1164/846/1597
f 1164/846/1597 1165/845/1597 1166/844/1539
f 1165/845/1597 1123/841/1539 1166/844/1539
f 1166/844/1539 1123/841/1539 1125/843/1540
f 1119/836/1533 1167/837/1598 1106/834/1530
f 1167/837/1598 1057/838/1599 1106/834/1530
f 1063/804/1466 1168/871/1600 1061/802/1464
f 1061/802/1464 1168/871/1600 1059/800/1462
f 1168/871/1600 1169/872/1601 1059/800/1462
f 1059/800/1462 1169/872/1601 1106/821/1512
f 1169/872/1601 1098/820/1502 1106/821/1512
f 1086/809/1489 1085/808/1488 1148/812/1576
f 1085/808/1488 1170/828/1602 1148/812/1576
f 1148/812/1576 1170/828/1602 1150/813/1578
f 1170/828/1602 1171/829/1603 1150/813/1578
f 1150/813/1578 1171/829/1603 1152/814/1580
f 1171/873/1604 1029/771/1432 1152/874/1605
f 1152/874/1605 1029/771/1432 1153/875/1606
f 1029/771/1432 1031/773/1434 1153/875/1606
f 1153/875/1606 1031/773/1434 1172/876/1607
f 1031/773/1434 1033/775/1436 1172/876/1607
f 1107/822/1513 1117/852/1608 1108/823/1515
f 1117/852/1608 1173/853/1609 1108/823/1515
f 1108/823/1610 1173/853/1609 1109/824/1516
f 1098/820/1502 1169/872/1601 1100/821/1504
f 1100/821/1504 1169/872/1601 1072/800/1475
f 1169/872/1601 1168/871/1600 1072/800/1475
f 1072/800/1475 1168/871/1600 1070/802/1473
f 1168/871/1600 1063/804/1466 1070/802/1473
f 1167/837/1598 1174/839/1611 1057/838/1599
f 1174/839/1611 1175/840/1612 1057/838/1599
f 1057/838/1599 1175/840/1612 1055/877/1613
f 1175/840/1612 1176/878/1614 1055/877/1613
f 1060/801/1463 1177/879/1615 1062/803/1465
f 1062/803/1465 1177/879/1615 1064/805/1467
f 1177/879/1615 1178/880/1616 1064/805/1467
f 1064/805/1467 1178/880/1616 1048/881/1617
f 1083/881/1618 1179/880/1619 1068/805/1471
f 1179/880/1619 1180/879/1620 1068/805/1471
f 1068/805/1471 1180/879/1620 1069/803/1472
f 1180/879/1620 1071/801/1474 1069/803/1472
f 1116/829/1523 1093/815/1496 1181/882/1621
f 1093/815/1496 1027/769/1430 1181/882/1621
f 1181/882/1621 1027/769/1430 1182/883/1622
f 1027/769/1430 1183/884/1623 1182/883/1622
f 1134/885/1624 1164/886/1625 1184/887/1626
f 1164/886/1625 1166/888/1627 1184/887/1626
f 1184/887/1626 1166/888/1627 1125/889/1628
f 1134/885/1624 1184/887/1626 1133/890/1629
f 1133/890/1629 1184/887/1626 1131/885/1630
f 1184/887/1626 1129/886/1631 1131/885/1630
f 1123/891/1632 1165/892/1633 1185/893/1634
f 1165/892/1633 1163/894/1635 1185/893/1634
f 1185/893/1634 1163/894/1635 1132/895/1636
f 1123/891/1632 1185/893/1634 1124/896/1637
f 1124/896/1637 1185/893/1634 1126/891/1638
f 1185/893/1634 1128/892/1639 1126/891/1638
f 1103/863/1566 1102/865/1565 1139/897/1640
f 1139/897/1640 1138/898/1641 1187/899/1642
f 1132/895/1636 1130/894/1643 1185/893/1634
f 1185/893/1634 1130/894/1643 1128/892/1639
f 1125/889/1628 1127/888/1644 1184/887/1626
f 1184/887/1626 1127/888/1644 1129/886/1631
f 1066/900/1645 1188/901/1646 1065/902/1646
f 1065/902/1646 1188/901/1646 1067/900/1647
f 1189/878/1648 1122/840/1649 1076/877/1650
f 1076/877/1650 1122/840/1538 1074/838/1536
f 1048/881/1617 1047/903/1651 1064/805/1467
f 1064/805/1467 1047/903/1651 1066/807/1469
f 1067/807/1470 1084/903/1652 1068/805/1471
f 1068/805/1471 1084/903/1652 1083/881/1618
f 1026/768/1429 1183/884/1623 1027/769/1430
f 1190/904/1653 1047/856/1654 1141/858/1556
f 1029/771/1432 1171/873/1604 1028/770/1431
f 1059/800/1462 1106/821/1512 1057/798/1460
f 1173/853/1609 1117/852/1655 1186/905/1656
f 1055/877/1564 1108/867/1563 1057/838/1599
f 1176/906/1657 1143/862/1658 1055/864/1659
f 1178/907/1660 1050/791/1453 1048/789/1451
f 1179/907/1661 1083/789/1486 1081/791/1484
f 1189/906/1662 1076/864/1567 1144/862/1568
f 1072/800/1475 1074/798/1477 1100/821/1504
f 1191/904/1663 1146/858/1572 1084/856/1574
f 1030/772/1433 1027/769/1430 1093/815/1496
f 1172/876/1607 1156/908/1664 1153/875/1606
usemtl Material__50
f 1192/909/1665 1193/910/1666 1194/911/1667
f 1194/911/1667 1193/910/1666 1195/912/1668
f 1193/910/1666 1196/913/1669 1195/912/1668
f 1195/912/1668 1196/913/1669 1197/914/1670
f 1196/913/1669 1198/915/1671 1197/914/1670
f 1197/914/1670 1198/915/1671 1199/916/1672
f 1198/915/1671 1200/917/1673 1199/916/1672
f 1199/916/1672 1200/917/1673 1201/918/1674
f 1200/917/1673 1202/919/1675 1201/918/1674
f 1201/918/1674 1202/919/1675 1203/920/1676
f 1202/919/1675 1204/921/1677 1203/920/1676
f 1203/920/1676 1204/921/1677 1205/922/1678
f 1204/921/1677 1206/923/1679 1205/922/1678
f 1205/922/1678 1206/923/1679 1207/924/1680
f 1206/923/1679 1208/925/1681 1207/924/1680
f 1207/924/1680 1208/925/1681 1209/926/1682
f 1208/925/1681 1210/927/1683 1209/926/1682
f 1209/926/1682 1210/927/1683 1211/928/1684
f 1210/927/1683 1212/929/1685 1211/928/1684
f 1211/928/1684 1212/929/1685 1213/927/1686
f 1212/929/1685 1214/930/1687 1213/927/1686
f 1213/927/1686 1214/930/1687 1215/931/1688
f 1214/930/1687 1216/932/1689 1215/931/1688
f 1215/931/1688 1216/932/1689 1217/933/1690
f 1216/932/1689 1218/934/1691 1217/933/1690
f 1217/933/1690 1218/934/1691 1219/935/1692
f 1220/936/1693 1221/937/1694 1222/938/1695
f 1221/937/1694 1223/939/1696 1222/938/1695
f 1222/938/1695 1223/939/1696 1224/940/1697
f 1223/939/1696 1225/941/1698 1224/940/1697
f 1224/940/1697 1225/941/1698 1226/942/1699
f 1225/941/1698 1227/943/1700 1226/942/1699
f 1226/942/1699 1227/943/1700 1228/944/1701
f 1227/943/1700 1229/945/1702 1228/944/1701
f 1228/944/1701 1229/945/1702 1230/946/1703
f 1229/945/1702 1231/947/1704 1230/946/1703
f 1230/946/1703 1231/947/1704 1232/945/1705
f 1231/947/1704 1233/948/1706 1232/945/1705
f 1232/945/1705 1233/948/1706 1234/949/1707
f 1233/948/1706 1235/950/1708 1234/949/1707
f 1234/949/1707 1235/950/1708 1236/951/1709
f 1235/950/1708 1237/952/1710 1236/951/1709
f 1236/951/1709 1237/952/1710 1238/953/1711
f 1237/952/1710 1239/954/1712 1238/953/1711
f 1238/953/1711 1239/954/1712 1240/955/1713
f 1239/954/1712 1241/956/1714 1240/955/1713
f 1242/957/1715 1243/958/1716 1244/959/1717
f 1244/959/1717 1243/958/1716 1245/960/1718
f 1243/958/1716 1246/961/1719 1245/960/1718
f 1245/960/1718 1246/961/1719 1247/962/1720
f 1246/961/1719 1248/963/1721 1247/962/1720
f 1247/962/1720 1248/963/1721 1249/925/1722
f 1248/963/1721 1250/923/1723 1249/925/1722
f 1249/925/1722 1250/923/1723 1207/924/1680
f 1250/923/1723 1251/922/1724 1207/924/1680
f 1207/924/1680 1251/922/1724 1252/964/1725
f 1251/922/1724 1253/965/1726 1252/964/1725
f 1252/964/1725 1253/965/1726 1254/966/1727
f 1253/965/1726 1255/967/1728 1254/966/1727
f 1254/966/1727 1255/967/1728 1256/968/1729
f 1255/967/1728 1257/969/1730 1256/968/1729
f 1256/968/1729 1257/969/1730 1258/970/1731
f 1257/969/1730 1259/914/1732 1258/970/1731
f 1258/970/1731 1259/914/1732 1260/971/1733
f 1259/914/1732 1261/912/1668 1260/971/1733
f 1262/937/1734 1217/936/1735 1263/938/1736
f 1217/936/1735 1264/972/1737 1263/938/1736
f 1263/938/1736 1264/972/1737 1265/973/1738
f 1264/972/1737 1266/974/1739 1265/973/1738
f 1265/973/1738 1266/974/1739 1267/975/1740
f 1266/974/1739 1268/976/1741 1267/975/1740
f 1267/975/1740 1268/976/1741 1269/977/1742
f 1268/976/1741 1230/946/1703 1269/977/1742
f 1269/977/1742 1230/946/1703 1270/944/1743
f 1230/946/1703 1232/945/1705 1270/944/1743
f 1270/944/1743 1232/945/1705 1271/943/1744
f 1232/945/1705 1234/949/1707 1271/943/1744
f 1271/943/1744 1234/949/1707 1272/978/1745
f 1234/949/1707 1236/951/1709 1272/978/1745
f 1272/978/1745 1236/951/1709 1273/979/1746
f 1236/951/1709 1238/953/1711 1273/979/1746
f 1273/979/1746 1238/953/1711 1242/980/1747
f 1238/953/1711 1240/955/1713 1242/980/1747
f 1274/981/1748 1275/932/1749 1276/934/1750
f 1276/934/1750 1275/932/1749 1220/933/1751
f 1275/932/1749 1277/931/1752 1220/933/1751
f 1220/933/1751 1277/931/1752 1221/982/1753
f 1277/931/1752 1278/962/1754 1221/982/1753
f 1221/982/1753 1278/962/1754 1279/960/1755
f 1278/962/1754 1280/961/1756 1279/960/1755
f 1279/960/1755 1280/961/1756 1281/958/1757
f 1280/961/1756 1202/919/1675 1281/958/1757
f 1281/958/1757 1202/919/1675 1282/983/1758
f 1202/919/1675 1200/917/1673 1282/983/1758
f 1282/983/1758 1200/917/1673 1283/984/1759
f 1200/917/1673 1198/915/1671 1283/984/1759
f 1283/984/1759 1198/915/1671 1193/910/1666
f 1198/915/1671 1196/913/1669 1193/910/1666
f 1227/943/1700 1284/949/1760 1229/945/1702
f 1284/949/1760 1285/948/1761 1229/945/1702
f 1229/945/1702 1285/948/1761 1231/947/1704
f 1285/948/1761 1286/985/1762 1231/947/1704
f 1231/947/1704 1286/985/1762 1233/948/1706
f 1286/985/1762 1287/986/1763 1233/948/1706
f 1233/948/1706 1287/986/1763 1235/950/1708
f 1287/986/1763 1288/987/1764 1235/950/1708
f 1235/950/1708 1288/987/1764 1237/952/1710
f 1288/987/1764 1289/988/1765 1237/952/1710
f 1237/952/1710 1289/988/1765 1239/954/1712
f 1289/988/1765 1290/989/1766 1239/954/1712
f 1239/954/1712 1290/989/1766 1241/956/1714
f 1290/989/1766 1291/990/1767 1241/956/1714
f 1241/909/1768 1291/911/1769 1292/910/1770
f 1291/911/1769 1261/912/1668 1292/910/1770
f 1292/910/1770 1261/912/1668 1293/913/1669
f 1261/912/1668 1259/914/1732 1293/913/1669
f 1293/913/1669 1259/914/1732 1294/915/1671
f 1259/914/1732 1295/916/1771 1294/915/1671
f 1294/915/1671 1295/916/1771 1296/917/1772
f 1295/916/1771 1297/918/1773 1296/917/1772
f 1296/917/1772 1297/918/1773 1298/919/1774
f 1297/918/1773 1299/920/1775 1298/919/1774
f 1298/919/1774 1299/920/1775 1300/921/1776
f 1299/920/1775 1251/922/1724 1300/921/1776
f 1300/921/1776 1251/922/1724 1250/923/1723
f 1204/921/1677 1301/963/1777 1206/923/1679
f 1206/923/1679 1301/963/1777 1208/925/1681
f 1301/963/1777 1278/962/1754 1208/925/1681
f 1208/925/1681 1278/962/1754 1302/991/1778
f 1278/962/1754 1277/931/1752 1302/991/1778
f 1302/991/1778 1277/931/1752 1210/927/1683
f 1277/931/1752 1303/930/1779 1210/927/1683
f 1210/927/1683 1303/930/1779 1212/929/1685
f 1303/930/1779 1304/992/1780 1212/929/1685
f 1212/929/1685 1304/992/1780 1214/930/1687
f 1304/992/1780 1305/981/1781 1214/930/1687
f 1214/930/1687 1305/981/1781 1216/932/1689
f 1305/981/1781 1218/934/1691 1216/932/1689
f 1194/990/1782 1306/989/1783 1192/956/1784
f 1306/989/1783 1307/954/1785 1192/956/1784
f 1192/956/1784 1307/954/1785 1308/955/1786
f 1307/954/1785 1309/953/1787 1308/955/1786
f 1308/955/1786 1309/953/1787 1310/980/1788
f 1309/953/1787 1311/979/1789 1310/980/1788
f 1310/980/1788 1311/979/1789 1312/993/1790
f 1311/979/1789 1313/994/1791 1312/993/1790
f 1312/993/1790 1313/994/1791 1279/995/1792
f 1313/994/1791 1223/939/1696 1279/995/1792
f 1279/995/1792 1223/939/1696 1221/937/1694
f 1207/924/1680 1252/964/1725 1205/922/1678
f 1205/922/1678 1252/964/1725 1314/965/1793
f 1252/964/1725 1254/966/1727 1314/965/1793
f 1314/965/1793 1254/966/1727 1315/967/1794
f 1254/966/1727 1256/968/1729 1315/967/1794
f 1315/967/1794 1256/968/1729 1316/969/1795
f 1256/968/1729 1317/970/1796 1316/969/1795
f 1316/969/1795 1317/970/1796 1197/914/1670
f 1317/970/1796 1318/971/1797 1197/914/1670
f 1197/914/1670 1318/971/1797 1195/912/1668
f 1228/944/1701 1230/946/1703 1319/977/1798
f 1230/946/1703 1268/976/1741 1319/977/1798
f 1319/977/1798 1268/976/1741 1320/975/1799
f 1268/976/1741 1321/974/1800 1320/975/1799
f 1320/975/1799 1321/974/1800 1322/973/1801
f 1321/974/1800 1323/972/1802 1322/973/1801
f 1322/973/1801 1323/972/1802 1222/938/1695
f 1323/972/1802 1220/936/1693 1222/938/1695
f 1324/996/1803 1268/976/1741 1325/997/1804
f 1325/997/1804 1268/976/1741 1326/996/1805
f 1268/976/1741 1266/974/1739 1326/996/1805
f 1326/996/1805 1266/974/1739 1327/998/1806
f 1266/974/1739 1264/972/1737 1327/998/1806
f 1327/998/1806 1264/972/1737 1328/999/1807
f 1264/972/1737 1217/936/1735 1328/999/1807
f 1328/999/1807 1217/936/1735 1219/1000/1808
f 1242/980/1747 1244/993/1809 1273/979/1746
f 1244/993/1809 1329/994/1810 1273/979/1746
f 1273/979/1746 1329/994/1810 1272/978/1745
f 1329/994/1810 1330/941/1811 1272/978/1745
f 1272/978/1745 1330/941/1811 1271/943/1744
f 1330/941/1811 1331/942/1812 1271/943/1744
f 1271/943/1744 1331/942/1812 1270/944/1743
f 1331/942/1812 1269/977/1742 1270/944/1743
f 1240/1001/1813 1332/983/1814 1242/957/1715
f 1242/957/1715 1332/983/1814 1243/958/1716
f 1332/983/1814 1298/919/1774 1243/958/1716
f 1243/958/1716 1298/919/1774 1246/961/1719
f 1298/919/1774 1333/1002/1815 1246/961/1719
f 1246/961/1719 1333/1002/1815 1248/963/1721
f 1333/1002/1815 1300/921/1776 1248/963/1721
f 1248/963/1721 1300/921/1776 1250/923/1723
f 1279/960/1755 1281/958/1757 1312/959/1816
f 1312/959/1816 1281/958/1757 1310/957/1817
f 1281/958/1757 1282/983/1758 1310/957/1817
f 1310/957/1817 1282/983/1758 1308/1001/1818
f 1282/983/1758 1283/984/1759 1308/1001/1818
f 1192/909/1665 1308/1001/1818 1283/984/1759
f 1192/909/1665 1283/984/1759 1193/910/1666
f 1217/933/1690 1262/982/1819 1215/931/1688
f 1262/982/1819 1247/962/1720 1215/931/1688
f 1215/931/1688 1247/962/1720 1334/991/1820
f 1247/962/1720 1249/925/1722 1334/991/1820
f 1334/991/1820 1249/925/1722 1213/927/1686
f 1249/925/1722 1209/926/1682 1213/927/1686
f 1213/927/1686 1209/926/1682 1211/928/1684
f 1205/922/1678 1314/965/1793 1203/920/1676
f 1314/965/1793 1315/967/1794 1203/920/1676
f 1203/920/1676 1315/967/1794 1201/1003/1821
f 1315/967/1794 1316/969/1795 1201/1003/1821
f 1201/1003/1821 1316/969/1795 1199/916/1672
f 1316/969/1795 1197/914/1670 1199/916/1672
f 1268/976/1741 1324/996/1803 1321/974/1800
f 1324/996/1803 1335/998/1822 1321/974/1800
f 1321/974/1800 1335/998/1822 1323/972/1802
f 1335/998/1822 1336/999/1823 1323/972/1802
f 1323/972/1802 1336/999/1823 1220/936/1693
f 1336/999/1823 1337/1000/1824 1220/936/1693
f 1225/1004/1825 1338/1005/1826 1227/1006/1827
f 1227/1006/1827 1338/1005/1826 1284/1007/1828
f 1338/1005/1826 1339/1008/1829 1284/1007/1828
f 1284/1007/1828 1339/1008/1829 1340/1009/1830
f 1339/1008/1829 1341/1010/1831 1340/1009/1830
f 1340/1009/1830 1341/1010/1831 1342/1011/1832
f 1225/1012/1833 1313/1013/1834 1338/1014/1835
f 1313/1013/1834 1311/1015/1836 1338/1014/1835
f 1338/1014/1835 1311/1015/1836 1339/1016/1837
f 1311/1015/1836 1309/1017/1838 1339/1016/1837
f 1339/1016/1837 1309/1017/1838 1341/1018/1839
f 1309/1017/1838 1307/1019/1840 1341/1018/1839
f 1244/993/1809 1245/995/1841 1329/994/1810
f 1245/995/1841 1343/939/1842 1329/994/1810
f 1329/994/1810 1343/939/1842 1330/941/1811
f 1343/939/1842 1344/940/1843 1330/941/1811
f 1330/941/1811 1344/940/1843 1331/942/1812
f 1344/940/1843 1269/977/1742 1331/942/1812
f 1267/975/1740 1269/977/1742 1265/973/1738
f 1269/977/1742 1344/940/1843 1265/973/1738
f 1265/973/1738 1344/940/1843 1263/938/1736
f 1344/940/1843 1343/939/1842 1263/938/1736
f 1263/938/1736 1343/939/1842 1262/937/1734
f 1343/939/1842 1245/995/1841 1262/937/1734
f 1251/922/1724 1299/920/1775 1253/965/1726
f 1253/965/1726 1299/920/1775 1255/967/1728
f 1299/920/1775 1297/1003/1844 1255/967/1728
f 1255/967/1728 1297/1003/1844 1257/969/1730
f 1297/1003/1844 1295/916/1771 1257/969/1730
f 1257/969/1730 1295/916/1771 1259/914/1732
f 1285/948/1761 1345/986/1845 1286/985/1762
f 1286/985/1762 1345/986/1845 1317/1020/1846
f 1345/986/1845 1342/987/1847 1317/1020/1846
f 1317/1020/1846 1342/987/1847 1346/1021/1848
f 1342/987/1849 1347/988/1765 1346/1021/1848
f 1293/913/1669 1294/915/1671 1292/910/1770
f 1292/910/1770 1294/915/1671 1348/984/1850
f 1294/915/1671 1296/917/1772 1348/984/1850
f 1348/984/1850 1296/917/1772 1332/983/1814
f 1296/917/1772 1298/919/1774 1332/983/1814
f 1228/944/1701 1319/977/1798 1226/942/1699
f 1226/942/1699 1319/977/1798 1224/940/1697
f 1319/977/1798 1322/973/1801 1224/940/1697
f 1224/940/1697 1322/973/1801 1222/938/1695
f 1204/921/1677 1202/919/1675 1349/1002/1851
f 1202/919/1675 1280/961/1756 1349/1002/1851
f 1349/1002/1851 1280/961/1756 1301/963/1777
f 1280/961/1756 1278/962/1754 1301/963/1777
f 1286/985/1762 1258/1020/1852 1287/986/1763
f 1287/986/1763 1258/1020/1852 1288/987/1764
f 1258/1020/1852 1350/1021/1853 1288/987/1764
f 1288/987/1764 1350/1021/1853 1289/988/1765
f 1304/992/1780 1303/930/1779 1274/981/1748
f 1274/981/1748 1303/930/1779 1275/932/1749
f 1303/930/1779 1277/931/1752 1275/932/1749
f 1292/910/1770 1348/984/1850 1241/909/1768
f 1241/909/1768 1348/984/1850 1240/1001/1813
f 1348/984/1850 1332/983/1814 1240/1001/1813
f 1284/949/1760 1340/950/1854 1285/948/1761
f 1285/948/1761 1340/950/1854 1345/986/1845
f 1340/950/1854 1342/987/1847 1345/986/1845
f 1306/989/1783 1347/988/1765 1307/954/1785
f 1307/954/1785 1347/988/1765 1341/952/1855
f 1347/988/1765 1342/987/1849 1341/952/1855
f 1317/970/1796 1256/968/1729 1286/1022/1856
f 1286/1022/1856 1256/968/1729 1258/970/1731
f 1210/927/1683 1208/925/1681 1302/991/1778
f 1322/973/1801 1319/977/1798 1320/975/1799
f 1313/994/1791 1225/941/1698 1223/939/1696
f 1317/970/1796 1346/1023/1767 1318/971/1797
f 1258/970/1731 1260/971/1733 1350/1023/1857
f 1333/1002/1815 1298/919/1774 1300/921/1776
f 1213/927/1686 1215/931/1688 1334/991/1820
f 1209/926/1682 1249/925/1722 1207/924/1680
f 1247/962/1720 1262/982/1819 1245/960/1718
f 1204/921/1677 1349/1002/1851 1301/963/1777
f 1220/933/1751 1337/935/1858 1276/934/1750
