# Blender 4.4.1
# www.blender.org
mtllib ambolla_fill.mtl
o Cube
v 0.998135 1.328124 -0.359388
v 0.802930 0.092807 -0.424907
v 1.073042 1.378350 0.254440
v 0.807278 0.095932 0.378679
v 0.000125 1.439337 -0.638222
v 0.000125 0.072612 -0.742933
v 0.000062 1.405633 0.345681
v 0.000125 0.074696 0.695458
v 0.927011 -1.193554 -0.439470
v 0.927012 -1.193554 0.391163
v 0.000125 -1.434501 -0.642922
v 0.000125 -1.434501 0.594616
v 1.091607 -2.349058 -0.439820
v 1.092027 -2.345608 0.390691
v 0.354106 -2.455514 -0.523658
v 0.354106 -2.455514 0.475352
v 0.548885 -3.600055 -0.475742
v 0.548885 -3.600055 0.427434
v 1.220770 -3.578627 -0.399628
v 1.220770 -3.578628 0.351322
v 0.896141 -5.560784 -0.284073
v 0.906577 -5.669196 0.302858
v 1.283726 -5.559291 -0.240264
v 1.318414 -5.667609 0.241302
v 0.941363 0.591543 -0.385589
v 0.000125 0.705039 0.607302
v 1.026548 0.652686 0.335422
v 0.000125 0.704562 -0.705697
v 1.459767 1.217689 -0.235470
v 1.530076 1.270024 0.161636
v 1.540386 0.787651 -0.307024
v 1.637026 0.858037 0.200843
v 1.673383 -1.598456 -0.121668
v 1.681104 -1.905877 0.260941
v 1.928935 -1.594479 -0.128889
v 1.964154 -1.897176 0.251730
v 1.605894 -2.249170 -0.112115
v 1.610363 -2.288982 0.155436
v 1.791883 -2.254525 -0.115800
v 1.796225 -2.292357 0.151428
v 1.922644 -0.424520 0.165333
v 1.901866 -0.390306 -0.245735
v 1.521733 -0.497586 0.195511
v 1.502751 -0.462836 -0.216085
v 1.017973 -6.204063 -0.178688
v 0.992167 -6.232654 0.253977
v 1.255073 -6.203151 -0.160823
v 1.308301 -6.231437 0.206334
v 1.045698 -6.004518 0.603643
v 1.361830 -6.003301 0.532179
v 1.046576 -6.232444 0.603643
v 1.362708 -6.231227 0.532179
v 1.098926 -6.032804 0.654882
v 1.336026 -6.031891 0.601283
v 1.099585 -6.203748 0.654882
v 1.336684 -6.202835 0.601283
v 0.544024 1.681878 0.049292
v 0.004742 1.692678 0.122814
v 0.525825 1.731790 -0.237584
v 0.000623 1.795998 -0.392327
v 0.431601 1.952871 0.031484
v 0.013508 1.924005 0.086849
v 0.360707 1.998913 -0.228874
v 0.005164 2.056432 -0.350719
v 0.554549 2.366275 0.018598
v 0.570615 2.398769 0.452782
v 0.399000 2.364946 -0.237325
v 0.006926 2.426825 -0.363919
v 0.473484 2.835702 0.017280
v 0.010115 2.974580 0.014109
v 0.373739 2.733820 -0.210432
v 0.005087 2.816746 -0.274328
v 0.607841 2.222278 0.167076
v 0.019404 2.164855 0.185047
v 0.599506 3.229631 0.157441
v 0.019531 3.373779 0.173494
v 0.742135 2.645243 0.159212
v 0.008810 1.815603 0.042741
v 0.019854 2.392069 0.504689
v 0.545257 3.202508 0.442227
v 0.019854 3.262266 0.492962
v 0.631833 2.726086 0.488450
v 0.019854 2.740044 0.582124
v 0.003621 1.903391 -0.304740
v 0.361679 1.862828 -0.205298
v 0.374797 1.816488 -0.014009
v 1.608631 -2.395442 -0.076969
v 1.611114 -2.392244 0.124133
v 1.744012 -2.400916 -0.079593
v 1.746653 -2.394258 0.121383
v 1.688160 -2.224776 0.202626
v 1.930851 -2.225239 0.195710
v 1.687752 -1.974933 -0.115112
v 1.900402 -1.983054 -0.119164
v 1.763386 -2.281400 0.489094
v 1.960853 -2.278281 0.482900
v 1.930841 -2.351015 0.421844
v 1.746255 -2.353244 0.428004
v 1.822919 -2.330441 0.507822
v 1.888636 -2.329333 0.505721
v 1.878729 -2.352805 0.484449
v 1.817064 -2.353793 0.486546
v -1.004712 1.337091 -0.361438
v -0.802680 0.092807 -0.424907
v -1.049752 1.369308 0.250890
v -0.807028 0.095932 0.378679
v -0.926762 -1.193554 -0.439470
v -0.926762 -1.193554 0.391163
v -1.090847 -2.368668 -0.439081
v -1.090377 -2.371365 0.391662
v -0.353856 -2.455514 -0.523658
v -0.353856 -2.455514 0.475352
v -0.548635 -3.600055 -0.475742
v -0.548635 -3.600055 0.427434
v -1.220520 -3.578627 -0.399628
v -1.220520 -3.578627 0.351322
v -0.895891 -5.560785 -0.284073
v -0.906327 -5.669197 0.302858
v -1.283476 -5.559292 -0.240264
v -1.318164 -5.667610 0.241302
v -0.944659 0.595016 -0.386069
v -1.005809 0.641515 0.333809
v -1.467285 1.234705 -0.241161
v -1.510182 1.270256 0.154693
v -1.552859 0.804478 -0.310900
v -1.621221 0.858220 0.195345
v -1.694915 -1.651328 -0.119653
v -1.700590 -2.001058 0.264555
v -1.947887 -1.647800 -0.126835
v -1.983657 -2.007987 0.255937
v -1.606960 -2.341290 -0.108627
v -1.608504 -2.382492 0.158976
v -1.792522 -2.348039 -0.112262
v -1.794052 -2.392777 0.155229
v -1.878694 -0.448803 0.188858
v -1.857751 -0.414680 -0.222121
v -1.494684 -0.512478 0.209938
v -1.474993 -0.478122 -0.201276
v -1.017723 -6.204063 -0.178688
v -0.991917 -6.232654 0.253977
v -1.254823 -6.203151 -0.160823
v -1.308051 -6.231436 0.206334
v -1.045448 -6.004518 0.603643
v -1.361580 -6.003300 0.532179
v -1.046326 -6.232444 0.603643
v -1.362458 -6.231227 0.532179
v -1.098676 -6.032804 0.654882
v -1.335776 -6.031891 0.601283
v -1.099335 -6.203748 0.654882
v -1.336434 -6.202836 0.601283
v -0.537188 1.683295 0.049765
v -0.522918 1.732818 -0.236942
v -0.404996 1.953360 0.031711
v -0.344856 1.999216 -0.228623
v -0.519869 2.366211 0.018536
v -0.530908 2.398769 0.452782
v -0.377223 2.364695 -0.237721
v -0.443448 2.835770 0.016814
v -0.356319 2.733695 -0.212202
v -0.569028 2.222273 0.167074
v -0.560469 3.229631 0.157440
v -0.703169 2.645243 0.159210
v -0.505550 3.202508 0.442227
v -0.592126 2.726086 0.488450
v -0.351307 1.863330 -0.204958
v -0.358977 1.816995 -0.013783
v -1.601444 -2.485506 -0.073560
v -1.603329 -2.485626 0.127668
v -1.737044 -2.491415 -0.076167
v -1.738734 -2.493562 0.125142
v -1.689795 -2.322703 0.206333
v -1.932131 -2.332873 0.199783
v -1.704098 -2.070082 -0.111507
v -1.914026 -2.074378 -0.115707
v -1.760975 -2.383785 0.492970
v -1.958304 -2.392135 0.487211
v -1.924325 -2.462190 0.426053
v -1.739851 -2.454370 0.431833
v -1.817520 -2.436189 0.511825
v -1.883198 -2.438867 0.509868
v -1.871998 -2.461665 0.488570
v -1.810375 -2.459073 0.490531
v 0.250423 -2.469161 -0.303240
v 0.215862 -2.473709 -0.024153
v 0.250423 -2.469161 0.254933
v 0.654341 0.086518 -0.569270
v 0.461085 0.079925 -0.668073
v 0.238050 0.074723 -0.724798
v 0.825750 0.524055 -0.386168
v 0.791888 0.432176 -0.397564
v 0.788612 0.293470 -0.411934
v 0.000125 0.871177 0.553024
v 0.000125 1.056066 0.487545
v 0.000125 1.241683 0.416594
v 0.876612 0.560736 0.341346
v 0.819178 0.451950 0.353888
v 0.798755 0.300780 0.367385
v 0.000125 0.563315 -0.713962
v 0.000125 0.431885 -0.724132
v 0.000125 0.278806 -0.734394
v 0.784670 1.372811 0.309332
v 0.508355 1.376650 0.333206
v 0.254932 1.396379 0.343291
v 1.113366 1.392541 -0.195367
v 1.159070 1.420524 -0.038462
v 1.155170 1.421768 0.112280
v 0.240156 0.077115 0.677459
v 0.464891 0.082920 0.621064
v 0.659030 0.089920 0.522671
v 0.348111 1.929158 0.061218
v 0.247131 1.924664 0.076376
v 0.133653 1.924054 0.084475
v 0.252320 1.425650 -0.616665
v 0.499042 1.392013 -0.559041
v 0.735627 1.349653 -0.474727
v 0.896955 0.099181 0.190179
v 0.925850 0.099548 -0.022959
v 0.894372 0.097326 -0.236176
v 0.000125 -1.673177 -0.345758
v 0.000125 -1.725972 -0.024153
v 0.000125 -1.673177 0.297451
v 0.761787 -1.216850 -0.583482
v 0.547112 -1.253188 -0.670785
v 0.298779 -1.309641 -0.697579
v 0.298779 -1.309640 0.649273
v 0.547112 -1.253188 0.622477
v 0.761787 -1.216849 0.535176
v 1.027930 -1.179975 0.197054
v 1.061569 -1.175449 -0.024153
v 1.027930 -1.179975 -0.245360
v 0.825982 -0.178039 -0.433327
v 0.855098 -0.499984 -0.437650
v 0.889150 -0.847125 -0.439242
v 0.000125 -0.955762 -0.727859
v 0.000125 -0.557918 -0.745053
v 0.000125 -0.209777 -0.747619
v 0.000125 -0.208900 0.699662
v 0.000125 -0.557657 0.696850
v 0.000125 -0.955729 0.679565
v 0.889218 -0.847076 0.390968
v 0.855642 -0.499593 0.389603
v 0.827817 -0.176721 0.385897
v 0.924428 -2.379022 -0.581324
v 0.722754 -2.406996 -0.653093
v 0.521149 -2.433530 -0.639151
v 0.521149 -2.433530 0.590844
v 0.722755 -2.406991 0.604787
v 0.924670 -2.377063 0.532843
v 1.195600 -2.322102 0.196207
v 1.229911 -2.314404 -0.025121
v 1.195283 -2.324585 -0.246118
v 0.174444 -1.696891 0.519784
v 0.257468 -1.951342 0.488279
v 0.312672 -2.208263 0.476967
v 1.049442 -2.089570 0.390819
v 1.006558 -1.812937 0.390896
v 0.966374 -1.516712 0.391090
v 0.174444 -1.696891 -0.568091
v 0.257468 -1.951342 -0.536585
v 0.312672 -2.208262 -0.525275
v 1.049448 -2.090786 -0.439768
v 1.007969 -1.816078 -0.439593
v 0.967495 -1.518098 -0.439471
v 0.454400 -3.603068 -0.276467
v 0.422905 -3.604072 -0.024153
v 0.454400 -3.603068 0.228161
v 1.068546 -3.583483 -0.527827
v 0.884827 -3.589341 -0.592759
v 0.701108 -3.595200 -0.580155
v 0.701108 -3.595200 0.531848
v 0.884827 -3.589342 0.544453
v 1.068546 -3.583483 0.479520
v 1.315253 -3.575615 0.175833
v 1.346749 -3.574610 -0.024153
v 1.315253 -3.575615 -0.224139
v 1.131038 -2.599804 -0.439112
v 1.165413 -2.868917 -0.434609
v 1.194211 -3.185957 -0.422662
v 0.482379 -3.224618 -0.503444
v 0.432103 -2.932337 -0.517669
v 0.391523 -2.687780 -0.522909
v 0.391523 -2.687780 0.474603
v 0.432103 -2.932337 0.469363
v 0.482379 -3.224620 0.455136
v 1.194944 -3.184968 0.374331
v 1.167495 -2.864814 0.385947
v 1.132560 -2.594770 0.390113
v 0.841583 -5.562447 -0.168482
v 0.823033 -5.572686 -0.016997
v 0.840940 -5.601089 0.145751
v 1.195913 -5.559630 -0.314053
v 1.089934 -5.560038 -0.351425
v 0.983954 -5.560447 -0.344170
v 0.996971 -5.566328 0.365008
v 1.105282 -5.538108 0.366587
v 1.216691 -5.565481 0.326840
v 1.355398 -5.599109 0.107267
v 1.361587 -5.570612 -0.019522
v 1.338878 -5.560534 -0.138680
v 0.634993 -4.078485 0.384858
v 0.731455 -4.617393 0.338385
v 0.825751 -5.159562 0.303036
v 1.286463 -5.157492 0.245637
v 1.264088 -4.612987 0.276644
v 1.243291 -4.068194 0.315842
v 0.634842 -4.077182 -0.432317
v 0.730248 -4.606965 -0.379907
v 0.821786 -5.123476 -0.327498
v 1.274102 -5.121438 -0.276371
v 1.260550 -4.602568 -0.319947
v 1.242847 -4.066893 -0.363523
v 0.978097 1.170605 -0.442106
v 0.951212 1.007324 -0.470198
v 0.932211 0.823206 -0.460317
v 0.000125 0.282621 0.686823
v 0.000125 0.436891 0.671538
v 0.000125 0.567650 0.646173
v 1.076583 1.237564 0.340724
v 1.057323 1.080681 0.379821
v 1.038954 0.898524 0.386651
v 0.000125 1.266582 -0.672610
v 0.000125 1.072656 -0.690920
v 0.000125 0.878377 -0.699749
v 0.237481 0.702264 -0.682589
v 0.469785 0.692621 -0.618982
v 0.694088 0.668750 -0.522585
v 0.984502 0.475065 -0.197593
v 1.013295 0.460961 -0.016931
v 1.028154 0.506593 0.160837
v 0.741722 0.700164 0.456322
v 0.486951 0.700379 0.537703
v 0.246123 0.704781 0.589151
v 1.490889 1.245220 -0.154152
v 1.521270 1.269909 -0.036041
v 1.534145 1.277430 0.081424
v 1.470695 1.174365 -0.269671
v 1.487813 1.093891 -0.298391
v 1.511435 0.969618 -0.309890
v 1.553477 1.235907 0.187760
v 1.584359 1.165453 0.205441
v 1.616111 1.046776 0.207278
v 1.620956 0.828843 -0.196195
v 1.669732 0.858594 -0.058796
v 1.677177 0.869857 0.081473
v 1.288449 1.328787 0.242947
v 1.411568 1.301669 0.225118
v 1.487721 1.282040 0.195316
v 1.411005 1.224989 -0.263954
v 1.327173 1.239379 -0.292097
v 1.202863 1.267042 -0.318290
v 1.262767 0.727201 0.339608
v 1.429535 0.782561 0.324136
v 1.552768 0.826505 0.280736
v 1.434649 0.740605 -0.373458
v 1.304005 0.691420 -0.401279
v 1.146714 0.643271 -0.402026
v 1.637887 -1.645647 -0.046283
v 1.625791 -1.709645 0.048201
v 1.637766 -1.792267 0.151584
v 1.965199 -1.637296 -0.056052
v 1.981642 -1.698844 0.037085
v 1.981555 -1.780700 0.140461
v 1.744451 -1.874110 0.309184
v 1.819122 -1.864873 0.320401
v 1.894575 -1.869203 0.304127
v 1.871731 -1.570009 -0.172666
v 1.801281 -1.560361 -0.185987
v 1.731104 -1.569753 -0.168910
v 1.926697 -0.823421 0.177966
v 1.894360 -1.219739 0.199601
v 1.919744 -1.564773 0.218174
v 1.783065 -0.060871 -0.265630
v 1.640416 0.242763 -0.278978
v 1.569737 0.535998 -0.294416
v 1.572049 -0.868217 0.200651
v 1.587325 -1.242865 0.214554
v 1.634502 -1.579411 0.229366
v 1.572864 -0.785949 -0.189360
v 1.599985 -1.107913 -0.158597
v 1.632739 -1.384530 -0.135468
v 1.580751 -2.257534 -0.050966
v 1.573270 -2.268534 0.022393
v 1.583210 -2.279653 0.095381
v 1.819058 -2.265753 -0.055711
v 1.828953 -2.277086 0.017199
v 1.821387 -2.285649 0.090382
v 1.653100 -2.294922 0.192128
v 1.704127 -2.297255 0.203542
v 1.754736 -2.296305 0.189901
v 1.749103 -2.246918 -0.152594
v 1.698023 -2.243317 -0.164140
v 1.647376 -2.243977 -0.150595
v 1.672501 -2.228113 0.168747
v 1.651277 -2.241615 0.156822
v 1.629127 -2.262356 0.154154
v 1.977477 -2.183042 0.203278
v 1.998339 -2.130631 0.216721
v 1.998018 -2.049237 0.232991
v 1.667738 -2.040985 -0.115506
v 1.645324 -2.112565 -0.114776
v 1.623581 -2.183110 -0.113495
v 1.872370 -2.047876 -0.119501
v 1.842589 -2.119139 -0.118654
v 1.814481 -2.189350 -0.117256
v 1.642784 0.587003 0.194561
v 1.679995 0.262106 0.185947
v 1.813284 -0.065152 0.171707
v 1.907968 -1.374499 -0.145289
v 1.909887 -1.084697 -0.173710
v 1.930546 -0.740984 -0.212077
v 1.169025 0.403960 0.259702
v 1.258304 0.123853 0.227166
v 1.401119 -0.167717 0.205289
v 1.107252 0.361488 -0.298195
v 1.227016 0.110737 -0.257342
v 1.373472 -0.162950 -0.234979
v 1.804680 -0.402566 -0.296247
v 1.693832 -0.420905 -0.307311
v 1.587139 -0.442092 -0.280161
v 1.454930 -0.480242 -0.119265
v 1.443134 -0.492867 -0.005576
v 1.465199 -0.499282 0.105862
v 1.611864 -0.486479 0.247058
v 1.720961 -0.468353 0.258301
v 1.830631 -0.446586 0.230610
v 1.980749 -0.405419 0.066985
v 1.997200 -0.392089 -0.047325
v 1.969174 -0.386760 -0.157767
v 1.000098 -6.217210 -0.114270
v 0.987017 -6.227793 -0.007941
v 0.985148 -6.232071 0.121513
v 1.206906 -6.215803 -0.185237
v 1.136594 -6.222337 -0.201663
v 1.066235 -6.216345 -0.196751
v 1.063915 -6.264430 0.243183
v 1.150399 -6.274782 0.230156
v 1.236801 -6.263764 0.217128
v 1.299589 -6.230862 0.094860
v 1.289611 -6.226628 -0.012739
v 1.273474 -6.216156 -0.103355
v 0.909965 -5.936016 0.277539
v 0.921364 -6.084298 0.267672
v 0.946126 -6.176858 0.261272
v 1.352991 -6.175291 0.199974
v 1.370601 -6.082568 0.200119
v 1.362599 -5.934274 0.209765
v 0.944328 -5.868644 -0.255125
v 0.974688 -6.059525 -0.232178
v 0.998425 -6.161971 -0.205544
v 1.272917 -6.160915 -0.179894
v 1.286215 -6.058324 -0.198744
v 1.288912 -5.867315 -0.216400
v 1.117198 -5.972189 0.587452
v 1.203600 -5.961172 0.567911
v 1.290083 -5.971523 0.548370
v 1.118323 -6.264220 0.587452
v 1.204807 -6.274572 0.567911
v 1.291208 -6.263555 0.548370
v 1.001441 -6.056329 0.613692
v 0.986862 -6.118709 0.617043
v 1.001921 -6.180975 0.613692
v 1.406966 -6.179417 0.522130
v 1.421544 -6.117035 0.518780
v 1.406486 -6.054768 0.522129
v 1.322554 -5.882713 0.329806
v 1.335328 -5.968740 0.407301
v 1.349592 -5.999014 0.477081
v 1.350382 -6.231275 0.476318
v 1.335504 -6.231332 0.401191
v 1.320627 -6.231389 0.310097
v 0.974299 -5.884054 0.397952
v 1.010166 -5.969993 0.477833
v 1.032331 -6.000236 0.548429
v 1.004494 -6.232606 0.371511
v 1.019372 -6.232547 0.469678
v 1.034249 -6.232491 0.547409
v 1.147092 -6.020149 0.643983
v 1.217404 -6.013618 0.628083
v 1.287764 -6.019609 0.612183
v 1.147847 -6.216030 0.643983
v 1.218206 -6.222022 0.628083
v 1.288518 -6.215488 0.612183
v 1.081769 -6.067633 0.658790
v 1.073277 -6.118377 0.660755
v 1.082158 -6.169053 0.658790
v 1.353843 -6.168008 0.597375
v 1.362334 -6.117265 0.595411
v 1.353452 -6.066586 0.597375
v 1.055284 -6.231800 0.638238
v 1.065228 -6.227491 0.654763
v 1.081284 -6.216896 0.658042
v 1.080525 -6.019797 0.658042
v 1.064388 -6.009326 0.654763
v 1.054410 -6.005094 0.638238
v 1.353901 -6.018745 0.596243
v 1.366982 -6.008162 0.586360
v 1.368851 -6.003883 0.567157
v 1.354660 -6.215845 0.596243
v 1.367822 -6.226327 0.586360
v 1.369723 -6.230589 0.567157
v 0.447713 1.682700 0.089316
v 0.319389 1.684374 0.111514
v 0.167825 1.689609 0.120909
v 0.588761 1.714136 -0.162835
v 0.613469 1.699776 -0.084473
v 0.599100 1.688589 -0.010889
v 0.007943 1.791975 0.047688
v 0.007035 1.764345 0.062809
v 0.005993 1.731551 0.087931
v 0.154507 1.789423 -0.381330
v 0.299661 1.773223 -0.350101
v 0.426412 1.753382 -0.300968
v 0.000125 1.574938 -0.583917
v 0.000127 1.676840 -0.516850
v 0.000129 1.750460 -0.449000
v 0.610085 1.670513 -0.257766
v 0.714153 1.580248 -0.284042
v 0.844551 1.466044 -0.319734
v 0.887369 1.490719 0.190052
v 0.742706 1.566975 0.134556
v 0.629275 1.626621 0.087358
v 0.003258 1.646455 0.166981
v 0.001623 1.589476 0.219287
v 0.000254 1.514886 0.278794
v 0.407011 1.978644 -0.167686
v 0.432489 1.961440 -0.100666
v 0.440750 1.950842 -0.033303
v 0.384556 2.903531 0.017082
v 0.268923 2.948422 0.017812
v 0.143358 2.971114 0.014159
v 0.107281 2.052277 -0.341826
v 0.204623 2.039128 -0.317838
v 0.291321 2.020307 -0.279536
v 0.004016 1.929992 -0.310506
v 0.004329 1.961843 -0.322497
v 0.004676 2.002621 -0.337124
v 0.381315 1.838868 -0.206133
v 0.413171 1.812014 -0.211483
v 0.460674 1.776957 -0.222061
v 0.394697 1.793188 -0.010213
v 0.427657 1.765219 0.001205
v 0.476866 1.728364 0.020811
v 0.504645 2.927155 0.054637
v 0.540332 3.038342 0.081242
v 0.574668 3.146077 0.111030
v 0.454517 2.341360 -0.173030
v 0.492192 2.328031 -0.103006
v 0.521676 2.334100 -0.035890
v 0.556430 2.503106 0.018425
v 0.550922 2.630354 0.017925
v 0.526516 2.743325 0.017737
v 0.118037 2.422184 -0.354824
v 0.224412 2.409169 -0.329785
v 0.320758 2.388115 -0.290462
v 0.005828 2.126972 -0.360191
v 0.006496 2.213808 -0.365257
v 0.006929 2.314911 -0.366306
v 0.391136 2.251275 -0.238402
v 0.381414 2.149830 -0.237463
v 0.370730 2.065287 -0.234224
v 0.546115 2.238305 0.018709
v 0.527321 2.126464 0.019959
v 0.493151 2.033575 0.023511
v 0.473273 2.018068 0.066294
v 0.522618 2.085988 0.089619
v 0.570017 2.157272 0.119069
v 0.399866 2.742482 -0.168514
v 0.427064 2.755563 -0.106428
v 0.449618 2.782495 -0.040244
v 0.007592 2.922286 -0.057141
v 0.005862 2.891007 -0.139256
v 0.005365 2.859458 -0.215197
v 0.119924 2.812944 -0.266891
v 0.227784 2.798136 -0.256396
v 0.317993 2.765202 -0.233549
v 0.018326 2.100312 0.137861
v 0.016865 2.034689 0.111649
v 0.015190 1.974165 0.097527
v 0.006453 2.543237 -0.358009
v 0.005773 2.653497 -0.344347
v 0.005231 2.747433 -0.317772
v 0.389457 2.683200 -0.221303
v 0.399411 2.598184 -0.228434
v 0.402543 2.485629 -0.233538
v 0.496726 2.183913 0.172403
v 0.354767 2.167449 0.178300
v 0.192236 2.164035 0.183079
v 0.489127 3.307741 0.161659
v 0.349079 3.351116 0.166987
v 0.189252 3.369787 0.171556
v 0.600792 2.369177 0.401806
v 0.623878 2.328095 0.324457
v 0.626936 2.278700 0.240246
v 0.736255 2.803037 0.157551
v 0.716148 2.963597 0.156082
v 0.673383 3.111073 0.155736
v 0.739337 2.503945 0.160416
v 0.722044 2.384026 0.161696
v 0.681018 2.289429 0.163598
v 0.608303 3.269980 0.229370
v 0.599382 3.270138 0.313176
v 0.574553 3.240064 0.390745
v 0.760607 2.686852 0.233074
v 0.750743 2.710718 0.322315
v 0.709514 2.721406 0.412404
v 0.702541 2.580919 0.111488
v 0.650636 2.505191 0.081070
v 0.598342 2.428906 0.054569
v 0.013220 3.062257 0.062157
v 0.016271 3.173196 0.095275
v 0.018449 3.285929 0.127306
v 0.491032 2.392926 0.474138
v 0.360878 2.390168 0.492943
v 0.198549 2.390960 0.502375
v 0.467500 3.227616 0.463047
v 0.342439 3.249186 0.481418
v 0.188438 3.259758 0.490675
v 0.515188 2.730556 0.539121
v 0.367385 2.735099 0.567317
v 0.198812 2.738626 0.579499
v 0.623163 2.862719 0.485528
v 0.605176 3.001479 0.477393
v 0.576046 3.122911 0.461109
v 0.633273 2.608030 0.488992
v 0.623615 2.512707 0.483983
v 0.599576 2.441365 0.470177
v 0.019854 2.628582 0.582233
v 0.019854 2.535531 0.574203
v 0.019854 2.457742 0.550775
v 0.019854 3.144364 0.541211
v 0.019854 3.009456 0.567461
v 0.019854 2.870399 0.578752
v 0.019854 2.334938 0.432387
v 0.019854 2.281070 0.345127
v 0.019854 2.224760 0.257866
v 0.019854 3.413345 0.244821
v 0.019854 3.403918 0.331642
v 0.019854 3.351344 0.419342
v 0.012021 1.886991 0.073332
v 0.010775 1.859488 0.058939
v 0.009727 1.837014 0.047501
v 0.001449 1.828058 -0.350672
v 0.002309 1.854477 -0.323229
v 0.003054 1.878861 -0.308385
v 0.352899 1.950262 -0.221804
v 0.349240 1.914548 -0.214479
v 0.351596 1.886822 -0.208487
v 0.387241 1.893628 0.011697
v 0.369176 1.861388 -0.002068
v 0.365920 1.837768 -0.010948
v 0.308774 1.813690 0.014909
v 0.220950 1.813858 0.032142
v 0.118456 1.815811 0.040677
v 0.405316 1.849055 -0.156508
v 0.422617 1.836168 -0.104741
v 0.412788 1.824795 -0.055379
v 0.107773 1.900411 -0.297414
v 0.206396 1.890926 -0.277666
v 0.293297 1.877537 -0.246328
v 1.599217 -2.399795 -0.035854
v 1.594959 -2.401695 0.023926
v 1.600682 -2.398141 0.083469
v 1.754355 -2.405541 -0.038880
v 1.760112 -2.405789 0.020634
v 1.755966 -2.400914 0.080335
v 1.638807 -2.398003 0.138278
v 1.679088 -2.401137 0.144841
v 1.719231 -2.398993 0.136638
v 1.716236 -2.405570 -0.093692
v 1.675957 -2.406851 -0.100264
v 1.635922 -2.402323 -0.092136
v 1.780630 -2.322689 0.152284
v 1.769288 -2.353153 0.148234
v 1.757751 -2.378461 0.136426
v 1.754785 -2.384531 -0.095319
v 1.765991 -2.354281 -0.108220
v 1.776953 -2.310381 -0.113988
v 1.598702 -2.319647 0.156073
v 1.595663 -2.350188 0.151775
v 1.601392 -2.376022 0.139598
v 1.594984 -2.304380 -0.110415
v 1.592419 -2.348023 -0.104832
v 1.598536 -2.378907 -0.092268
v 1.676032 -2.054919 0.242555
v 1.674185 -2.133329 0.226022
v 1.676562 -2.184235 0.211876
v 1.820133 -2.266445 0.149821
v 1.851329 -2.246366 0.151986
v 1.887688 -2.231989 0.163127
v 1.697952 -1.747542 -0.114557
v 1.706743 -1.846863 -0.112581
v 1.702119 -1.915895 -0.113521
v 1.938656 -1.748595 -0.120090
v 1.936213 -1.851680 -0.117188
v 1.922732 -1.923357 -0.117707
v 1.947702 -2.153031 0.106114
v 1.947106 -2.085817 0.020560
v 1.932045 -2.028126 -0.057519
v 1.851031 -1.951755 -0.156698
v 1.792463 -1.939728 -0.168465
v 1.734682 -1.947283 -0.154570
v 1.659817 -2.022469 -0.051740
v 1.650759 -2.084123 0.027580
v 1.658806 -2.152231 0.113606
v 1.740896 -2.265181 0.232341
v 1.802117 -2.276238 0.238721
v 1.866529 -2.267222 0.228728
v 1.810984 -2.270578 0.496282
v 1.866537 -2.266335 0.497451
v 1.919880 -2.268845 0.492893
v 1.964057 -2.334023 0.434804
v 1.981671 -2.313956 0.451207
v 1.981373 -2.294217 0.468193
v 1.732188 -2.298103 0.476125
v 1.719001 -2.317872 0.459710
v 1.723723 -2.337470 0.442719
v 1.785207 -2.363000 0.418023
v 1.834117 -2.365909 0.413482
v 1.885251 -2.361684 0.414651
v 1.710605 -2.269485 0.278263
v 1.722934 -2.305726 0.338061
v 1.733334 -2.334383 0.388438
v 1.751926 -2.250080 0.453859
v 1.740121 -2.194850 0.403887
v 1.721447 -2.096955 0.341873
v 1.937919 -2.268368 0.271270
v 1.940087 -2.304839 0.331132
v 1.938007 -2.332839 0.381730
v 1.971152 -2.246738 0.447065
v 1.974532 -2.191135 0.396689
v 1.972212 -2.092113 0.334144
v 1.837058 -2.329770 0.507773
v 1.855968 -2.329332 0.507284
v 1.874793 -2.329136 0.506573
v 1.881979 -2.347743 0.488961
v 1.885218 -2.341005 0.495032
v 1.887791 -2.334306 0.501128
v 1.820392 -2.335432 0.503308
v 1.818459 -2.342101 0.497232
v 1.817190 -2.348787 0.491137
v 1.830186 -2.354022 0.485695
v 1.847707 -2.353859 0.484985
v 1.865311 -2.353456 0.484496
v 1.764435 -2.361659 0.455558
v 1.785020 -2.361882 0.472805
v 1.803951 -2.357969 0.482297
v 1.811862 -2.325846 0.511593
v 1.796015 -2.316869 0.513309
v 1.778745 -2.302459 0.507594
v 1.902627 -2.324333 0.508698
v 1.922401 -2.314761 0.509289
v 1.943331 -2.299771 0.502388
v 1.918297 -2.359246 0.450360
v 1.903160 -2.360009 0.468795
v 1.888815 -2.356641 0.479409
v -0.250173 -2.469161 -0.303240
v -0.215612 -2.473709 -0.024153
v -0.250173 -2.469161 0.254933
v -0.654091 0.086518 -0.569270
v -0.460836 0.079925 -0.668073
v -0.237800 0.074723 -0.724798
v -0.825936 0.524429 -0.386201
v -0.791638 0.432176 -0.397564
v -0.788362 0.293470 -0.411934
v -0.862310 0.551927 0.340806
v -0.810502 0.446171 0.353809
v -0.796778 0.299488 0.367422
v -0.768398 1.363729 0.308146
v -0.503741 1.373802 0.333254
v -0.254793 1.396236 0.343283
v -1.115342 1.401232 -0.198880
v -1.152724 1.424763 -0.042672
v -1.137692 1.418128 0.108087
v -0.239906 0.077115 0.677459
v -0.464641 0.082920 0.621064
v -0.658780 0.089920 0.522671
v -0.321510 1.929178 0.061227
v -0.220531 1.925026 0.076520
v -0.106896 1.923768 0.084364
v -0.252070 1.425650 -0.616665
v -0.498792 1.392013 -0.559041
v -0.737289 1.351320 -0.474885
v -0.896705 0.099181 0.190179
v -0.925600 0.099548 -0.022959
v -0.894122 0.097326 -0.236176
v -0.761537 -1.216850 -0.583482
v -0.546862 -1.253188 -0.670785
v -0.298529 -1.309640 -0.697579
v -0.298529 -1.309640 0.649273
v -0.546862 -1.253188 0.622477
v -0.761537 -1.216850 0.535176
v -1.027680 -1.179975 0.197054
v -1.061319 -1.175449 -0.024153
v -1.027680 -1.179975 -0.245360
v -0.825732 -0.178039 -0.433327
v -0.854848 -0.499984 -0.437650
v -0.888900 -0.847125 -0.439242
v -0.888968 -0.847076 0.390968
v -0.855392 -0.499593 0.389603
v -0.827567 -0.176721 0.385897
v -0.924024 -2.382202 -0.581204
v -0.722504 -2.406996 -0.653093
v -0.520899 -2.433531 -0.639151
v -0.520899 -2.433530 0.590844
v -0.722504 -2.407001 0.604787
v -0.923784 -2.383851 0.533098
v -1.193883 -2.367721 0.197930
v -1.228574 -2.366590 -0.023149
v -1.194263 -2.366121 -0.244549
v -0.174194 -1.696891 0.519784
v -0.257218 -1.951342 0.488279
v -0.312422 -2.208262 0.476967
v -1.052405 -2.106356 0.391451
v -1.011198 -1.823191 0.391294
v -0.967461 -1.518365 0.391169
v -0.174194 -1.696891 -0.568091
v -0.257218 -1.951342 -0.536585
v -0.312422 -2.208262 -0.525275
v -1.052297 -2.104776 -0.439239
v -1.010401 -1.821367 -0.439393
v -0.967265 -1.518121 -0.439470
v -0.454150 -3.603068 -0.276467
v -0.422655 -3.604072 -0.024153
v -0.454150 -3.603068 0.228161
v -1.068295 -3.583483 -0.527827
v -0.884577 -3.589342 -0.592759
v -0.700858 -3.595200 -0.580155
v -0.700858 -3.595200 0.531848
v -0.884577 -3.589342 0.544453
v -1.068295 -3.583483 0.479520
v -1.315004 -3.575615 0.175833
v -1.346499 -3.574610 -0.024153
v -1.315004 -3.575613 -0.224139
v -1.126499 -2.617231 -0.438451
v -1.161061 -2.877711 -0.434274
v -1.193843 -3.186121 -0.422654
v -0.482129 -3.224620 -0.503444
v -0.431853 -2.932337 -0.517669
v -0.391273 -2.687780 -0.522909
v -0.391273 -2.687780 0.474603
v -0.431853 -2.932337 0.469363
v -0.482129 -3.224618 0.455136
v -1.193214 -3.186962 0.374406
v -1.159176 -2.881179 0.386563
v -1.125183 -2.620844 0.391096
v -0.841333 -5.562449 -0.168482
v -0.822783 -5.572686 -0.016997
v -0.840690 -5.601089 0.145751
v -1.195665 -5.559630 -0.314053
v -1.089683 -5.560038 -0.351425
v -0.983704 -5.560447 -0.344170
v -0.996721 -5.566328 0.365008
v -1.105032 -5.538108 0.366587
v -1.216441 -5.565481 0.326840
v -1.355148 -5.599109 0.107267
v -1.361337 -5.570612 -0.019522
v -1.338630 -5.560534 -0.138680
v -0.634743 -4.078485 0.384858
v -0.731205 -4.617393 0.338385
v -0.825501 -5.159560 0.303036
v -1.286213 -5.157492 0.245637
v -1.263838 -4.612987 0.276644
v -1.243039 -4.068194 0.315842
v -0.634592 -4.077182 -0.432317
v -0.729998 -4.606965 -0.379907
v -0.821536 -5.123476 -0.327498
v -1.273852 -5.121440 -0.276371
v -1.260300 -4.602568 -0.319947
v -1.242597 -4.066893 -0.363523
v -0.985773 1.179561 -0.443767
v -0.958176 1.014957 -0.471454
v -0.937505 0.828790 -0.461144
v -1.048897 1.225521 0.337126
v -1.029130 1.067429 0.376644
v -1.010307 0.883559 0.384160
v -0.237231 0.702264 -0.682589
v -0.469535 0.692621 -0.618982
v -0.693838 0.668750 -0.522585
v -0.985492 0.477207 -0.198219
v -1.007607 0.458684 -0.017698
v -1.016366 0.500748 0.159709
v -0.727538 0.690742 0.456124
v -0.486482 0.700215 0.537708
v -0.245873 0.704781 0.589151
v -1.493917 1.260384 -0.160491
v -1.515988 1.280429 -0.042979
v -1.518846 1.281060 0.074403
v -1.480082 1.192144 -0.275089
v -1.498796 1.112107 -0.303470
v -1.525276 0.989283 -0.314690
v -1.533443 1.236140 0.180768
v -1.564326 1.165686 0.198449
v -1.596880 1.046998 0.200570
v -1.629923 0.845130 -0.201024
v -1.670895 0.870822 -0.064335
v -1.667662 0.874823 0.075803
v -1.262796 1.322014 0.237456
v -1.387945 1.298196 0.218706
v -1.468020 1.282247 0.188453
v -1.419339 1.241826 -0.269274
v -1.335696 1.255176 -0.296839
v -1.210846 1.280574 -0.322102
v -1.238088 0.716613 0.336338
v -1.406331 0.775347 0.319715
v -1.534579 0.824404 0.275537
v -1.447100 0.755668 -0.376472
v -1.314470 0.703504 -0.403514
v -1.154103 0.651542 -0.403450
v -1.661526 -1.707285 -0.043938
v -1.650789 -1.782717 0.050987
v -1.661554 -1.875892 0.154773
v -1.987338 -1.705927 -0.053419
v -2.005941 -1.784569 0.040361
v -2.005410 -1.881294 0.144294
v -1.764876 -1.969460 0.312809
v -1.839477 -1.961909 0.324081
v -1.915017 -1.972492 0.308052
v -1.888858 -1.614872 -0.170952
v -1.819207 -1.604909 -0.184284
v -1.750618 -1.617069 -0.167102
v -1.899601 -0.838338 0.192418
v -1.897460 -1.232453 0.201691
v -1.943909 -1.631404 0.220774
v -1.753506 -0.077158 -0.249852
v -1.634206 0.240252 -0.274839
v -1.578808 0.546716 -0.296462
v -1.554864 -0.877627 0.209768
v -1.593357 -1.254722 0.215686
v -1.659045 -1.638003 0.231655
v -1.550170 -0.798421 -0.177278
v -1.592542 -1.112217 -0.154625
v -1.644155 -1.405199 -0.134667
v -1.581221 -2.349391 -0.047489
v -1.572953 -2.359933 0.025853
v -1.582071 -2.371607 0.098862
v -1.819024 -2.357763 -0.052231
v -1.828188 -2.369779 0.020705
v -1.819858 -2.383159 0.094071
v -1.650744 -2.390901 0.195762
v -1.701531 -2.396061 0.207283
v -1.752193 -2.397009 0.193714
v -1.750238 -2.340893 -0.149037
v -1.699425 -2.337118 -0.160590
v -1.648771 -2.337077 -0.147071
v -1.674043 -2.325218 0.172424
v -1.652096 -2.337579 0.160455
v -1.628785 -2.357000 0.157737
v -1.981035 -2.295955 0.207551
v -2.004848 -2.245798 0.221080
v -2.009252 -2.165651 0.237399
v -1.680613 -2.136759 -0.111880
v -1.654151 -2.207067 -0.111199
v -1.628421 -2.276930 -0.109943
v -1.883292 -2.141664 -0.115951
v -1.850114 -2.213533 -0.115083
v -1.818481 -2.283656 -0.113688
v -1.633788 0.587106 0.191469
v -1.669905 0.257467 0.189951
v -1.782108 -0.082337 0.188356
v -1.917280 -1.394089 -0.144500
v -1.898579 -1.090920 -0.167734
v -1.896907 -0.759538 -0.194102
v -1.158044 0.398472 0.258679
v -1.253488 0.121176 0.228895
v -1.383368 -0.177442 0.214710
v -1.109478 0.363905 -0.298526
v -1.223844 0.109113 -0.255769
v -1.356534 -0.172223 -0.225995
v -1.765412 -0.424247 -0.275242
v -1.659254 -0.439981 -0.288831
v -1.556596 -0.458926 -0.263854
v -1.428419 -0.494835 -0.105127
v -1.417061 -0.507216 0.008325
v -1.439110 -0.513640 0.119772
v -1.582106 -0.502875 0.262943
v -1.687045 -0.487060 0.276424
v -1.791777 -0.468037 0.251392
v -1.932435 -0.432126 0.092859
v -1.947037 -0.419824 -0.020454
v -1.920835 -0.413482 -0.131878
v -0.999848 -6.217208 -0.114270
v -0.986767 -6.227794 -0.007941
v -0.984898 -6.232072 0.121513
v -1.206656 -6.215803 -0.185237
v -1.136344 -6.222337 -0.201663
v -1.065985 -6.216345 -0.196751
v -1.063666 -6.264430 0.243183
v -1.150149 -6.274782 0.230156
v -1.236551 -6.263763 0.217128
v -1.299339 -6.230861 0.094860
v -1.289362 -6.226627 -0.012739
v -1.273224 -6.216156 -0.103355
v -0.909715 -5.936016 0.277539
v -0.921114 -6.084298 0.267672
v -0.945876 -6.176858 0.261272
v -1.352741 -6.175290 0.199974
v -1.370351 -6.082568 0.200119
v -1.362349 -5.934274 0.209765
v -0.944078 -5.868646 -0.255125
v -0.974439 -6.059525 -0.232178
v -0.998175 -6.161971 -0.205544
v -1.272667 -6.160915 -0.179894
v -1.285965 -6.058324 -0.198744
v -1.288664 -5.867316 -0.216400
v -1.116948 -5.972189 0.587452
v -1.203350 -5.961172 0.567911
v -1.289833 -5.971524 0.548370
v -1.118073 -6.264220 0.587452
v -1.204557 -6.274572 0.567911
v -1.290958 -6.263555 0.548370
v -1.001191 -6.056329 0.613692
v -0.986612 -6.118709 0.617043
v -1.001671 -6.180975 0.613692
v -1.406716 -6.179417 0.522130
v -1.421294 -6.117035 0.518780
v -1.406236 -6.054768 0.522129
v -1.322304 -5.882713 0.329806
v -1.335078 -5.968740 0.407301
v -1.349341 -5.999014 0.477081
v -1.350131 -6.231275 0.476318
v -1.335254 -6.231332 0.401191
v -1.320377 -6.231389 0.310097
v -0.974050 -5.884054 0.397952
v -1.009916 -5.969993 0.477833
v -1.032081 -6.000236 0.548429
v -1.004244 -6.232606 0.371511
v -1.019122 -6.232549 0.469678
v -1.033999 -6.232491 0.547409
v -1.146842 -6.020151 0.643983
v -1.217154 -6.013618 0.628083
v -1.287514 -6.019609 0.612183
v -1.147597 -6.216030 0.643983
v -1.217956 -6.222022 0.628083
v -1.288268 -6.215488 0.612183
v -1.081518 -6.067632 0.658790
v -1.073026 -6.118375 0.660755
v -1.081908 -6.169053 0.658790
v -1.353593 -6.168008 0.597375
v -1.362084 -6.117265 0.595411
v -1.353202 -6.066586 0.597375
v -1.055034 -6.231801 0.638238
v -1.064978 -6.227491 0.654763
v -1.081034 -6.216898 0.658041
v -1.080275 -6.019797 0.658041
v -1.064137 -6.009326 0.654763
v -1.054160 -6.005094 0.638238
v -1.353651 -6.018745 0.596243
v -1.366732 -6.008162 0.586360
v -1.368601 -6.003882 0.567157
v -1.354410 -6.215845 0.596244
v -1.367572 -6.226327 0.586360
v -1.369473 -6.230590 0.567157
v -0.440335 1.682953 0.089391
v -0.310753 1.684449 0.111535
v -0.158517 1.689649 0.120920
v -0.584798 1.715916 -0.161868
v -0.608441 1.701965 -0.083458
v -0.593082 1.690700 -0.010063
v -0.153145 1.789452 -0.381307
v -0.298018 1.773280 -0.350058
v -0.424536 1.753335 -0.301001
v -0.608902 1.671832 -0.256964
v -0.715025 1.581410 -0.284127
v -0.848130 1.470498 -0.320600
v -0.872321 1.484978 0.188510
v -0.734334 1.565580 0.134649
v -0.624218 1.628605 0.088108
v -0.388771 1.978961 -0.167455
v -0.411997 1.961062 -0.100904
v -0.417554 1.950505 -0.033485
v -0.358003 2.903768 0.016328
v -0.246911 2.948919 0.016651
v -0.123153 2.971163 0.014058
v -0.096688 2.051851 -0.342270
v -0.192782 2.039441 -0.317528
v -0.277867 2.020097 -0.279729
v -0.372278 1.839623 -0.205634
v -0.406275 1.812122 -0.211413
v -0.455783 1.777255 -0.221872
v -0.380553 1.793982 -0.009870
v -0.415661 1.765947 0.001503
v -0.467497 1.728710 0.020941
v -0.472251 2.927268 0.054366
v -0.505525 3.038430 0.081128
v -0.537301 3.146125 0.110989
v -0.428568 2.341293 -0.173121
v -0.462420 2.328041 -0.102995
v -0.489077 2.334005 -0.035988
v -0.523580 2.502948 0.018198
v -0.518763 2.630249 0.017645
v -0.494951 2.743295 0.017403
v -0.103723 2.422023 -0.355173
v -0.208567 2.409127 -0.329869
v -0.302058 2.388102 -0.290485
v -0.369805 2.250965 -0.238787
v -0.361119 2.150117 -0.237164
v -0.352624 2.065591 -0.233948
v -0.511062 2.238368 0.018755
v -0.493795 2.126528 0.019997
v -0.462776 2.033579 0.023513
v -0.442185 2.017996 0.066261
v -0.487887 2.086028 0.089638
v -0.532945 2.157333 0.119098
v -0.379685 2.742394 -0.169955
v -0.403315 2.755518 -0.107454
v -0.422763 2.782502 -0.040968
v -0.109779 2.813046 -0.268900
v -0.217066 2.798221 -0.259267
v -0.303381 2.765158 -0.235744
v -0.372134 2.682943 -0.223024
v -0.381461 2.597729 -0.230058
v -0.381727 2.485484 -0.233860
v -0.457930 2.183909 0.172401
v -0.315973 2.167446 0.178299
v -0.153434 2.164034 0.183078
v -0.450081 3.307742 0.161659
v -0.310026 3.351118 0.166987
v -0.150193 3.369787 0.171556
v -0.561085 2.369177 0.401806
v -0.584171 2.328095 0.324457
v -0.587229 2.278700 0.240246
v -0.697264 2.803038 0.157549
v -0.677139 2.963598 0.156081
v -0.634358 3.111076 0.155735
v -0.700410 2.503943 0.160414
v -0.683066 2.384030 0.161698
v -0.642174 2.289425 0.163596
v -0.568596 3.269980 0.229370
v -0.559675 3.270138 0.313176
v -0.534846 3.240064 0.390745
v -0.720900 2.686852 0.233074
v -0.711036 2.710718 0.322315
v -0.669807 2.721405 0.412404
v -0.664585 2.580909 0.111472
v -0.614107 2.505153 0.081024
v -0.562855 2.428835 0.054495
v -0.451325 2.392926 0.474138
v -0.321171 2.390168 0.492943
v -0.158842 2.390960 0.502375
v -0.427793 3.227616 0.463047
v -0.302732 3.249186 0.481418
v -0.148731 3.259758 0.490675
v -0.475481 2.730556 0.539121
v -0.327678 2.735099 0.567317
v -0.159105 2.738626 0.579499
v -0.583456 2.862717 0.485528
v -0.565469 3.001477 0.477393
v -0.536339 3.122911 0.461109
v -0.593566 2.608030 0.488992
v -0.583908 2.512707 0.483983
v -0.559869 2.441364 0.470177
v -0.338872 1.950556 -0.221577
v -0.336602 1.914850 -0.214258
v -0.340099 1.887183 -0.208234
v -0.364860 1.894004 0.011868
v -0.349568 1.861709 -0.001922
v -0.348384 1.838125 -0.010786
v -0.292292 1.813502 0.014830
v -0.203735 1.814329 0.032329
v -0.101107 1.815265 0.040465
v -0.393606 1.849746 -0.156083
v -0.409719 1.836427 -0.104598
v -0.398127 1.825738 -0.054913
v -0.100406 1.899921 -0.297812
v -0.198269 1.891370 -0.277319
v -0.284332 1.877368 -0.246452
v -1.591530 -2.490995 -0.032401
v -1.586931 -2.493610 0.027407
v -1.592689 -2.490663 0.086972
v -1.746917 -2.497869 -0.035385
v -1.752266 -2.500926 0.024233
v -1.747938 -2.498929 0.084043
v -1.630609 -2.492981 0.141873
v -1.670653 -2.498206 0.148516
v -1.710933 -2.497833 0.140380
v -1.708962 -2.495864 -0.090274
v -1.668480 -2.496926 -0.096854
v -1.628505 -2.492365 -0.088727
v -1.776726 -2.423093 0.156084
v -1.763688 -2.452921 0.152010
v -1.750702 -2.478208 0.140201
v -1.748773 -2.474620 -0.091910
v -1.761563 -2.444727 -0.104798
v -1.774734 -2.402223 -0.110514
v -1.595081 -2.412429 0.159586
v -1.590284 -2.442742 0.155279
v -1.594530 -2.468867 0.143113
v -1.592909 -2.395615 -0.106962
v -1.587898 -2.438285 -0.101415
v -1.592312 -2.468560 -0.088873
v -1.687459 -2.152630 0.246254
v -1.681099 -2.230803 0.229712
v -1.680548 -2.281761 0.215568
v -1.819439 -2.366266 0.153599
v -1.851735 -2.345458 0.155736
v -1.888783 -2.333387 0.166964
v -1.721218 -1.822954 -0.111692
v -1.728129 -1.933685 -0.109284
v -1.721091 -2.008260 -0.110018
v -1.959312 -1.825225 -0.117171
v -1.954921 -1.938848 -0.113881
v -1.938855 -2.013711 -0.114286
v -1.953178 -2.262226 0.110247
v -1.956490 -2.194527 0.024675
v -1.944169 -2.129111 -0.053699
v -1.866536 -2.042485 -0.153259
v -1.809238 -2.031296 -0.164993
v -1.751848 -2.040426 -0.151039
v -1.673740 -2.118792 -0.048092
v -1.661006 -2.180332 0.031222
v -1.664895 -2.248787 0.117262
v -1.740079 -2.364880 0.236115
v -1.800658 -2.376846 0.242529
v -1.865627 -2.367571 0.232525
v -1.809108 -2.375742 0.500263
v -1.864809 -2.374733 0.501555
v -1.917926 -2.380335 0.497114
v -1.958408 -2.447521 0.439101
v -1.977094 -2.428844 0.455557
v -1.977896 -2.409235 0.472547
v -1.728888 -2.398649 0.479931
v -1.714613 -2.417621 0.463486
v -1.718233 -2.437357 0.446500
v -1.778247 -2.465799 0.421915
v -1.826982 -2.470843 0.417453
v -1.878239 -2.469917 0.418748
v -1.709455 -2.368411 0.282008
v -1.719536 -2.405339 0.341832
v -1.728148 -2.434582 0.392231
v -1.751431 -2.351856 0.457712
v -1.742962 -2.296035 0.407717
v -1.730138 -2.197226 0.345669
v -1.936615 -2.376654 0.275368
v -1.936605 -2.413372 0.335240
v -1.932744 -2.442713 0.385890
v -1.970496 -2.361246 0.451400
v -1.977208 -2.305935 0.401035
v -1.980778 -2.206949 0.338492
v -1.831675 -2.436337 0.511808
v -1.850580 -2.436995 0.511359
v -1.869386 -2.437891 0.510690
v -1.875523 -2.456831 0.493091
v -1.879134 -2.450298 0.499171
v -1.882077 -2.443787 0.505273
v -1.814718 -2.441026 0.507305
v -1.812418 -2.447528 0.501224
v -1.810777 -2.454121 0.495125
v -1.823466 -2.460033 0.489709
v -1.840971 -2.460869 0.489036
v -1.858564 -2.461538 0.488588
v -1.757464 -2.463691 0.459420
v -1.777947 -2.465281 0.476720
v -1.797049 -2.462487 0.486253
v -1.806745 -2.430907 0.515571
v -1.791437 -2.421087 0.517255
v -1.775046 -2.405699 0.511503
v -1.897450 -2.434676 0.512876
v -1.917741 -2.426320 0.513512
v -1.939522 -2.412570 0.506658
v -1.911220 -2.470175 0.454560
v -1.896009 -2.470221 0.472968
v -1.881854 -2.466092 0.483552
v 0.668969 1.489404 -0.428244
v 0.460924 1.529504 -0.510272
v 0.234515 1.561808 -0.564271
v 0.579535 1.607477 -0.379003
v 0.405350 1.639864 -0.452146
v 0.208171 1.666092 -0.499783
v 0.496026 1.694779 -0.336181
v 0.348497 1.721011 -0.396462
v 0.179533 1.741961 -0.435248
v 0.775902 0.873670 0.441779
v 0.799293 1.056022 0.414797
v 0.812780 1.226115 0.369057
v 0.504735 0.862216 0.499168
v 0.520506 1.042145 0.451633
v 0.526403 1.218757 0.394917
v 0.253624 0.868482 0.538616
v 0.259944 1.050347 0.477797
v 0.261665 1.232881 0.411090
v 0.245214 -0.206051 -0.730513
v 0.474838 -0.197340 -0.675748
v 0.673550 -0.187127 -0.578251
v 0.254574 -0.549226 -0.729873
v 0.492616 -0.531062 -0.678447
v 0.698001 -0.513563 -0.582706
v 0.268021 -0.931024 -0.719996
v 0.515346 -0.894213 -0.676466
v 0.727384 -0.866005 -0.583976
v 1.254168 1.335927 -0.186997
v 1.291877 1.369465 -0.032847
v 1.300100 1.369130 0.118113
v 1.362477 1.299630 -0.172857
v 1.393821 1.332348 -0.030433
v 1.407758 1.333062 0.110250
v 1.438829 1.273037 -0.159030
v 1.467248 1.301812 -0.031654
v 1.482569 1.305595 0.094426
v 0.245686 0.873181 -0.676561
v 0.253750 1.064090 -0.668054
v 0.257616 1.254760 -0.650136
v 0.485641 0.858086 -0.615982
v 0.500513 1.042955 -0.610280
v 0.509141 1.226117 -0.592366
v 0.714440 0.835195 -0.533777
v 0.732538 1.016972 -0.535707
v 0.747896 1.190888 -0.515030
v 0.800911 -1.543504 0.534201
v 0.590393 -1.580176 0.614673
v 0.364006 -1.629900 0.620564
v 0.842235 -1.843652 0.533340
v 0.638093 -1.877173 0.608019
v 0.429174 -1.914251 0.600134
v 0.883930 -2.120826 0.532951
v 0.682464 -2.152125 0.605190
v 0.480138 -2.182389 0.592006
v 0.675528 -0.185693 0.530664
v 0.476443 -0.196076 0.627990
v 0.246103 -0.205043 0.682614
v 0.698587 -0.513137 0.534612
v 0.493092 -0.530688 0.630303
v 0.254837 -0.548928 0.681688
v 0.727458 -0.865951 0.535696
v 0.515406 -0.894167 0.628179
v 0.268054 -0.930985 0.671704
v 0.919486 -0.172072 -0.241512
v 0.953428 -0.169385 -0.024042
v 0.920604 -0.171284 0.194123
v 0.953909 -0.491123 -0.244654
v 0.991763 -0.487271 -0.025324
v 0.954318 -0.490876 0.195738
v 0.988010 -0.835938 -0.245254
v 1.023651 -0.831748 -0.024591
v 0.988070 -0.835906 0.196906
v 0.558625 -2.669662 -0.638229
v 0.760298 -2.647798 -0.652151
v 0.962271 -2.624959 -0.580467
v 0.597808 -2.918894 -0.631776
v 0.797797 -2.902669 -0.645551
v 0.997832 -2.886362 -0.574593
v 0.643652 -3.215862 -0.614262
v 0.838292 -3.205293 -0.627640
v 1.032932 -3.194722 -0.558725
v 0.087461 -1.773163 0.282226
v 0.066770 -1.805578 -0.024153
v 0.087461 -1.773163 -0.330533
v 0.157509 -1.982570 0.263820
v 0.126800 -1.995974 -0.024153
v 0.157509 -1.982570 -0.312127
v 0.209554 -2.225348 0.256044
v 0.175509 -2.231418 -0.024153
v 0.209554 -2.225348 -0.304351
v 1.068567 -1.501285 -0.245449
v 1.101266 -1.494267 -0.024343
v 1.067001 -1.499171 0.196857
v 1.108279 -1.794236 -0.245769
v 1.141415 -1.785968 -0.024699
v 1.107306 -1.791793 0.196534
v 1.151189 -2.067131 -0.246011
v 1.184993 -2.058119 -0.024966
v 1.151315 -2.066535 0.196383
v 0.364006 -1.629900 -0.668871
v 0.590393 -1.580176 -0.662980
v 0.800911 -1.543504 -0.582507
v 0.429174 -1.914251 -0.648442
v 0.638093 -1.877173 -0.656325
v 0.842550 -1.844244 -0.581674
v 0.480138 -2.182390 -0.640312
v 0.682464 -2.152125 -0.653498
v 0.884038 -2.121593 -0.581354
v 1.105493 -4.069884 0.431896
v 0.939116 -4.072169 0.490692
v 0.772790 -4.075513 0.479345
v 1.143577 -4.608854 0.379105
v 0.997561 -4.605820 0.431121
v 0.851966 -4.611264 0.421553
v 1.181926 -5.136127 0.336997
v 1.054997 -5.122217 0.383148
v 0.929587 -5.137260 0.376117
v 0.963166 -2.622448 0.532019
v 0.760301 -2.647791 0.603843
v 0.558625 -2.669662 0.589922
v 0.998699 -2.884900 0.526242
v 0.797797 -2.902670 0.597245
v 0.597808 -2.918894 0.583469
v 1.032932 -3.194722 0.510417
v 0.838292 -3.205291 0.579333
v 0.643652 -3.215862 0.565956
v 0.287805 -2.699024 0.254514
v 0.253233 -2.702773 -0.024153
v 0.287805 -2.699024 -0.302822
v 0.329252 -2.940682 0.251586
v 0.294969 -2.943463 -0.024153
v 0.329252 -2.940682 -0.299894
v 0.382278 -3.230055 0.243638
v 0.348912 -3.231867 -0.024153
v 0.382278 -3.230055 -0.291944
v 1.236908 -2.577500 -0.245671
v 1.272781 -2.567046 -0.025025
v 1.237987 -2.573610 0.195952
v 1.271320 -2.852983 -0.243057
v 1.307600 -2.845104 -0.024658
v 1.273011 -2.849329 0.193945
v 1.295303 -3.179035 -0.236446
v 1.329998 -3.175157 -0.024245
v 1.296562 -3.177189 0.188016
v 1.365062 -6.177149 0.301705
v 1.380880 -6.097774 0.300535
v 1.368200 -5.992680 0.308478
v 1.379814 -6.178727 0.391645
v 1.394755 -6.110786 0.389029
v 1.380352 -6.035452 0.393937
v 1.394645 -6.179364 0.466331
v 1.409270 -6.116288 0.463073
v 1.394293 -6.052387 0.466618
v 0.549430 -4.079655 0.204415
v 0.520871 -4.079474 -0.023981
v 0.549345 -4.078673 -0.252183
v 0.656376 -4.615785 0.178748
v 0.631049 -4.610694 -0.022771
v 0.655703 -4.607946 -0.222750
v 0.759946 -5.148996 0.158510
v 0.737474 -5.132208 -0.019975
v 0.758242 -5.124806 -0.193117
v 1.328362 -4.065491 -0.204895
v 1.356950 -4.065326 -0.024036
v 1.328645 -4.066469 0.156959
v 1.335226 -4.602312 -0.181582
v 1.360797 -4.604645 -0.023216
v 1.337502 -4.610144 0.136245
v 1.338032 -5.122195 -0.158139
v 1.361495 -5.129398 -0.021348
v 1.345538 -5.146364 0.119218
v 0.772594 -4.074850 -0.526689
v 0.938845 -4.072038 -0.538082
v 1.105096 -4.069223 -0.479394
v 0.850394 -4.605969 -0.462162
v 0.995399 -4.604767 -0.472092
v 1.140404 -4.603564 -0.420940
v 0.924264 -5.123013 -0.397636
v 1.047944 -5.122458 -0.406103
v 1.171625 -5.121900 -0.362486
v 0.233048 0.280385 -0.714993
v 0.230902 0.432917 -0.703249
v 0.232336 0.563109 -0.691709
v 0.451780 0.284220 -0.655805
v 0.449572 0.434503 -0.641381
v 0.456483 0.559633 -0.627887
v 0.641966 0.288984 -0.555325
v 0.642742 0.434610 -0.539473
v 0.662494 0.548270 -0.526078
v 0.879108 0.296772 -0.227988
v 0.883524 0.429211 -0.218942
v 0.917942 0.497830 -0.210623
v 0.913607 0.300983 -0.021918
v 0.926197 0.436606 -0.020741
v 0.960432 0.497515 -0.019252
v 0.889502 0.304387 0.183949
v 0.909841 0.448562 0.176922
v 0.956552 0.526050 0.170561
v 0.650969 0.295457 0.509893
v 0.658489 0.445601 0.493226
v 0.692096 0.568409 0.474161
v 0.459022 0.289828 0.609367
v 0.460897 0.442688 0.592115
v 0.471588 0.569076 0.568436
v 0.237037 0.284800 0.667751
v 0.237007 0.438929 0.651607
v 0.240212 0.568953 0.626306
v 1.590064 1.009396 -0.196367
v 1.557385 1.127135 -0.186885
v 1.526780 1.201268 -0.168595
v 1.640312 1.040487 -0.056239
v 1.602291 1.154938 -0.050041
v 1.564603 1.226273 -0.042702
v 1.651370 1.054629 0.086361
v 1.613745 1.168933 0.088484
v 1.575525 1.237517 0.083755
v 1.275523 1.237781 0.320166
v 1.264064 1.108226 0.355328
v 1.257668 0.942433 0.359126
v 1.411571 1.234987 0.296239
v 1.415473 1.132550 0.328841
v 1.423214 0.987191 0.334210
v 1.500052 1.233828 0.255653
v 1.518664 1.151421 0.283392
v 1.539760 1.022244 0.288063
v 1.127117 0.847573 -0.430536
v 1.139465 1.017999 -0.432379
v 1.165257 1.158179 -0.398499
v 1.284995 0.885758 -0.413577
v 1.286743 1.037770 -0.406062
v 1.300943 1.153409 -0.368679
v 1.411103 0.927520 -0.379276
v 1.399686 1.063335 -0.367764
v 1.398666 1.158541 -0.331543
v 1.983672 -0.752403 -0.127654
v 2.000860 -0.772478 -0.022400
v 1.981032 -0.797750 0.085732
v 1.950551 -1.110763 -0.092608
v 1.960255 -1.146064 0.008167
v 1.940691 -1.185660 0.111879
v 1.946713 -1.408761 -0.068805
v 1.961359 -1.456072 0.027387
v 1.953372 -1.513906 0.129414
v 1.838848 -2.259144 0.201926
v 1.779079 -2.265910 0.214733
v 1.720544 -2.256156 0.205076
v 1.806798 -2.262751 0.190591
v 1.751911 -2.267193 0.204114
v 1.696964 -2.260293 0.193313
v 1.777603 -2.275554 0.188277
v 1.725578 -2.277996 0.201942
v 1.673107 -2.273687 0.190697
v 1.843810 -0.844972 0.238279
v 1.746359 -0.860737 0.262798
v 1.650317 -0.869412 0.250642
v 1.824128 -1.240218 0.255412
v 1.739586 -1.248918 0.276627
v 1.655764 -1.251956 0.263527
v 1.856758 -1.581172 0.272158
v 1.778260 -1.584176 0.291368
v 1.699597 -1.588190 0.278318
v 1.524877 -0.855368 0.114951
v 1.509657 -0.834481 0.009061
v 1.525312 -0.810158 -0.098396
v 1.546923 -1.215636 0.131159
v 1.536534 -1.178077 0.028964
v 1.554454 -1.140437 -0.073210
v 1.594277 -1.532215 0.143330
v 1.581329 -1.474117 0.041791
v 1.594234 -1.423420 -0.055855
v 1.651828 -0.764774 -0.248890
v 1.748937 -0.748838 -0.273205
v 1.847395 -0.740223 -0.261271
v 1.671260 -1.084253 -0.213612
v 1.756518 -1.071660 -0.234948
v 1.840975 -1.071468 -0.221875
v 1.695036 -1.359439 -0.185926
v 1.770690 -1.349387 -0.204672
v 1.846364 -1.355176 -0.191211
v 1.803369 -2.316005 -0.054090
v 1.812896 -2.319264 0.018525
v 1.805372 -2.321417 0.091464
v 1.791162 -2.356668 -0.050520
v 1.800258 -2.355674 0.019372
v 1.793004 -2.354217 0.089614
v 1.776685 -2.386013 -0.043772
v 1.784731 -2.384873 0.019996
v 1.778372 -2.381428 0.084062
v 1.643155 -2.181908 0.102249
v 1.632899 -2.129047 0.022896
v 1.640832 -2.079630 -0.053480
v 1.622385 -2.211332 0.095417
v 1.611691 -2.175253 0.020684
v 1.619174 -2.140254 -0.053489
v 1.601094 -2.244179 0.094058
v 1.590667 -2.222380 0.020971
v 1.598071 -2.200800 -0.052386
v 1.712906 -2.018180 -0.154288
v 1.768500 -2.011996 -0.167957
v 1.824862 -2.021991 -0.156400
v 1.689020 -2.096247 -0.153247
v 1.742652 -2.092146 -0.166802
v 1.796930 -2.099857 -0.155314
v 1.665992 -2.172806 -0.151922
v 1.717927 -2.170640 -0.165450
v 1.770415 -2.176255 -0.153943
v 1.902941 -2.086386 -0.058997
v 1.915980 -2.132809 0.016367
v 1.912209 -2.185273 0.095584
v 1.871944 -2.149051 -0.058668
v 1.883302 -2.181843 0.014709
v 1.876968 -2.217658 0.089532
v 1.842624 -2.209241 -0.057328
v 1.853080 -2.230942 0.015471
v 1.845670 -2.250446 0.088695
v 1.213620 0.403940 -0.362172
v 1.345339 0.447953 -0.378309
v 1.467803 0.493459 -0.357195
v 1.316603 0.141113 -0.326929
v 1.430974 0.176263 -0.352736
v 1.544476 0.211847 -0.337416
v 1.460039 -0.139284 -0.303042
v 1.570073 -0.111368 -0.331546
v 1.683817 -0.083709 -0.319558
v 1.106266 0.343109 0.140435
v 1.080616 0.310947 -0.013232
v 1.073600 0.320707 -0.169872
v 1.198922 0.096025 0.122811
v 1.176505 0.083234 -0.009796
v 1.182715 0.089507 -0.144905
v 1.341046 -0.181173 0.109716
v 1.316366 -0.184824 -0.009595
v 1.326037 -0.178547 -0.131422
v 1.556193 0.554912 0.271275
v 1.437587 0.511927 0.309078
v 1.296417 0.461134 0.309638
v 1.591718 0.233861 0.258922
v 1.479303 0.198090 0.291489
v 1.359182 0.159682 0.282862
v 1.721536 -0.089390 0.241041
v 1.609513 -0.117665 0.270795
v 1.495996 -0.145299 0.259571
v 1.644298 0.570969 -0.187968
v 1.685533 0.594162 -0.055750
v 1.686605 0.600628 0.079389
v 1.707196 0.265361 -0.178362
v 1.738573 0.277527 -0.052871
v 1.730076 0.276967 0.075889
v 1.851775 -0.046794 -0.171724
v 1.881671 -0.042774 -0.054024
v 1.868650 -0.049070 0.067384
v 1.061462 -6.243814 -0.117460
v 1.136924 -6.252607 -0.119832
v 1.212316 -6.243233 -0.111919
v 1.055717 -6.258278 -0.010473
v 1.138471 -6.268231 -0.013486
v 1.221147 -6.257643 -0.013353
v 1.056515 -6.263686 0.115295
v 1.142532 -6.273987 0.107794
v 1.228467 -6.263024 0.100686
v 0.883726 -5.897339 0.135400
v 0.876324 -5.877604 -0.015088
v 0.895437 -5.870006 -0.152051
v 0.909362 -6.072862 0.129049
v 0.909910 -6.065449 -0.012935
v 0.930009 -6.061099 -0.138833
v 0.938674 -6.175116 0.125384
v 0.941703 -6.171826 -0.009567
v 0.960215 -6.165965 -0.124150
v 1.338394 -5.868300 -0.125871
v 1.361631 -5.875733 -0.018634
v 1.365575 -5.895485 0.096734
v 1.331386 -6.059553 -0.116403
v 1.354895 -6.063734 -0.017370
v 1.364664 -6.071109 0.091264
v 1.311589 -6.164613 -0.107176
v 1.333171 -6.170319 -0.014676
v 1.344438 -6.173553 0.091188
v 1.022402 -5.868459 -0.308604
v 1.116622 -5.868212 -0.315140
v 1.210840 -5.867733 -0.281981
v 1.045298 -6.060175 -0.280878
v 1.130459 -6.060771 -0.287398
v 1.215613 -6.059520 -0.257894
v 1.059952 -6.165186 -0.247441
v 1.135695 -6.167912 -0.254173
v 1.211416 -6.164602 -0.229828
v 1.010377 -6.056629 0.648237
v 0.995870 -6.118673 0.651571
v 1.010855 -6.180604 0.648237
v 1.021929 -6.058937 0.664404
v 1.007911 -6.118628 0.667625
v 1.022388 -6.178209 0.664404
v 1.043468 -6.064109 0.666457
v 1.031079 -6.118539 0.669306
v 1.043887 -6.172872 0.666457
v 1.241557 -5.812992 0.365503
v 1.143567 -5.790368 0.394536
v 1.047801 -5.813738 0.403930
v 1.261095 -5.925968 0.428566
v 1.171148 -5.911568 0.450877
v 1.082002 -5.926659 0.467424
v 1.277534 -5.965863 0.493907
v 1.190617 -5.955006 0.513794
v 1.103873 -5.966533 0.532960
v 0.941680 -5.994323 0.391565
v 0.939017 -6.099475 0.386449
v 0.959119 -6.178713 0.380576
v 0.968818 -6.037036 0.483155
v 0.957815 -6.112470 0.483708
v 0.974487 -6.180287 0.479457
v 0.988436 -6.053950 0.557887
v 0.974304 -6.117965 0.560888
v 0.989565 -6.180923 0.557425
v 1.076242 -6.264382 0.357597
v 1.162726 -6.274734 0.340804
v 1.249127 -6.263717 0.324011
v 1.091119 -6.264324 0.454160
v 1.177603 -6.274676 0.435434
v 1.264004 -6.263659 0.416707
v 1.105996 -6.264268 0.531302
v 1.192481 -6.274618 0.511863
v 1.278881 -6.263602 0.492425
v 1.292557 -6.063486 0.611137
v 1.217586 -6.060870 0.628083
v 1.142637 -6.064063 0.645028
v 1.296793 -6.117516 0.610227
v 1.217806 -6.117820 0.628083
v 1.138817 -6.118123 0.645938
v 1.292974 -6.171577 0.611137
v 1.218024 -6.174768 0.628083
v 1.143053 -6.172154 0.645028
v 1.297484 -5.972267 0.583262
v 1.211467 -5.961967 0.602698
v 1.125531 -5.972930 0.622133
v 1.298282 -5.977675 0.601862
v 1.215528 -5.967722 0.620562
v 1.132852 -5.978312 0.639260
v 1.292536 -5.992140 0.610092
v 1.217075 -5.983347 0.627143
v 1.141683 -5.992721 0.644193
v 1.413756 -6.179054 0.557159
v 1.428265 -6.117008 0.553825
v 1.413279 -6.055078 0.557159
v 1.410281 -6.176718 0.576719
v 1.424299 -6.117025 0.573498
v 1.409822 -6.057445 0.576719
v 1.391718 -6.171532 0.587828
v 1.404107 -6.117104 0.584980
v 1.391298 -6.062769 0.587828
v 1.126650 -6.263414 0.622133
v 1.212668 -6.273715 0.602698
v 1.298603 -6.262753 0.583262
v 1.133929 -6.257977 0.639260
v 1.216684 -6.267931 0.620562
v 1.299358 -6.257339 0.601862
v 1.142650 -6.243501 0.644193
v 1.218110 -6.252295 0.627143
v 1.293502 -6.242921 0.610092
v 0.284926 1.902821 -0.250564
v 0.200576 1.916732 -0.282775
v 0.104903 1.926954 -0.302960
v 0.282739 1.932221 -0.259093
v 0.198964 1.947382 -0.293195
v 0.104149 1.958533 -0.314520
v 0.285364 1.969824 -0.269570
v 0.200642 1.986730 -0.305918
v 0.105094 1.998906 -0.328652
v 0.240327 1.507794 0.277640
v 0.469196 1.491789 0.269686
v 0.696224 1.485584 0.246164
v 0.218659 1.583776 0.218221
v 0.421435 1.572234 0.209751
v 0.599387 1.563087 0.185419
v 0.192919 1.641974 0.165542
v 0.368980 1.633487 0.156469
v 0.518006 1.627448 0.132691
v 0.985298 1.497260 0.085716
v 1.001569 1.492453 -0.046399
v 0.956539 1.476997 -0.186786
v 0.825214 1.571647 0.050034
v 0.842886 1.573173 -0.057149
v 0.804036 1.572212 -0.172860
v 0.694930 1.633468 0.016564
v 0.711422 1.641631 -0.071702
v 0.681384 1.652837 -0.166353
v 0.299090 2.088078 -0.286828
v 0.209876 2.108580 -0.326294
v 0.110202 2.122446 -0.351059
v 0.307435 2.173268 -0.291060
v 0.215524 2.194896 -0.330942
v 0.113338 2.209047 -0.356047
v 0.315065 2.274345 -0.292240
v 0.220649 2.296224 -0.331986
v 0.116119 2.310104 -0.357129
v 0.402559 1.846095 -0.053799
v 0.411622 1.857956 -0.104898
v 0.394357 1.871799 -0.158312
v 0.403966 1.870184 -0.048416
v 0.410742 1.882737 -0.103786
v 0.392281 1.897864 -0.161083
v 0.417218 1.902622 -0.040300
v 0.418541 1.915334 -0.101920
v 0.397222 1.931716 -0.164357
v 0.116406 1.837397 0.045364
v 0.216234 1.835063 0.036605
v 0.301665 1.835293 0.018897
v 0.117986 1.859896 0.056670
v 0.218566 1.857661 0.047676
v 0.304934 1.858328 0.029447
v 0.123621 1.887283 0.070966
v 0.228805 1.885954 0.062144
v 0.320339 1.887732 0.044413
v 0.147888 1.973908 0.095259
v 0.272746 1.977557 0.088414
v 0.384288 1.985489 0.077852
v 0.164210 2.034155 0.109521
v 0.302789 2.037997 0.103917
v 0.424844 2.052235 0.096440
v 0.179930 2.099576 0.135820
v 0.331914 2.103261 0.130810
v 0.464760 2.120252 0.124546
v 0.469967 2.018225 -0.033316
v 0.450177 2.025055 -0.101477
v 0.419346 2.043718 -0.170510
v 0.495127 2.105613 -0.035338
v 0.467829 2.108352 -0.102902
v 0.432985 2.125933 -0.172856
v 0.512354 2.211268 -0.036242
v 0.482373 2.210020 -0.103579
v 0.445325 2.226005 -0.173814
v 0.600330 2.569005 0.053784
v 0.592151 2.704348 0.053371
v 0.563554 2.826861 0.053521
v 0.650869 2.652040 0.079896
v 0.638608 2.797920 0.079185
v 0.604729 2.930889 0.079401
v 0.699047 2.735460 0.110122
v 0.682480 2.890596 0.109032
v 0.644075 3.032128 0.109068
v 0.330991 2.795553 -0.182610
v 0.235106 2.833805 -0.197555
v 0.123369 2.855645 -0.209379
v 0.348990 2.816071 -0.115336
v 0.245059 2.857780 -0.123623
v 0.127641 2.887235 -0.135349
v 0.365801 2.845541 -0.043521
v 0.255759 2.890204 -0.047152
v 0.134111 2.918609 -0.055241
v 0.323367 2.507643 -0.285462
v 0.226303 2.527021 -0.324133
v 0.118887 2.538930 -0.349003
v 0.321008 2.619438 -0.274685
v 0.226093 2.638061 -0.311484
v 0.119004 2.649528 -0.335571
v 0.317483 2.708776 -0.262854
v 0.225051 2.731250 -0.289783
v 0.118998 2.743621 -0.309572
v 0.524811 2.465652 -0.035163
v 0.496060 2.455243 -0.101338
v 0.458201 2.465316 -0.170107
v 0.521026 2.587543 -0.036007
v 0.492449 2.574297 -0.101738
v 0.454934 2.580282 -0.168654
v 0.499644 2.694232 -0.037463
v 0.473247 2.674608 -0.102918
v 0.438908 2.671939 -0.166781
v 0.198676 2.223952 0.255986
v 0.366618 2.227086 0.251333
v 0.512872 2.242520 0.245462
v 0.200295 2.280253 0.343246
v 0.368486 2.282700 0.337966
v 0.512767 2.295913 0.330466
v 0.199584 2.334019 0.430323
v 0.364442 2.335097 0.423141
v 0.500812 2.344180 0.411001
v 0.701625 2.342319 0.237133
v 0.742760 2.432998 0.235524
v 0.759406 2.548574 0.234402
v 0.696086 2.386021 0.322955
v 0.735399 2.470037 0.323650
v 0.750713 2.578815 0.323558
v 0.663203 2.419374 0.404756
v 0.697317 2.495714 0.411009
v 0.710359 2.596908 0.413327
v 0.409899 2.997268 0.057266
v 0.289699 3.042744 0.058324
v 0.156001 3.058651 0.061029
v 0.440253 3.111236 0.084912
v 0.313874 3.152318 0.089333
v 0.169820 3.169401 0.093519
v 0.469027 3.222131 0.115156
v 0.335109 3.263860 0.120663
v 0.181671 3.281983 0.125335
v 0.535932 2.082643 0.059533
v 0.573322 2.177586 0.056345
v 0.592883 2.292882 0.055067
v 0.588399 2.152549 0.085247
v 0.628598 2.245035 0.083073
v 0.646152 2.365846 0.081889
v 0.641027 2.222677 0.115649
v 0.681001 2.318676 0.113692
v 0.698525 2.439850 0.112530
v 0.196390 2.869062 0.576131
v 0.362593 2.866122 0.563999
v 0.508191 2.863288 0.535940
v 0.193134 3.008007 0.564880
v 0.355236 3.004332 0.553087
v 0.495475 3.000336 0.525981
v 0.190020 3.142476 0.538735
v 0.346881 3.135899 0.527840
v 0.478126 3.125483 0.503569
v 0.198755 2.456395 0.548284
v 0.362959 2.453620 0.537290
v 0.499063 2.450208 0.512792
v 0.199531 2.534019 0.571619
v 0.367222 2.529907 0.559792
v 0.511552 2.523372 0.532614
v 0.199763 2.627066 0.579613
v 0.368990 2.622866 0.567476
v 0.516925 2.616444 0.539406
v 0.752535 2.843225 0.231167
v 0.729912 3.003519 0.229260
v 0.684577 3.151210 0.228255
v 0.741487 2.861397 0.320155
v 0.718258 3.015992 0.317086
v 0.673561 3.157405 0.313705
v 0.700062 2.864673 0.409868
v 0.678410 3.010536 0.404393
v 0.638826 3.140649 0.395558
v 0.495824 3.347978 0.233331
v 0.353770 3.391055 0.238559
v 0.191805 3.409460 0.242975
v 0.490243 3.343360 0.317912
v 0.351345 3.383317 0.324756
v 0.191071 3.400324 0.329795
v 0.476435 3.301011 0.398807
v 0.345535 3.333954 0.410351
v 0.189286 3.348232 0.417309
v 0.147841 1.729779 0.085785
v 0.279763 1.727619 0.076537
v 0.392805 1.725215 0.056032
v 0.133433 1.763562 0.060635
v 0.251111 1.762827 0.051575
v 0.352448 1.760558 0.032838
v 0.123909 1.791831 0.045580
v 0.232152 1.790470 0.036898
v 0.325131 1.789577 0.019295
v 0.525932 1.734712 -0.031081
v 0.538699 1.745915 -0.093679
v 0.516617 1.760141 -0.159698
v 0.471691 1.772115 -0.044640
v 0.483391 1.782622 -0.099636
v 0.463481 1.796370 -0.157245
v 0.434722 1.801974 -0.052471
v 0.445460 1.812373 -0.103031
v 0.427115 1.825763 -0.155986
v 0.373513 1.794293 -0.275104
v 0.262241 1.810960 -0.315495
v 0.135593 1.823087 -0.341524
v 0.335313 1.825960 -0.257806
v 0.235395 1.841176 -0.292590
v 0.122204 1.850632 -0.315205
v 0.309340 1.852811 -0.248411
v 0.217449 1.866591 -0.280500
v 0.113253 1.875656 -0.300930
v 1.635420 -2.410618 0.086767
v 1.632272 -2.415879 0.023268
v 1.633822 -2.412894 -0.040385
v 1.678277 -2.415190 0.089337
v 1.677335 -2.421675 0.022406
v 1.676531 -2.418592 -0.044608
v 1.721120 -2.411874 0.085026
v 1.722530 -2.417986 0.021464
v 1.719397 -2.416368 -0.042043
v 1.739939 -2.323460 0.190590
v 1.690369 -2.323476 0.204128
v 1.640447 -2.322281 0.192686
v 1.730403 -2.352650 0.185185
v 1.683090 -2.352457 0.198241
v 1.635472 -2.351456 0.187139
v 1.723095 -2.378866 0.168713
v 1.680072 -2.379493 0.180287
v 1.636804 -2.377781 0.170474
v 1.572264 -2.315855 0.096225
v 1.562713 -2.311635 0.023534
v 1.570230 -2.307415 -0.049516
v 1.570453 -2.349571 0.094112
v 1.561393 -2.348927 0.024123
v 1.568680 -2.348260 -0.046183
v 1.579457 -2.377566 0.088069
v 1.571464 -2.379229 0.024237
v 1.577896 -2.378731 -0.039894
v 1.635697 -2.303675 -0.148704
v 1.685279 -2.304192 -0.162190
v 1.735208 -2.306422 -0.150671
v 1.631306 -2.349312 -0.141772
v 1.678598 -2.351272 -0.154779
v 1.726201 -2.352736 -0.143623
v 1.633156 -2.381825 -0.124527
v 1.676123 -2.384761 -0.136049
v 1.719377 -2.384896 -0.126211
v 1.973668 -1.797409 -0.050761
v 1.991742 -1.865411 0.038121
v 1.997815 -1.951499 0.136723
v 1.970195 -1.902882 -0.051049
v 1.988584 -1.971339 0.033368
v 1.995992 -2.050389 0.126258
v 1.955563 -1.973214 -0.054162
v 1.972572 -2.037663 0.026752
v 1.977886 -2.111452 0.115824
v 1.751989 -1.716549 -0.159096
v 1.817967 -1.707435 -0.174928
v 1.884429 -1.719826 -0.161910
v 1.757875 -1.815128 -0.154915
v 1.820569 -1.806276 -0.169839
v 1.883897 -1.819787 -0.157249
v 1.750971 -1.885235 -0.154158
v 1.811038 -1.876834 -0.168453
v 1.871842 -1.890137 -0.156317
v 1.659209 -1.957916 0.146366
v 1.653215 -1.871389 0.047228
v 1.665175 -1.800435 -0.043051
v 1.665579 -2.053848 0.135129
v 1.663732 -1.973038 0.041360
v 1.675819 -1.901248 -0.044495
v 1.665259 -2.112808 0.124057
v 1.661899 -2.037258 0.034167
v 1.672791 -1.968539 -0.048151
v 1.692773 -2.150473 0.323180
v 1.683270 -2.201702 0.304897
v 1.687797 -2.240608 0.288476
v 1.705985 -2.223423 0.388373
v 1.692470 -2.255426 0.370239
v 1.697716 -2.283728 0.352338
v 1.717660 -2.269970 0.439791
v 1.703298 -2.293304 0.422159
v 1.708507 -2.315921 0.404005
v 1.752824 -2.316188 0.496540
v 1.741879 -2.332443 0.482543
v 1.745748 -2.348534 0.468065
v 1.776745 -2.327254 0.504734
v 1.768717 -2.339676 0.493772
v 1.771269 -2.351971 0.482463
v 1.799987 -2.333067 0.505474
v 1.795241 -2.342068 0.497359
v 1.795930 -2.351028 0.489068
v 1.757002 -2.290249 0.278194
v 1.817176 -2.298862 0.278540
v 1.880704 -2.291334 0.274416
v 1.768175 -2.320202 0.329939
v 1.825778 -2.326106 0.326513
v 1.886230 -2.321003 0.326187
v 1.776460 -2.345765 0.378057
v 1.830691 -2.349844 0.373366
v 1.887427 -2.345081 0.374392
v 1.916503 -2.063007 0.355111
v 1.846510 -2.055536 0.365337
v 1.776829 -2.065964 0.359455
v 1.924951 -2.174386 0.410146
v 1.860785 -2.169702 0.416682
v 1.795012 -2.176524 0.414120
v 1.925542 -2.235375 0.458125
v 1.866214 -2.232285 0.463235
v 1.804563 -2.237241 0.461847
v 1.978801 -2.237721 0.279593
v 1.999933 -2.197643 0.295300
v 1.999393 -2.145649 0.313855
v 1.979064 -2.280982 0.343438
v 1.999614 -2.251464 0.360638
v 1.999188 -2.219096 0.379302
v 1.974830 -2.312767 0.395371
v 1.994330 -2.289217 0.412866
v 1.993980 -2.265847 0.431107
v 1.869840 -2.335513 0.500866
v 1.853718 -2.335975 0.501209
v 1.837726 -2.336051 0.501904
v 1.867033 -2.341301 0.495633
v 1.851838 -2.341549 0.496132
v 1.836643 -2.341799 0.496633
v 1.865281 -2.347090 0.490364
v 1.849958 -2.347142 0.491058
v 1.834505 -2.347586 0.491400
v 1.909198 -2.292078 0.510855
v 1.864709 -2.290070 0.514702
v 1.818390 -2.293570 0.513706
v 1.896278 -2.309146 0.515662
v 1.861904 -2.307784 0.518519
v 1.826221 -2.310321 0.517873
v 1.884076 -2.320964 0.512650
v 1.858812 -2.320401 0.514368
v 1.832876 -2.321831 0.514272
v 1.796896 -2.369308 0.447087
v 1.837693 -2.371549 0.443250
v 1.880331 -2.368017 0.444246
v 1.809859 -2.367429 0.466431
v 1.841392 -2.369034 0.463583
v 1.874247 -2.366419 0.464226
v 1.821578 -2.361302 0.478343
v 1.844813 -2.362041 0.476632
v 1.868727 -2.360539 0.476726
v 1.945896 -2.345441 0.461413
v 1.960531 -2.328965 0.475401
v 1.960347 -2.312840 0.489877
v 1.923723 -2.349486 0.477364
v 1.934583 -2.337028 0.488326
v 1.934867 -2.324648 0.499632
v 1.901616 -2.349326 0.485523
v 1.908389 -2.340208 0.493633
v 1.909724 -2.331237 0.501925
v -0.668734 1.489418 -0.428245
v -0.579262 1.607494 -0.378992
v -0.495417 1.695269 -0.335842
v -0.460674 1.529504 -0.510272
v -0.405096 1.639848 -0.452158
v -0.348075 1.721290 -0.396248
v -0.234265 1.561808 -0.564271
v -0.207917 1.666086 -0.499787
v -0.179238 1.742075 -0.435154
v -0.756373 0.861375 0.441141
v -0.501028 0.859635 0.499240
v -0.253374 0.868482 0.538616
v -0.779652 1.044802 0.413590
v -0.514041 1.037686 0.451673
v -0.259694 1.050347 0.477797
v -0.792768 1.215119 0.367611
v -0.519367 1.213980 0.394914
v -0.261415 1.232881 0.411092
v -0.244964 -0.206051 -0.730513
v -0.254324 -0.549226 -0.729873
v -0.267771 -0.931022 -0.719996
v -0.474588 -0.197340 -0.675748
v -0.492366 -0.531062 -0.678447
v -0.515096 -0.894215 -0.676466
v -0.673300 -0.187127 -0.578251
v -0.697751 -0.513563 -0.582706
v -0.727134 -0.866005 -0.583976
v -1.256460 1.347456 -0.191799
v -1.364983 1.313019 -0.178502
v -1.441433 1.287463 -0.165153
v -1.284464 1.375541 -0.038333
v -1.386544 1.340151 -0.036724
v -1.460822 1.311098 -0.038380
v -1.281749 1.367664 0.112544
v -1.389574 1.333274 0.103911
v -1.465495 1.307483 0.087646
v -0.245436 0.873181 -0.676561
v -0.485391 0.858086 -0.615982
v -0.714200 0.835204 -0.533778
v -0.253500 1.064090 -0.668054
v -0.500263 1.042955 -0.610280
v -0.733482 1.017996 -0.535796
v -0.257366 1.254760 -0.650136
v -0.508891 1.226117 -0.592366
v -0.749986 1.192936 -0.515226
v -0.800661 -1.543504 0.534201
v -0.842459 -1.844541 0.533376
v -0.884280 -2.123923 0.533068
v -0.590144 -1.580176 0.614673
v -0.637843 -1.877173 0.608019
v -0.682214 -2.152125 0.605190
v -0.363756 -1.629900 0.620564
v -0.428924 -1.914251 0.600136
v -0.479888 -2.182390 0.592006
v -0.675278 -0.185693 0.530664
v -0.698337 -0.513137 0.534612
v -0.727208 -0.865951 0.535696
v -0.476193 -0.196078 0.627990
v -0.492842 -0.530688 0.630303
v -0.515156 -0.894167 0.628179
v -0.245853 -0.205043 0.682614
v -0.254587 -0.548928 0.681688
v -0.267804 -0.930985 0.671704
v -0.919184 -0.172101 -0.241484
v -0.952779 -0.491612 -0.244180
v -0.987686 -0.835979 -0.245214
v -0.952395 -0.169820 -0.023621
v -0.988886 -0.488731 -0.023910
v -1.022492 -0.832253 -0.024102
v -0.920293 -0.171318 0.194156
v -0.953161 -0.491380 0.196226
v -0.987740 -0.835950 0.196949
v -0.558375 -2.669662 -0.638229
v -0.597558 -2.918894 -0.631776
v -0.643402 -3.215862 -0.614262
v -0.760047 -2.647798 -0.652151
v -0.797547 -2.902669 -0.645551
v -0.838042 -3.205293 -0.627640
v -0.961283 -2.627409 -0.580373
v -0.997432 -2.886635 -0.574581
v -1.032682 -3.194722 -0.558725
v -0.087211 -1.773163 0.282226
v -0.157259 -1.982570 0.263820
v -0.209304 -2.225348 0.256044
v -0.066520 -1.805578 -0.024153
v -0.126550 -1.995974 -0.024153
v -0.175259 -2.231418 -0.024153
v -0.087211 -1.773163 -0.330533
v -0.157259 -1.982570 -0.312127
v -0.209304 -2.225348 -0.304351
v -1.070596 -1.504250 -0.245331
v -1.116250 -1.811813 -0.245104
v -1.157533 -2.098816 -0.244816
v -1.105701 -1.500582 -0.024090
v -1.151759 -1.809452 -0.023810
v -1.192644 -2.097769 -0.023469
v -1.070908 -1.504685 0.197094
v -1.116455 -1.812507 0.197331
v -1.157406 -2.099267 0.197617
v -0.363756 -1.629900 -0.668871
v -0.428924 -1.914251 -0.648442
v -0.479888 -2.182390 -0.640312
v -0.590144 -1.580176 -0.662980
v -0.637843 -1.877173 -0.656325
v -0.682214 -2.152125 -0.653498
v -0.800661 -1.543504 -0.582507
v -0.842300 -1.844244 -0.581674
v -0.884138 -2.123043 -0.581299
v -1.105243 -4.069884 0.431896
v -1.143327 -4.608854 0.379105
v -1.181676 -5.136127 0.336997
v -0.938866 -4.072169 0.490692
v -0.997311 -4.605820 0.431121
v -1.054747 -5.122216 0.383148
v -0.772540 -4.075513 0.479345
v -0.851716 -4.611264 0.421553
v -0.929338 -5.137259 0.376117
v -0.960515 -2.629402 0.532281
v -0.996617 -2.887986 0.526359
v -1.032682 -3.194722 0.510417
v -0.760045 -2.647804 0.603843
v -0.797547 -2.902669 0.597245
v -0.838042 -3.205291 0.579333
v -0.558375 -2.669662 0.589922
v -0.597558 -2.918894 0.583470
v -0.643402 -3.215862 0.565956
v -0.287555 -2.699024 0.254514
v -0.329002 -2.940682 0.251586
v -0.382028 -3.230055 0.243638
v -0.252983 -2.702773 -0.024153
v -0.294719 -2.943463 -0.024153
v -0.348662 -3.231866 -0.024153
v -0.287555 -2.699024 -0.302822
v -0.329002 -2.940682 -0.299894
v -0.382028 -3.230055 -0.291944
v -1.227995 -2.616497 -0.244197
v -1.260475 -2.877728 -0.242115
v -1.292386 -3.183066 -0.236282
v -1.261166 -2.618830 -0.023068
v -1.292645 -2.880016 -0.023332
v -1.324492 -3.183233 -0.023931
v -1.226913 -2.619597 0.197689
v -1.259235 -2.880015 0.195102
v -1.291790 -3.183887 0.188268
v -1.364812 -6.177150 0.301705
v -1.379564 -6.178727 0.391645
v -1.394395 -6.179364 0.466331
v -1.380630 -6.097775 0.300535
v -1.394505 -6.110786 0.389029
v -1.409020 -6.116288 0.463073
v -1.367950 -5.992680 0.308478
v -1.380104 -6.035452 0.393937
v -1.394043 -6.052387 0.466618
v -0.549180 -4.079655 0.204415
v -0.656126 -4.615785 0.178748
v -0.759696 -5.148995 0.158510
v -0.520621 -4.079475 -0.023981
v -0.630799 -4.610694 -0.022771
v -0.737224 -5.132208 -0.019975
v -0.549095 -4.078673 -0.252183
v -0.655453 -4.607947 -0.222749
v -0.757992 -5.124804 -0.193117
v -1.328110 -4.065491 -0.204895
v -1.334976 -4.602313 -0.181582
v -1.337782 -5.122196 -0.158139
v -1.356701 -4.065326 -0.024036
v -1.360547 -4.604645 -0.023216
v -1.361245 -5.129398 -0.021348
v -1.328395 -4.066469 0.156959
v -1.337252 -4.610144 0.136245
v -1.345288 -5.146364 0.119218
v -0.772344 -4.074850 -0.526689
v -0.850144 -4.605969 -0.462162
v -0.924014 -5.123013 -0.397636
v -0.938595 -4.072037 -0.538082
v -0.995149 -4.604767 -0.472092
v -1.047694 -5.122458 -0.406103
v -1.104846 -4.069223 -0.479394
v -1.140154 -4.603565 -0.420940
v -1.171374 -5.121900 -0.362486
v -0.232798 0.280385 -0.714993
v -0.451530 0.284220 -0.655805
v -0.641716 0.288984 -0.555325
v -0.230652 0.432917 -0.703248
v -0.449322 0.434503 -0.641381
v -0.642492 0.434610 -0.539473
v -0.232086 0.563109 -0.691709
v -0.456233 0.559633 -0.627887
v -0.662244 0.548270 -0.526078
v -0.878858 0.296772 -0.227988
v -0.911882 0.300002 -0.021947
v -0.885658 0.301893 0.183930
v -0.883751 0.429844 -0.219088
v -0.921595 0.434310 -0.021121
v -0.901028 0.443390 0.176497
v -0.918481 0.499297 -0.211073
v -0.954275 0.494820 -0.019976
v -0.944697 0.519703 0.169657
v -0.650719 0.295457 0.509893
v -0.458772 0.289828 0.609367
v -0.236787 0.284800 0.667751
v -0.657082 0.444736 0.493251
v -0.460647 0.442688 0.592115
v -0.236757 0.438929 0.651607
v -0.684493 0.563084 0.474231
v -0.471338 0.569076 0.568436
v -0.239962 0.568953 0.626306
v -1.599599 1.028227 -0.202253
v -1.640758 1.054606 -0.062961
v -1.639073 1.060060 0.079495
v -1.564404 1.144741 -0.193040
v -1.601305 1.168611 -0.057041
v -1.600403 1.174172 0.081349
v -1.531241 1.217375 -0.174901
v -1.560540 1.237775 -0.049700
v -1.560699 1.241646 0.076652
v -1.245962 1.227756 0.314921
v -1.384042 1.228364 0.290023
v -1.477041 1.231511 0.248884
v -1.231614 1.095225 0.350547
v -1.385173 1.123409 0.322904
v -1.494461 1.148082 0.276713
v -1.226223 0.929101 0.354857
v -1.393932 0.977983 0.328659
v -1.516637 1.019054 0.281686
v -1.136032 0.858066 -0.432525
v -1.297569 0.900875 -0.416574
v -1.425401 0.945594 -0.383133
v -1.149279 1.030227 -0.434911
v -1.298270 1.053090 -0.409523
v -1.411774 1.080575 -0.371978
v -1.175172 1.171594 -0.401582
v -1.311988 1.169504 -0.372690
v -1.409769 1.176060 -0.336236
v -1.948831 -0.771625 -0.109033
v -1.940953 -1.117313 -0.087189
v -1.959692 -1.437654 -0.067659
v -1.966841 -0.791243 -0.004221
v -1.954319 -1.153970 0.012543
v -1.979321 -1.498994 0.029076
v -1.949945 -0.814885 0.102332
v -1.939752 -1.196190 0.114989
v -1.975529 -1.571307 0.131661
v -1.838443 -2.359146 0.205710
v -1.806196 -2.363322 0.194398
v -1.776266 -2.376357 0.192093
v -1.778239 -2.366548 0.218542
v -1.751022 -2.367532 0.207912
v -1.724083 -2.377656 0.205715
v -1.720310 -2.355598 0.208840
v -1.696544 -2.358764 0.197041
v -1.671953 -2.370861 0.194376
v -1.820475 -0.857800 0.250706
v -1.829089 -1.253326 0.256917
v -1.880673 -1.646624 0.274707
v -1.726110 -0.871850 0.273565
v -1.746229 -1.263120 0.277885
v -1.802166 -1.647077 0.293820
v -1.632246 -0.879314 0.260235
v -1.662927 -1.265824 0.264643
v -1.724373 -1.650818 0.280760
v -1.507086 -0.865115 0.124394
v -1.550126 -1.224699 0.132648
v -1.616857 -1.580935 0.145239
v -1.490473 -0.845002 0.019254
v -1.535657 -1.184327 0.031158
v -1.600447 -1.511697 0.043256
v -1.504515 -0.821575 -0.087335
v -1.549739 -1.144970 -0.070147
v -1.609252 -1.451233 -0.054775
v -1.626543 -0.778685 -0.235412
v -1.661955 -1.089285 -0.208737
v -1.703996 -1.375960 -0.185258
v -1.720623 -0.764432 -0.258098
v -1.745833 -1.077459 -0.229330
v -1.778251 -1.364120 -0.204015
v -1.816136 -0.757453 -0.244579
v -1.829533 -1.077687 -0.215849
v -1.853609 -1.369986 -0.190560
v -1.800840 -2.406607 -0.050664
v -1.786559 -2.447139 -0.047097
v -1.770427 -2.477660 -0.040304
v -1.809945 -2.412327 0.022045
v -1.795319 -2.449796 0.022932
v -1.778149 -2.479604 0.023579
v -1.801879 -2.419171 0.095163
v -1.787663 -2.452430 0.093331
v -1.771479 -2.479793 0.087784
v -1.647573 -2.277506 0.105868
v -1.625146 -2.305675 0.098988
v -1.601987 -2.337232 0.097581
v -1.640578 -2.224144 0.026496
v -1.616729 -2.269041 0.024235
v -1.593005 -2.314868 0.024472
v -1.651535 -2.175275 -0.049859
v -1.626393 -2.234540 -0.049919
v -1.601809 -2.293759 -0.048867
v -1.726735 -2.113532 -0.150677
v -1.698635 -2.191179 -0.149654
v -1.671390 -2.267497 -0.148336
v -1.782183 -2.106806 -0.164367
v -1.752223 -2.187189 -0.163205
v -1.723315 -2.265754 -0.161849
v -1.837525 -2.116315 -0.152828
v -1.805768 -2.194776 -0.151723
v -1.775310 -2.271267 -0.150346
v -1.911975 -2.184359 -0.055291
v -1.877676 -2.242047 -0.055151
v -1.845415 -2.301825 -0.053826
v -1.922690 -2.236763 0.020301
v -1.887335 -2.279488 0.018403
v -1.854630 -2.324030 0.018992
v -1.915923 -2.288866 0.099504
v -1.879009 -2.315287 0.093225
v -1.846027 -2.347655 0.092373
v -1.217777 0.408210 -0.362745
v -1.312717 0.139092 -0.324972
v -1.441121 -0.149658 -0.292992
v -1.351818 0.454673 -0.379283
v -1.425753 0.173501 -0.350059
v -1.548056 -0.123463 -0.319828
v -1.476202 0.502523 -0.358659
v -1.538362 0.208795 -0.333977
v -1.658133 -0.097842 -0.305866
v -1.099697 0.339854 0.139844
v -1.195257 0.094092 0.124538
v -1.324286 -0.190347 0.118604
v -1.077780 0.309789 -0.013560
v -1.172949 0.081397 -0.008016
v -1.299931 -0.193818 -0.000882
v -1.074423 0.322060 -0.170166
v -1.179429 0.087820 -0.143270
v -1.309684 -0.187494 -0.122754
v -1.546314 0.553976 0.268390
v -1.582913 0.229786 0.262244
v -1.694084 -0.104505 0.255684
v -1.424690 0.507791 0.306722
v -1.471094 0.193886 0.294185
v -1.585919 -0.130636 0.283362
v -1.282989 0.455241 0.307964
v -1.352513 0.156038 0.284956
v -1.475861 -0.156348 0.270276
v -1.651523 0.581673 -0.190648
v -1.700207 0.263011 -0.173648
v -1.818695 -0.065037 -0.154050
v -1.687804 0.602316 -0.058895
v -1.730114 0.274550 -0.047975
v -1.846790 -0.062017 -0.035380
v -1.681993 0.604107 0.076157
v -1.720185 0.272847 0.080495
v -1.834579 -0.067863 0.085591
v -1.061212 -6.243814 -0.117460
v -1.055467 -6.258278 -0.010473
v -1.056265 -6.263686 0.115295
v -1.136674 -6.252607 -0.119832
v -1.138221 -6.268232 -0.013486
v -1.142282 -6.273987 0.107794
v -1.212066 -6.243233 -0.111919
v -1.220897 -6.257642 -0.013353
v -1.228217 -6.263022 0.100686
v -0.883476 -5.897339 0.135400
v -0.909112 -6.072862 0.129049
v -0.938424 -6.175116 0.125384
v -0.876074 -5.877604 -0.015088
v -0.909660 -6.065449 -0.012935
v -0.941453 -6.171826 -0.009567
v -0.895187 -5.870008 -0.152051
v -0.929759 -6.061098 -0.138833
v -0.959965 -6.165965 -0.124150
v -1.338144 -5.868300 -0.125871
v -1.331136 -6.059553 -0.116403
v -1.311339 -6.164613 -0.107176
v -1.361381 -5.875733 -0.018634
v -1.354645 -6.063734 -0.017370
v -1.332921 -6.170319 -0.014676
v -1.365325 -5.895485 0.096734
v -1.364414 -6.071109 0.091264
v -1.344188 -6.173553 0.091188
v -1.022152 -5.868458 -0.308604
v -1.045048 -6.060175 -0.280878
v -1.059702 -6.165186 -0.247441
v -1.116372 -5.868212 -0.315140
v -1.130209 -6.060771 -0.287398
v -1.135445 -6.167912 -0.254173
v -1.210590 -5.867733 -0.281981
v -1.215362 -6.059519 -0.257894
v -1.211166 -6.164601 -0.229828
v -1.010127 -6.056630 0.648237
v -1.021679 -6.058937 0.664404
v -1.043218 -6.064109 0.666457
v -0.995620 -6.118674 0.651571
v -1.007661 -6.118628 0.667625
v -1.030828 -6.118539 0.669306
v -1.010605 -6.180606 0.648237
v -1.022138 -6.178209 0.664405
v -1.043637 -6.172872 0.666457
v -1.241307 -5.812993 0.365503
v -1.260845 -5.925968 0.428566
v -1.277283 -5.965863 0.493907
v -1.143317 -5.790367 0.394536
v -1.170897 -5.911568 0.450877
v -1.190367 -5.955006 0.513794
v -1.047550 -5.813738 0.403931
v -1.081752 -5.926659 0.467424
v -1.103623 -5.966534 0.532960
v -0.941430 -5.994323 0.391565
v -0.968568 -6.037036 0.483155
v -0.988186 -6.053951 0.557887
v -0.938767 -6.099475 0.386449
v -0.957565 -6.112470 0.483708
v -0.974054 -6.117965 0.560888
v -0.958869 -6.178714 0.380576
v -0.974237 -6.180289 0.479457
v -0.989315 -6.180923 0.557425
v -1.075992 -6.264383 0.357597
v -1.090869 -6.264324 0.454160
v -1.105746 -6.264268 0.531302
v -1.162475 -6.274734 0.340804
v -1.177352 -6.274677 0.435434
v -1.192231 -6.274619 0.511864
v -1.248877 -6.263717 0.324011
v -1.263754 -6.263659 0.416707
v -1.278631 -6.263602 0.492425
v -1.292307 -6.063486 0.611137
v -1.296543 -6.117517 0.610227
v -1.292724 -6.171577 0.611137
v -1.217336 -6.060870 0.628083
v -1.217556 -6.117821 0.628083
v -1.217774 -6.174768 0.628083
v -1.142387 -6.064064 0.645028
v -1.138568 -6.118124 0.645938
v -1.142803 -6.172154 0.645028
v -1.297234 -5.972268 0.583262
v -1.298032 -5.977674 0.601862
v -1.292286 -5.992140 0.610092
v -1.211217 -5.961967 0.602698
v -1.215277 -5.967722 0.620562
v -1.216825 -5.983347 0.627143
v -1.125280 -5.972930 0.622133
v -1.132602 -5.978312 0.639260
v -1.141433 -5.992721 0.644193
v -1.413506 -6.179054 0.557159
v -1.410031 -6.176717 0.576719
v -1.391468 -6.171532 0.587828
v -1.428015 -6.117010 0.553825
v -1.424049 -6.117024 0.573498
v -1.403857 -6.117104 0.584980
v -1.413028 -6.055078 0.557159
v -1.409572 -6.057444 0.576719
v -1.391048 -6.062769 0.587828
v -1.126400 -6.263414 0.622133
v -1.133679 -6.257977 0.639260
v -1.142399 -6.243501 0.644193
v -1.212418 -6.273715 0.602698
v -1.216433 -6.267931 0.620562
v -1.217860 -6.252295 0.627143
v -1.298353 -6.262753 0.583262
v -1.299108 -6.257340 0.601862
v -1.293252 -6.242921 0.610092
v -0.275004 1.902559 -0.250763
v -0.271897 1.931936 -0.259320
v -0.273410 1.969563 -0.269791
v -0.191565 1.917099 -0.282477
v -0.189190 1.947710 -0.292914
v -0.189994 1.987047 -0.305629
v -0.096739 1.926442 -0.303392
v -0.095332 1.958029 -0.314968
v -0.095536 1.998433 -0.329103
v -0.239994 1.507936 0.277655
v -0.215594 1.584643 0.218364
v -0.186611 1.642422 0.165640
v -0.468745 1.491986 0.269738
v -0.418851 1.573861 0.210028
v -0.363341 1.634351 0.156665
v -0.685767 1.482047 0.245996
v -0.594640 1.563695 0.185836
v -0.513514 1.628633 0.132982
v -0.972418 1.493008 0.083257
v -0.816663 1.570712 0.049844
v -0.689924 1.634565 0.017305
v -0.996315 1.493873 -0.048953
v -0.838355 1.574129 -0.057534
v -0.708279 1.642900 -0.071002
v -0.958028 1.482186 -0.188781
v -0.804200 1.574722 -0.173209
v -0.680025 1.654288 -0.165664
v -0.283721 2.087927 -0.286981
v -0.290170 2.173175 -0.291169
v -0.296523 2.274299 -0.292304
v -0.196472 2.108881 -0.325961
v -0.200570 2.195172 -0.330589
v -0.204737 2.296356 -0.331780
v -0.098216 2.122078 -0.351487
v -0.099952 2.208750 -0.356452
v -0.101820 2.309875 -0.357506
v -0.386277 1.846849 -0.053420
v -0.385791 1.870861 -0.048070
v -0.396607 1.903294 -0.039950
v -0.396930 1.858718 -0.104468
v -0.394352 1.883524 -0.103329
v -0.400291 1.915696 -0.101703
v -0.381235 1.872557 -0.157832
v -0.377773 1.898538 -0.160642
v -0.381014 1.932355 -0.163919
v -0.097261 1.836858 0.045152
v -0.096761 1.859404 0.056478
v -0.099888 1.886879 0.070810
v -0.197204 1.835433 0.036755
v -0.197449 1.857995 0.047809
v -0.205179 1.886295 0.062280
v -0.283445 1.835024 0.018783
v -0.284593 1.858082 0.029344
v -0.297235 1.887598 0.044357
v -0.117682 1.973745 0.095195
v -0.130567 2.034086 0.109492
v -0.143309 2.099557 0.135812
v -0.243045 1.977321 0.088317
v -0.269387 2.037862 0.103860
v -0.295361 2.103225 0.130795
v -0.353854 1.985620 0.077908
v -0.391089 2.052400 0.096513
v -0.428269 2.120205 0.124524
v -0.442841 2.018155 -0.033358
v -0.464570 2.105624 -0.035331
v -0.479676 2.211304 -0.036214
v -0.426278 2.024903 -0.101581
v -0.440718 2.108287 -0.102952
v -0.453057 2.210004 -0.103594
v -0.398854 2.043310 -0.170835
v -0.409613 2.125711 -0.173056
v -0.419912 2.225882 -0.173945
v -0.565550 2.568927 0.053650
v -0.614485 2.652018 0.079835
v -0.661239 2.735457 0.110103
v -0.557579 2.704318 0.053223
v -0.602349 2.797924 0.079120
v -0.644748 2.890604 0.109010
v -0.529560 2.826887 0.053338
v -0.568938 2.930925 0.079321
v -0.606410 3.032151 0.109040
v -0.313893 2.795609 -0.184530
v -0.328527 2.816180 -0.116848
v -0.341888 2.845704 -0.044624
v -0.221964 2.834043 -0.200176
v -0.228752 2.858090 -0.125720
v -0.236587 2.890610 -0.048826
v -0.112402 2.855671 -0.209591
v -0.115755 2.887275 -0.135550
v -0.118841 2.918655 -0.055397
v -0.305746 2.507649 -0.285448
v -0.305949 2.619048 -0.276380
v -0.304321 2.708535 -0.265208
v -0.211547 2.526906 -0.324473
v -0.212869 2.637969 -0.311960
v -0.213990 2.731059 -0.292652
v -0.105527 2.538830 -0.349323
v -0.107041 2.649478 -0.335858
v -0.108175 2.743609 -0.309826
v -0.493996 2.465447 -0.035459
v -0.491404 2.587351 -0.036461
v -0.470807 2.694133 -0.037999
v -0.467921 2.455068 -0.101618
v -0.466383 2.574008 -0.102468
v -0.448019 2.674441 -0.103751
v -0.433705 2.465106 -0.170500
v -0.432888 2.579905 -0.169768
v -0.417548 2.671716 -0.168000
v -0.158969 2.223951 0.255986
v -0.160588 2.280253 0.343246
v -0.159877 2.334019 0.430323
v -0.326911 2.227086 0.251333
v -0.328779 2.282700 0.337966
v -0.324735 2.335097 0.423141
v -0.473165 2.242520 0.245462
v -0.473060 2.295914 0.330466
v -0.461105 2.344180 0.411001
v -0.661918 2.342319 0.237133
v -0.656379 2.386021 0.322955
v -0.623496 2.419374 0.404756
v -0.703053 2.432998 0.235524
v -0.695692 2.470037 0.323650
v -0.657610 2.495714 0.411009
v -0.719699 2.548574 0.234402
v -0.711006 2.578815 0.323558
v -0.670652 2.596906 0.413326
v -0.380273 2.997535 0.056831
v -0.407045 3.111406 0.084742
v -0.432176 3.222146 0.115146
v -0.263324 3.042819 0.058223
v -0.281390 3.152358 0.089297
v -0.298244 3.263870 0.120656
v -0.129595 3.058691 0.060978
v -0.137302 3.169423 0.093501
v -0.144784 3.281988 0.125331
v -0.502310 2.082731 0.059578
v -0.552556 2.152652 0.085301
v -0.603166 2.222688 0.115655
v -0.537742 2.177686 0.056405
v -0.591329 2.245041 0.083077
v -0.642838 2.318670 0.113688
v -0.556343 2.292860 0.055051
v -0.608918 2.365818 0.081867
v -0.660402 2.439838 0.112519
v -0.156683 2.869062 0.576131
v -0.153427 3.008007 0.564880
v -0.150313 3.142474 0.538735
v -0.322886 2.866122 0.563999
v -0.315529 3.004333 0.553087
v -0.307174 3.135899 0.527840
v -0.468484 2.863289 0.535940
v -0.455768 3.000336 0.525981
v -0.438419 3.125483 0.503569
v -0.159048 2.456397 0.548284
v -0.159824 2.534019 0.571619
v -0.160056 2.627066 0.579613
v -0.323252 2.453620 0.537290
v -0.327515 2.529907 0.559792
v -0.329283 2.622866 0.567476
v -0.459356 2.450208 0.512792
v -0.471845 2.523372 0.532614
v -0.477218 2.616444 0.539406
v -0.712828 2.843225 0.231167
v -0.701780 2.861399 0.320155
v -0.660355 2.864673 0.409868
v -0.690205 3.003519 0.229260
v -0.678551 3.015992 0.317086
v -0.638703 3.010536 0.404393
v -0.644870 3.151212 0.228255
v -0.633854 3.157405 0.313705
v -0.599119 3.140649 0.395558
v -0.456117 3.347978 0.233331
v -0.450535 3.343360 0.317912
v -0.436728 3.301011 0.398807
v -0.314063 3.391055 0.238559
v -0.311638 3.383317 0.324756
v -0.305828 3.333954 0.410351
v -0.152098 3.409462 0.242975
v -0.151364 3.400324 0.329795
v -0.149579 3.348232 0.417309
v -0.136021 1.729533 0.085708
v -0.119550 1.763144 0.060489
v -0.108250 1.791321 0.045389
v -0.268654 1.727072 0.076360
v -0.237778 1.762825 0.051574
v -0.216683 1.791119 0.037147
v -0.381991 1.726169 0.056358
v -0.339414 1.760922 0.032975
v -0.310291 1.789584 0.019298
v -0.517346 1.735770 -0.030629
v -0.461043 1.772360 -0.044528
v -0.422275 1.802002 -0.052458
v -0.531218 1.747146 -0.093072
v -0.473860 1.783092 -0.099393
v -0.434368 1.812201 -0.103123
v -0.510394 1.761110 -0.159151
v -0.455335 1.796605 -0.157108
v -0.417406 1.825555 -0.156110
v -0.369187 1.795028 -0.274588
v -0.329107 1.826282 -0.257578
v -0.301582 1.852829 -0.248398
v -0.258888 1.810576 -0.315785
v -0.230301 1.840698 -0.292950
v -0.210598 1.866867 -0.280289
v -0.132546 1.822934 -0.341645
v -0.117437 1.850315 -0.315455
v -0.107011 1.875227 -0.301271
v -1.626686 -2.504734 0.090330
v -1.669251 -2.511366 0.092978
v -1.712349 -2.509429 0.088718
v -1.623464 -2.509102 0.026798
v -1.668330 -2.515776 0.025969
v -1.713843 -2.513091 0.025064
v -1.625462 -2.505012 -0.036896
v -1.668020 -2.511153 -0.041103
v -1.711223 -2.508800 -0.038543
v -1.735831 -2.423721 0.194385
v -1.724641 -2.452305 0.188957
v -1.715857 -2.478180 0.172473
v -1.686266 -2.421570 0.207842
v -1.677329 -2.450079 0.201937
v -1.672786 -2.476895 0.183975
v -1.636523 -2.417479 0.196290
v -1.629874 -2.446316 0.190730
v -1.629712 -2.472676 0.174067
v -1.569042 -2.407112 0.099680
v -1.565279 -2.440666 0.097560
v -1.572656 -2.469137 0.091536
v -1.559921 -2.402160 0.026961
v -1.556426 -2.439502 0.027552
v -1.564748 -2.470062 0.027675
v -1.567837 -2.398233 -0.046078
v -1.563964 -2.438379 -0.042771
v -1.571443 -2.468871 -0.036482
v -1.633792 -2.394818 -0.145255
v -1.626887 -2.439646 -0.138353
v -1.626955 -2.471589 -0.121128
v -1.683395 -2.395933 -0.158718
v -1.674215 -2.441640 -0.151359
v -1.669933 -2.474615 -0.132648
v -1.733214 -2.398500 -0.147188
v -1.721828 -2.443169 -0.140201
v -1.713299 -2.474865 -0.122806
v -1.995344 -1.889504 -0.047259
v -1.988403 -2.003630 -0.047231
v -1.970470 -2.075188 -0.050303
v -2.012501 -1.972248 0.042177
v -2.004303 -2.083015 0.037596
v -1.984688 -2.149123 0.030970
v -2.014737 -2.066414 0.141078
v -2.007399 -2.166690 0.130661
v -1.985742 -2.225219 0.120131
v -1.774229 -1.786276 -0.156442
v -1.779113 -1.897064 -0.151801
v -1.770425 -1.974162 -0.150783
v -1.838861 -1.774099 -0.172390
v -1.840818 -1.885344 -0.166834
v -1.829810 -1.963340 -0.165170
v -1.904079 -1.786292 -0.159382
v -1.902766 -1.898321 -0.154267
v -1.889186 -1.975623 -0.153073
v -1.676309 -2.053511 0.149989
v -1.677322 -2.150962 0.138805
v -1.673604 -2.209804 0.127729
v -1.674483 -1.961910 0.050659
v -1.680200 -2.068970 0.044991
v -1.674833 -2.134192 0.037837
v -1.688308 -1.883188 -0.039914
v -1.695750 -1.993650 -0.040993
v -1.689569 -2.064140 -0.044529
v -1.698449 -2.248990 0.326910
v -1.707259 -2.322580 0.392127
v -1.716099 -2.369723 0.443567
v -1.686027 -2.299582 0.308603
v -1.691949 -2.353746 0.373961
v -1.700445 -2.392183 0.425902
v -1.688324 -2.338686 0.292189
v -1.695582 -2.382306 0.356070
v -1.704373 -2.415066 0.407758
v -1.748396 -2.417900 0.500391
v -1.771616 -2.430336 0.508636
v -1.794482 -2.437462 0.509426
v -1.736557 -2.433493 0.486368
v -1.762904 -2.442271 0.497656
v -1.789237 -2.446198 0.501302
v -1.739524 -2.449710 0.471895
v -1.764770 -2.454606 0.486349
v -1.789427 -2.455138 0.493010
v -1.754659 -2.390128 0.281975
v -1.763990 -2.420815 0.333747
v -1.770656 -2.447364 0.381903
v -1.814427 -2.398755 0.282320
v -1.821399 -2.426717 0.330320
v -1.824725 -2.452764 0.377262
v -1.878379 -2.392703 0.278251
v -1.882115 -2.423801 0.330077
v -1.881614 -2.451482 0.378419
v -1.926807 -2.174658 0.359338
v -1.928653 -2.286335 0.414384
v -1.925597 -2.347253 0.462360
v -1.857343 -2.163135 0.369410
v -1.864853 -2.277934 0.420779
v -1.866538 -2.340724 0.467341
v -1.787188 -2.169501 0.363373
v -1.798801 -2.280927 0.418073
v -1.804707 -2.342093 0.465816
v -1.979073 -2.350667 0.283868
v -1.976722 -2.394089 0.347720
v -1.970524 -2.426208 0.399665
v -2.002414 -2.313390 0.299682
v -1.998841 -2.367142 0.365017
v -1.991261 -2.404698 0.417238
v -2.004850 -2.261975 0.318259
v -2.000238 -2.335282 0.383700
v -1.992211 -2.381646 0.435491
v -1.864084 -2.443969 0.504972
v -1.860961 -2.449544 0.499730
v -1.858887 -2.455224 0.494457
v -1.847962 -2.443497 0.505279
v -1.845776 -2.448910 0.500197
v -1.843589 -2.454350 0.495117
v -1.831991 -2.442646 0.505939
v -1.830591 -2.448282 0.500664
v -1.828136 -2.453888 0.495424
v -1.905874 -2.402908 0.515051
v -1.891974 -2.419197 0.519828
v -1.879115 -2.430256 0.516788
v -1.861568 -2.398321 0.518799
v -1.857730 -2.415842 0.522610
v -1.853923 -2.428236 0.518450
v -1.815127 -2.399126 0.517702
v -1.821962 -2.416303 0.521885
v -1.827948 -2.428161 0.518297
v -1.789440 -2.473275 0.451023
v -1.802436 -2.472267 0.470400
v -1.814462 -2.466858 0.482339
v -1.830086 -2.477477 0.447260
v -1.833854 -2.475442 0.467611
v -1.837635 -2.468762 0.480673
v -1.872822 -2.476742 0.448362
v -1.866777 -2.475009 0.468337
v -1.861578 -2.468850 0.480826
v -1.939529 -2.458200 0.465682
v -1.917119 -2.460998 0.481586
v -1.895043 -2.459546 0.489696
v -1.955063 -2.442635 0.479704
v -1.928660 -2.449210 0.492573
v -1.902317 -2.450825 0.497821
v -1.955777 -2.426605 0.494184
v -1.929633 -2.436914 0.503882
v -1.904149 -2.441983 0.506118
v 0.925850 0.099548 -0.022959
v 0.000125 -0.955729 0.679565
v 0.889218 -0.847076 0.390968
v -0.925600 0.099548 -0.022959
v -0.888968 -0.847076 0.390968
v 0.727458 -0.865951 0.535696
v 0.515406 -0.894167 0.628179
v 0.268054 -0.930985 0.671704
v 0.953428 -0.169385 -0.024042
v 0.991763 -0.487271 -0.025324
v 1.023651 -0.831748 -0.024591
v 0.988070 -0.835906 0.196906
v -0.727208 -0.865951 0.535696
v -0.515156 -0.894167 0.628179
v -0.267804 -0.930985 0.671704
v -0.952395 -0.169820 -0.023621
v -0.988886 -0.488731 -0.023910
v -1.022492 -0.832253 -0.024102
v -0.987740 -0.835950 0.196949
v -0.911882 0.300002 -0.021947
v -0.921595 0.434310 -0.021121
vn 0.4301 0.5597 -0.7083
vn 0.3333 0.4896 -0.8057
vn 0.3277 0.6242 -0.7092
vn 0.4451 0.6608 -0.6043
vn 0.1845 0.4660 -0.8654
vn 0.1789 0.6126 -0.7699
vn 0.3027 0.7237 -0.6202
vn 0.4222 0.7370 -0.5279
vn 0.1635 0.7233 -0.6709
vn 0.3755 0.5781 -0.7244
vn 0.3847 0.3935 -0.8350
vn 0.4614 0.6775 -0.5728
vn 0.3156 0.3133 -0.8957
vn 0.1781 0.2895 -0.9405
vn -0.0000 0.2858 -0.9583
vn -0.0000 0.4618 -0.8870
vn -0.0000 0.6114 -0.7913
vn -0.0001 0.7250 -0.6888
vn -0.0002 0.7809 -0.6247
vn 0.1469 0.7776 -0.6113
vn 0.2749 0.7756 -0.5682
vn 0.3898 0.7833 -0.4843
vn 0.5104 0.7710 -0.3809
vn 0.4858 0.8061 -0.3380
vn 0.5063 0.7307 -0.4580
vn 0.2228 0.0564 0.9732
vn 0.1303 0.1903 0.9730
vn 0.1197 0.2629 0.9574
vn 0.1826 0.2037 0.9618
vn 0.0997 0.3408 0.9348
vn 0.0844 0.3381 0.9373
vn 0.0771 0.3184 0.9448
vn 0.1069 0.2876 0.9518
vn 0.0568 0.3602 0.9312
vn 0.1044 -0.3793 0.9194
vn 0.1665 -0.0460 0.9850
vn 0.3374 -0.0638 0.9392
vn 0.1178 0.1419 0.9829
vn 0.1113 0.3828 0.9171
vn 0.2159 0.7065 0.6740
vn 0.1183 0.5068 0.8539
vn 0.0786 0.4468 0.8912
vn 0.0487 0.4492 0.8921
vn -0.0000 0.4554 0.8903
vn -0.0000 0.3707 0.9287
vn -0.0000 0.3376 0.9413
vn -0.0000 0.3131 0.9497
vn 0.1360 0.2600 0.9560
vn -0.0000 0.2839 0.9589
vn 0.2529 0.1680 0.9528
vn 0.1493 0.0149 -0.9887
vn 0.3350 0.0339 -0.9416
vn 0.3143 0.0180 -0.9492
vn 0.1310 -0.0082 -0.9913
vn 0.5666 0.0589 -0.8219
vn 0.5523 0.0495 -0.8322
vn 0.2841 0.0063 -0.9588
vn 0.0828 -0.0484 -0.9954
vn 0.5353 0.0475 -0.8433
vn -0.0000 0.0323 -0.9995
vn 0.1609 0.0395 -0.9862
vn -0.0000 0.0077 -1.0000
vn 0.3500 0.0573 -0.9350
vn 0.5765 0.0770 -0.8134
vn 0.8038 0.0889 -0.5882
vn 0.8000 0.0829 -0.5943
vn 0.7927 0.0791 -0.6045
vn 0.7855 0.0812 -0.6135
vn 0.7787 0.0904 -0.6208
vn 0.5183 0.0522 -0.8536
vn 0.2440 -0.0020 -0.9698
vn -0.0058 -0.1106 -0.9939
vn -0.0000 -0.0826 -0.9966
vn -0.0000 -0.3252 -0.9457
vn -0.0000 -0.0192 -0.9998
vn 0.3402 0.8468 -0.4090
vn 0.3474 0.9261 -0.1474
vn 0.3492 0.9233 -0.1600
vn 0.3374 0.8550 -0.3939
vn 0.3088 0.9370 0.1635
vn 0.3331 0.9362 0.1120
vn 0.4211 0.8889 -0.1804
vn 0.3991 0.8365 -0.3755
vn 0.4129 0.9092 0.0547
vn 0.3942 0.8227 -0.4097
vn 0.2962 0.6592 -0.6911
vn 0.3901 0.9109 -0.1343
vn 0.3410 0.9170 0.2070
vn 0.2230 0.7863 0.5763
vn 0.3001 0.8227 0.4828
vn 0.4328 0.8187 0.3773
vn 0.5847 0.7769 0.2336
vn 0.5994 0.8004 0.0061
vn 0.5857 0.7831 -0.2088
vn 0.5565 0.7383 -0.3811
vn 0.3798 0.7090 -0.5942
vn 0.5142 0.6816 -0.5206
vn 0.2983 0.7032 -0.6454
vn 0.1709 0.0264 -0.9849
vn 0.1647 0.0612 -0.9844
vn 0.2774 0.0427 -0.9598
vn 0.2939 -0.0129 -0.9558
vn 0.1675 0.1443 -0.9753
vn 0.2875 0.1504 -0.9459
vn 0.3096 0.0236 -0.9506
vn 0.3393 -0.0884 -0.9365
vn 0.3326 0.1865 -0.9244
vn -0.0000 0.0462 -0.9989
vn -0.0000 0.0378 -0.9993
vn 0.1797 0.0364 -0.9830
vn -0.0000 0.0684 -0.9977
vn -0.0000 0.1452 -0.9894
vn 0.2891 0.2637 -0.9203
vn 0.2491 0.0334 -0.9679
vn 0.2387 -0.1418 -0.9607
vn 0.4052 -0.1663 -0.8990
vn 0.0998 -0.5014 -0.8594
vn 0.3267 -0.0102 -0.9451
vn 0.5061 0.0598 0.8604
vn 0.1994 -0.0044 0.9799
vn 0.1621 0.0030 0.9868
vn 0.4977 0.0685 0.8647
vn -0.1422 -0.1425 0.9795
vn -0.2631 -0.1087 0.9586
vn 0.1409 0.0143 0.9899
vn 0.4919 0.0756 0.8674
vn -0.3096 -0.0715 0.9482
vn 0.7793 0.0892 0.6202
vn 0.5187 0.0519 0.8534
vn 0.7750 0.0992 0.6241
vn 0.2440 -0.0020 0.9698
vn -0.0058 -0.1106 0.9938
vn -0.0000 -0.3252 0.9457
vn -0.5657 -0.3786 0.7326
vn -0.7086 -0.2309 0.6667
vn -0.7422 -0.1539 0.6523
vn -0.7501 -0.1258 0.6493
vn -0.3226 -0.0561 0.9449
vn 0.1342 0.0182 0.9908
vn 0.4887 0.0764 0.8691
vn 0.7667 0.1232 0.6300
vn 0.7630 0.1250 0.6342
vn 0.7713 0.1120 0.6266
vn 0.5662 0.0528 0.8226
vn 0.3336 0.0299 0.9422
vn 0.3138 0.0165 0.9493
vn 0.5522 0.0470 0.8324
vn 0.1483 0.0127 0.9889
vn 0.1307 -0.0090 0.9914
vn 0.2973 0.0098 0.9547
vn 0.5415 0.0451 0.8395
vn 0.1158 -0.0212 0.9930
vn 0.8057 0.0693 0.5883
vn 0.5747 0.0635 0.8159
vn 0.8017 0.0760 0.5928
vn 0.3464 0.0497 0.9368
vn 0.1583 0.0364 0.9867
vn -0.0000 0.0309 0.9995
vn -0.0000 0.0062 1.0000
vn -0.0000 -0.0197 0.9998
vn -0.0000 -0.0342 0.9994
vn 0.0505 -0.0751 0.9959
vn -0.0000 -0.1260 0.9920
vn 0.2705 0.0019 0.9627
vn 0.5289 0.0485 0.8473
vn 0.7827 0.0850 0.6166
vn 0.7935 0.0764 0.6037
vn 0.7888 0.0761 0.6099
vn 0.9475 0.1000 -0.3038
vn 0.9820 0.1056 -0.1567
vn 0.9810 0.1035 -0.1643
vn 0.9449 0.0984 -0.3121
vn 0.9833 0.1027 0.1500
vn 0.9496 0.0951 0.2987
vn 0.9460 0.0966 0.3094
vn 0.9816 0.1024 0.1610
vn 0.9927 0.1066 -0.0562
vn 0.9442 0.0995 -0.3139
vn 0.9449 0.0919 0.3141
vn 0.9820 0.0939 0.1637
vn 0.9498 0.0885 -0.3001
vn 0.9968 0.0792 -0.0102
vn 0.9547 0.0708 0.2890
vn 0.9441 0.1067 0.3120
vn 0.9433 0.1111 0.3127
vn 0.9930 0.1180 0.0007
vn 0.9432 0.1125 -0.3125
vn -0.3228 -0.0651 -0.9442
vn 0.1354 0.0056 -0.9908
vn 0.1378 -0.0229 -0.9902
vn -0.3208 -0.0898 -0.9429
vn 0.4900 0.0599 -0.8696
vn 0.4938 0.0288 -0.8691
vn 0.1389 -0.0564 -0.9887
vn -0.3196 -0.1185 -0.9401
vn 0.4971 -0.0063 -0.8677
vn -0.7501 -0.1258 -0.6493
vn -0.3226 -0.0561 -0.9449
vn -0.7498 -0.1305 -0.6487
vn 0.1344 0.0180 -0.9908
vn 0.4888 0.0752 -0.8692
vn 0.7624 0.1222 -0.6354
vn 0.7629 0.1031 -0.6382
vn 0.7679 0.0663 -0.6372
vn 0.7731 0.0300 -0.6336
vn 0.7758 0.0016 -0.6310
vn 0.4977 -0.0361 -0.8666
vn 0.1382 -0.0844 -0.9868
vn -0.3197 -0.1421 -0.9368
vn -0.7455 -0.1692 -0.6446
vn -0.7442 -0.1855 -0.6416
vn -0.7476 -0.1487 -0.6473
vn -0.8260 -0.4861 0.2856
vn -0.8727 -0.4883 -0.0000
vn -0.9654 -0.2607 -0.0000
vn -0.9254 -0.2662 0.2696
vn -0.8260 -0.4861 -0.2856
vn -0.9254 -0.2662 -0.2696
vn -0.9824 -0.1866 -0.0000
vn -0.9432 -0.1844 0.2763
vn -0.9432 -0.1844 -0.2763
vn -0.0000 -0.8838 0.4678
vn -0.0000 -1.0000 -0.0000
vn -0.0000 -0.8838 -0.4678
vn -0.5657 -0.3786 -0.7326
vn -0.7086 -0.2309 -0.6667
vn -0.7422 -0.1539 -0.6523
vn -0.9473 -0.1572 -0.2793
vn -0.9866 -0.1630 -0.0000
vn -0.9473 -0.1572 0.2793
vn 0.9418 0.1234 -0.3128
vn 0.9916 0.1297 0.0018
vn 0.9892 0.1466 0.0012
vn 0.9390 0.1376 -0.3152
vn 0.9415 0.1221 0.3142
vn 0.9386 0.1387 0.3159
vn 0.9864 0.1643 -0.0004
vn 0.9351 0.1530 -0.3197
vn 0.9352 0.1546 0.3186
vn 0.7740 0.1004 -0.6252
vn 0.9334 0.1582 0.3222
vn 0.9857 0.1685 -0.0020
vn 0.9327 0.1558 -0.3253
vn 0.7660 0.1214 -0.6313
vn 0.7704 0.1112 -0.6278
vn -0.1422 -0.1425 -0.9795
vn 0.1994 -0.0043 -0.9799
vn 0.1619 0.0030 -0.9868
vn -0.2631 -0.1087 -0.9586
vn 0.5050 0.0601 -0.8610
vn 0.4964 0.0682 -0.8654
vn 0.1407 0.0142 -0.9899
vn -0.3096 -0.0715 -0.9482
vn 0.4911 0.0748 -0.8679
vn 0.4976 -0.0485 0.8661
vn 0.1379 -0.0944 0.9859
vn 0.1409 -0.0849 0.9864
vn 0.5000 -0.0415 0.8650
vn -0.3202 -0.1493 0.9355
vn -0.3177 -0.1386 0.9380
vn 0.1504 -0.0477 0.9875
vn 0.5070 -0.0066 0.8619
vn -0.3043 -0.0991 0.9474
vn 0.7756 0.0016 0.6312
vn 0.4975 -0.0353 0.8668
vn 0.7776 -0.0130 0.6286
vn 0.1383 -0.0834 0.9869
vn -0.3197 -0.1411 0.9369
vn -0.7444 -0.1849 0.6416
vn -0.7453 -0.1901 0.6390
vn -0.7492 -0.1822 0.6368
vn -0.7594 -0.1535 0.6323
vn -0.8003 -0.0338 0.5987
vn -0.2824 0.0146 0.9592
vn 0.1666 0.0561 0.9844
vn 0.5206 0.0991 0.8480
vn 0.8078 0.0175 0.5892
vn 0.8703 0.1281 0.4755
vn 0.7843 -0.0102 0.6203
vn 0.4892 0.0610 0.8700
vn 0.1349 0.0056 0.9908
vn 0.1374 -0.0230 0.9903
vn 0.4926 0.0283 0.8698
vn -0.3228 -0.0651 0.9442
vn -0.3208 -0.0898 0.9429
vn 0.1387 -0.0565 0.9887
vn 0.4961 -0.0073 0.8682
vn -0.3196 -0.1185 0.9401
vn 0.7634 0.1060 0.6372
vn -0.7498 -0.1305 0.6487
vn -0.7476 -0.1487 0.6473
vn -0.7455 -0.1692 0.6446
vn 0.7724 0.0282 0.6345
vn 0.7679 0.0662 0.6372
vn -0.9467 -0.1599 0.2795
vn -0.9862 -0.1658 -0.0000
vn -0.9842 -0.1771 -0.0000
vn -0.9447 -0.1728 0.2788
vn -0.9467 -0.1599 -0.2795
vn -0.9447 -0.1728 -0.2788
vn -0.9819 -0.1892 -0.0000
vn -0.9424 -0.1868 0.2776
vn -0.9424 -0.1868 -0.2776
vn -0.9406 -0.1974 -0.2763
vn -0.9802 -0.1983 -0.0001
vn -0.9407 -0.1972 0.2761
vn 0.9346 0.1333 -0.3297
vn 0.9894 0.1450 -0.0035
vn 0.9953 0.0965 -0.0040
vn 0.9400 0.0889 -0.3294
vn 0.9359 0.1362 0.3248
vn 0.9415 0.0896 0.3248
vn 0.9984 0.0557 -0.0027
vn 0.9443 0.0505 -0.3251
vn 0.9452 0.0490 0.3228
vn 0.9471 0.0245 0.3201
vn 0.9995 0.0318 -0.0010
vn 0.9468 0.0250 -0.3209
vn 0.8912 -0.4333 -0.1339
vn 0.9930 -0.0387 -0.1115
vn 0.9870 -0.0194 -0.1595
vn 0.8784 -0.4479 -0.1665
vn 0.9724 0.2222 0.0712
vn 0.9376 0.3473 -0.0153
vn 0.9804 -0.0057 -0.1970
vn 0.8699 -0.4571 -0.1854
vn 0.8955 0.4290 -0.1188
vn 0.6051 -0.7936 -0.0634
vn 0.9017 -0.4221 -0.0937
vn 0.5949 -0.7992 -0.0861
vn 0.9957 -0.0665 -0.0639
vn 0.9892 0.1011 0.1062
vn 0.8299 0.3475 0.4366
vn 0.7439 0.6039 0.2862
vn 0.6453 0.7623 0.0492
vn 0.5867 0.8052 -0.0864
vn 0.8718 0.4605 -0.1668
vn 0.9797 0.0022 -0.2005
vn 0.8704 -0.4589 -0.1784
vn 0.5794 -0.8059 -0.1215
vn 0.5812 -0.8056 -0.1149
vn 0.5853 -0.8037 -0.1073
vn -0.9406 -0.2009 0.2737
vn -0.9793 -0.2022 -0.0008
vn -0.9796 -0.2009 -0.0039
vn -0.9434 -0.1969 0.2670
vn -0.9397 -0.2028 -0.2754
vn -0.9396 -0.2030 -0.2754
vn -0.9809 -0.1940 -0.0121
vn -0.9519 -0.1835 0.2452
vn -0.9403 -0.1982 -0.2768
vn -0.7439 -0.1946 -0.6393
vn -0.7443 -0.1969 -0.6382
vn -0.7451 -0.1935 -0.6382
vn -0.7466 -0.1838 -0.6394
vn -0.9415 -0.1867 -0.2807
vn -0.9835 -0.1786 -0.0290
vn -0.9677 -0.1541 0.1996
vn 0.9474 0.0056 -0.3201
vn 0.9999 0.0143 -0.0022
vn 0.9999 0.0052 -0.0104
vn 0.9466 -0.0052 -0.3222
vn 0.9487 0.0086 0.3162
vn 0.9532 0.0048 0.3023
vn 0.9995 0.0031 -0.0314
vn 0.9449 -0.0102 -0.3273
vn 0.9664 0.0141 0.2567
vn 0.7759 -0.0186 -0.6306
vn 0.9845 0.0330 0.1721
vn 0.9977 0.0044 -0.0683
vn 0.9416 -0.0126 -0.3364
vn 0.7749 -0.0338 -0.6312
vn 0.7744 -0.0353 -0.6317
vn 0.7754 -0.0292 -0.6308
vn -0.3205 -0.1560 -0.9343
vn 0.1370 -0.1018 -0.9853
vn 0.1360 -0.1096 -0.9846
vn -0.3213 -0.1613 -0.9332
vn 0.4967 -0.0554 -0.8662
vn 0.4959 -0.0648 -0.8660
vn 0.1355 -0.1109 -0.9846
vn -0.3218 -0.1602 -0.9331
vn 0.4956 -0.0680 -0.8659
vn 0.4956 -0.0672 -0.8659
vn 0.1355 -0.1072 -0.9850
vn -0.3224 -0.1532 -0.9341
vn 0.1707 0.0664 -0.9831
vn 0.1788 0.0818 -0.9805
vn 0.3641 0.0794 -0.9280
vn 0.3605 0.0807 -0.9293
vn 0.1829 0.0684 -0.9807
vn 0.3547 0.0383 -0.9342
vn 0.5709 0.0355 -0.8203
vn 0.5800 0.0848 -0.8102
vn 0.5103 -0.1014 -0.8540
vn -0.0000 0.0588 -0.9983
vn -0.0000 0.0773 -0.9970
vn -0.0000 0.0712 -0.9975
vn 0.6057 -0.4078 -0.6833
vn 0.7845 -0.0695 -0.6162
vn 0.8026 0.0678 -0.5926
vn 0.9491 0.0312 -0.3134
vn 0.9208 -0.1980 -0.3360
vn 0.9552 -0.2926 -0.0448
vn 0.9995 -0.0123 -0.0291
vn 0.5091 -0.7867 -0.3491
vn 0.2711 -0.9603 0.0652
vn 0.9117 -0.2933 0.2877
vn 0.9576 -0.0270 0.2869
vn 0.4704 -0.7929 0.3873
vn -0.6014 -0.7840 -0.1538
vn -0.7158 -0.6843 0.1392
vn -0.5287 -0.7407 0.4146
vn 0.5697 -0.4223 0.7050
vn 0.7600 -0.1502 0.6324
vn 0.7984 0.0137 0.6020
vn 0.5701 0.0610 0.8193
vn 0.5401 0.0209 0.8414
vn 0.3411 0.1122 0.9333
vn 0.3512 0.0786 0.9330
vn 0.4635 -0.0544 0.8844
vn 0.3094 0.1428 0.9401
vn 0.1643 0.1411 0.9763
vn 0.1643 0.0761 0.9835
vn 0.1555 0.2128 0.9646
vn -0.0000 0.2278 0.9737
vn -0.0000 0.1451 0.9894
vn -0.0000 0.0728 0.9973
vn 0.8508 0.2028 -0.4847
vn 0.8134 0.3442 -0.4690
vn 0.8909 0.3872 -0.2374
vn 0.9449 0.2321 -0.2307
vn 0.7276 0.5363 -0.4278
vn 0.7773 0.5857 -0.2299
vn 0.9187 0.3891 0.0678
vn 0.9707 0.2194 0.0976
vn 0.8060 0.5913 0.0264
vn 0.6744 0.0646 -0.7356
vn 0.6711 0.1409 -0.7278
vn 0.8734 0.1019 -0.4763
vn 0.6566 0.2804 -0.7001
vn 0.5985 0.4899 -0.6339
vn 0.7268 0.5732 0.3785
vn 0.8203 0.3352 0.4634
vn 0.8496 0.1547 0.5041
vn 0.9874 0.0859 0.1331
vn 0.8439 0.0417 0.5349
vn 0.9733 0.1066 -0.2034
vn 0.1423 0.4430 0.8852
vn 0.1269 0.1400 0.9820
vn 0.2583 0.1755 0.9500
vn 0.2665 0.5031 0.8221
vn 0.1255 -0.0408 0.9913
vn 0.2566 0.0031 0.9665
vn 0.5438 0.2466 0.8022
vn 0.4981 0.5452 0.6743
vn 0.5502 0.0655 0.8325
vn 0.0631 -0.1297 0.9895
vn 0.2293 -0.0509 0.9720
vn 0.5301 -0.0091 0.8479
vn 0.1189 -0.0929 -0.9886
vn 0.1770 0.0862 -0.9804
vn 0.2167 0.1516 -0.9644
vn 0.1814 -0.0093 -0.9834
vn 0.2280 0.3551 -0.9066
vn 0.2518 0.4271 -0.8684
vn 0.4098 0.2143 -0.8866
vn 0.4005 0.0633 -0.9141
vn 0.3966 0.4655 -0.7912
vn -0.0004 -0.1993 -0.9799
vn 0.3812 0.0009 -0.9245
vn 0.1294 -0.0740 -0.9888
vn 0.9285 -0.0552 -0.3671
vn 0.9989 -0.0461 -0.0099
vn 0.9987 -0.0502 0.0071
vn 0.9440 -0.0781 -0.3206
vn 0.9434 -0.0284 0.3306
vn 0.9496 -0.0099 0.3133
vn 0.9988 0.0493 0.0065
vn 0.9577 0.0161 -0.2872
vn 0.9590 0.0874 0.2696
vn 0.6592 0.0859 -0.7470
vn 0.9010 0.1451 -0.4089
vn 0.6945 -0.0674 -0.7163
vn 0.9860 0.1630 -0.0355
vn 0.9311 0.1518 0.3317
vn 0.7344 0.1178 0.6685
vn 0.7508 -0.0013 0.6606
vn 0.7647 0.0335 0.6435
vn 0.7934 0.1245 0.5958
vn 0.8336 0.2019 0.5141
vn 0.9751 0.1122 0.1912
vn 0.9967 0.0770 -0.0261
vn 0.9581 0.0548 -0.2810
vn 0.7596 -0.0241 -0.6500
vn 0.7779 0.0217 -0.6281
vn 0.7265 -0.0974 -0.6803
vn 0.2005 -0.9386 -0.2809
vn -0.0184 -0.9892 -0.1452
vn -0.0136 -0.7026 0.7114
vn 0.2805 -0.9545 0.1016
vn -0.4802 -0.7146 0.5086
vn -0.3806 0.2042 0.9019
vn 0.0160 -0.0198 0.9997
vn 0.4115 -0.6340 0.6548
vn -0.3528 0.3832 0.8536
vn 0.5268 -0.7316 -0.4328
vn 0.1947 -0.8713 -0.4506
vn 0.4602 -0.8298 -0.3158
vn -0.0246 -0.9080 -0.4182
vn -0.2926 -0.9115 -0.2890
vn -0.8701 -0.4713 0.1442
vn -0.7545 0.1650 0.6352
vn -0.6028 0.4483 0.6601
vn -0.6219 0.4885 0.6120
vn -0.7121 0.3776 0.5919
vn -0.4095 0.2955 0.8631
vn 0.0065 0.0614 0.9981
vn 0.4503 -0.2933 0.8433
vn 0.6307 -0.7409 0.2308
vn 0.7375 -0.4938 0.4608
vn 0.5002 -0.8618 -0.0845
vn 0.4293 0.0213 0.9029
vn 0.0624 0.0234 0.9978
vn 0.0362 0.0403 0.9985
vn 0.4271 0.0522 0.9027
vn -0.3360 0.0011 0.9418
vn -0.3824 0.0045 0.9240
vn 0.0333 0.0783 0.9964
vn 0.4366 0.1205 0.8915
vn -0.3951 0.0128 0.9185
vn 0.4255 0.0663 0.9025
vn 0.0845 0.0046 0.9964
vn -0.2889 -0.0742 0.9545
vn -0.6739 -0.1714 0.7187
vn -0.7273 -0.0451 0.6848
vn -0.7719 -0.0492 0.6338
vn -0.8052 -0.0802 0.5876
vn -0.8338 0.0117 0.5519
vn -0.3814 0.1135 0.9174
vn 0.0296 0.1743 0.9842
vn 0.4242 0.2184 0.8788
vn -0.9466 -0.0962 0.3077
vn -0.9905 -0.1354 -0.0228
vn -0.9917 -0.1134 -0.0608
vn -0.9637 -0.0903 0.2513
vn -0.9281 -0.1622 -0.3351
vn -0.9283 -0.1269 -0.3494
vn -0.9806 -0.1683 -0.1004
vn -0.9712 -0.1449 0.1891
vn -0.9145 -0.1716 -0.3664
vn -0.9043 -0.2478 0.3476
vn -0.9574 -0.2883 0.0135
vn -0.9015 -0.3032 -0.3088
vn -0.7030 -0.2742 -0.6562
vn -0.7260 -0.1685 -0.6668
vn -0.7377 -0.1320 -0.6621
vn -0.7325 -0.1599 -0.6617
vn -0.7268 -0.1667 -0.6663
vn -0.9089 -0.1797 -0.3764
vn -0.9769 -0.1720 -0.1267
vn -0.9821 -0.1338 0.1326
vn -0.3952 -0.1467 -0.9068
vn -0.0384 -0.1161 -0.9925
vn -0.0396 -0.1159 -0.9925
vn -0.4116 -0.1260 -0.9026
vn 0.3320 -0.0889 -0.9391
vn 0.3539 -0.1079 -0.9290
vn -0.0353 -0.1032 -0.9940
vn -0.4153 -0.1344 -0.8997
vn 0.3793 -0.0672 -0.9228
vn -0.3798 -0.1944 -0.9044
vn -0.0402 -0.1013 -0.9940
vn 0.3090 -0.0060 -0.9510
vn 0.4044 -0.0307 -0.9141
vn -0.0213 -0.0849 -0.9962
vn -0.4084 -0.1319 -0.9032
vn 0.9115 -0.2986 -0.2830
vn 0.9395 -0.3412 -0.0309
vn 0.9168 -0.3993 -0.0083
vn 0.8865 -0.3851 -0.2565
vn 0.9026 -0.3731 0.2147
vn 0.8774 -0.4222 0.2278
vn 0.7822 -0.6230 0.0094
vn 0.7631 -0.6138 -0.2024
vn 0.7545 -0.6233 0.2057
vn 0.7439 -0.2506 -0.6195
vn 0.8848 -0.3372 -0.3214
vn 0.7637 -0.2470 -0.5965
vn 0.9067 -0.4138 -0.0813
vn 0.8620 -0.4847 0.1482
vn 0.7666 -0.3601 0.5316
vn 0.7329 -0.4410 0.5181
vn 0.6223 -0.6473 0.4402
vn 0.4577 -0.8304 0.3178
vn 0.4857 -0.8566 0.1742
vn 0.4924 -0.8700 0.0252
vn 0.4828 -0.8648 -0.1380
vn 0.6262 -0.6236 -0.4680
vn 0.4492 -0.8379 -0.3100
vn 0.7366 -0.3746 -0.5631
vn -0.8314 0.3444 0.4360
vn -0.9038 0.3600 0.2315
vn -0.8935 0.4015 0.2012
vn -0.7767 0.4559 0.4347
vn -0.9434 0.3278 -0.0510
vn -0.9370 0.3379 -0.0891
vn -0.9140 0.3836 0.1318
vn -0.8085 0.4574 0.3703
vn -0.9388 0.3118 -0.1465
vn -0.9484 0.1360 0.2866
vn -0.9499 0.2576 0.1768
vn -0.9598 0.2726 -0.0667
vn -0.8466 0.2387 -0.4758
vn -0.8426 0.2643 -0.4692
vn -0.8325 0.2597 -0.4895
vn -0.8240 0.2353 -0.5154
vn -0.8211 0.1823 -0.5409
vn -0.9491 0.2450 -0.1978
vn -0.9513 0.3009 0.0667
vn -0.8802 0.3579 0.3117
vn -0.4895 0.1447 -0.8599
vn -0.0296 -0.0027 -0.9996
vn -0.0276 -0.0093 -0.9996
vn -0.4879 0.1375 -0.8620
vn 0.3634 -0.1459 -0.9201
vn 0.3811 -0.1547 -0.9115
vn -0.0274 -0.0114 -0.9996
vn -0.4885 0.1249 -0.8636
vn 0.4023 -0.1528 -0.9027
vn -0.4848 0.1380 -0.8637
vn -0.0270 0.0033 -0.9996
vn 0.3606 -0.1281 -0.9239
vn 0.6422 -0.2485 -0.7251
vn 0.6411 -0.2782 -0.7153
vn 0.6664 -0.2896 -0.6870
vn 0.7033 -0.2840 -0.6517
vn 0.4230 -0.1402 -0.8952
vn -0.0271 -0.0196 -0.9994
vn -0.4897 0.0929 -0.8669
vn 0.7728 -0.3905 -0.5003
vn 0.7749 -0.5068 -0.3778
vn 0.7987 -0.5290 -0.2868
vn 0.7974 -0.4064 -0.4460
vn 0.6669 -0.6640 -0.3381
vn 0.6971 -0.6924 -0.1863
vn 0.8472 -0.5018 -0.1745
vn 0.8368 -0.3933 -0.3809
vn 0.7740 -0.6332 -0.0001
vn 0.7809 -0.3460 -0.5200
vn 0.7988 -0.4397 -0.4107
vn 0.7193 -0.5731 -0.3927
vn -0.1823 -0.2396 -0.9536
vn 0.0564 -0.0936 -0.9940
vn -0.0118 -0.0961 -0.9953
vn -0.3290 -0.2522 -0.9100
vn 0.3482 0.0023 -0.9374
vn 0.3081 0.0474 -0.9502
vn -0.0392 -0.0918 -0.9950
vn -0.3666 -0.2403 -0.8988
vn 0.2940 0.0631 -0.9537
vn -0.5922 -0.4667 -0.6569
vn 0.6657 0.0768 -0.7422
vn 0.6342 0.1831 -0.7512
vn 0.6231 0.2190 -0.7509
vn -0.6814 -0.3711 -0.6308
vn -0.6724 -0.4023 -0.6213
vn -0.8358 -0.4016 0.3744
vn -0.9038 -0.4124 0.1146
vn -0.9003 -0.4284 0.0769
vn -0.8401 -0.3937 0.3731
vn -0.8659 -0.4760 -0.1538
vn -0.8660 -0.4482 -0.2217
vn -0.9045 -0.4240 0.0455
vn -0.8450 -0.3921 0.3637
vn -0.8636 -0.4270 -0.2679
vn -0.5051 -0.3375 0.7943
vn -0.6202 -0.3011 0.7244
vn -0.6016 -0.3056 0.7381
vn 0.4910 -0.0018 0.8712
vn 0.1737 -0.0493 0.9836
vn 0.1109 -0.0371 0.9931
vn 0.4372 0.0666 0.8969
vn -0.0796 -0.1444 0.9863
vn -0.2219 -0.1603 0.9618
vn 0.0934 -0.0156 0.9955
vn 0.4193 0.1127 0.9008
vn -0.2560 -0.1538 0.9544
vn 0.8148 0.0410 0.5782
vn 0.7171 0.2382 0.6550
vn 0.7556 0.1703 0.6325
vn 0.8823 0.1120 -0.4572
vn 0.9813 0.1074 -0.1597
vn 0.9524 0.2848 -0.1089
vn 0.8574 0.2677 -0.4396
vn 0.9795 0.0805 0.1846
vn 0.9349 0.2502 0.2516
vn 0.9319 0.3571 -0.0642
vn 0.8465 0.3245 -0.4222
vn 0.8957 0.3267 0.3016
vn -0.2532 -0.9388 -0.2335
vn 0.0144 -0.9680 -0.2504
vn 0.0025 -0.9952 -0.0977
vn -0.2680 -0.9591 -0.0910
vn 0.2783 -0.9264 -0.2535
vn 0.2726 -0.9555 -0.1127
vn 0.0010 -0.9996 -0.0274
vn -0.2674 -0.9635 -0.0151
vn 0.2688 -0.9622 -0.0441
vn -0.5280 -0.7296 -0.4346
vn -0.2521 -0.8136 -0.5240
vn -0.5883 -0.7733 -0.2367
vn 0.0513 -0.8295 -0.5561
vn 0.3350 -0.7758 -0.5347
vn 0.5693 -0.6784 -0.4643
vn 0.6065 -0.7444 -0.2796
vn 0.6141 -0.7765 -0.1414
vn 0.6122 -0.7876 -0.0705
vn 0.2664 -0.9634 -0.0280
vn 0.0016 -1.0000 -0.0035
vn -0.2642 -0.9643 0.0189
vn -0.6081 -0.7938 -0.0036
vn -0.6014 -0.7977 0.0445
vn -0.6079 -0.7886 -0.0925
vn -0.9844 -0.1331 0.1152
vn -0.9839 -0.1694 -0.0563
vn -0.9700 -0.2284 -0.0833
vn -0.9775 -0.2071 0.0389
vn -0.9399 -0.1831 -0.2881
vn -0.9244 -0.2433 -0.2939
vn -0.8807 -0.4641 -0.0948
vn -0.8865 -0.4627 0.0093
vn -0.8456 -0.4580 -0.2743
vn -0.9608 -0.0546 0.2718
vn -0.7457 -0.1852 -0.6401
vn -0.7320 -0.2569 -0.6310
vn -0.6679 -0.4720 -0.5754
vn -0.8844 -0.4615 0.0699
vn -0.9780 -0.1720 0.1182
vn 0.9369 -0.0311 -0.3483
vn 0.9931 -0.0120 -0.1171
vn 0.9810 -0.1141 -0.1569
vn 0.9264 -0.1244 -0.3553
vn 0.9988 0.0268 0.0414
vn 0.9934 -0.0951 -0.0633
vn 0.8960 -0.4118 -0.1659
vn 0.8593 -0.3890 -0.3322
vn 0.9043 -0.4173 -0.0898
vn 0.7731 -0.0522 -0.6322
vn 0.7143 -0.3811 -0.5870
vn 0.7657 -0.1405 -0.6277
vn -0.3234 -0.1601 -0.9326
vn 0.1336 -0.1182 -0.9840
vn 0.1247 -0.2104 -0.9696
vn -0.3220 -0.2465 -0.9141
vn 0.4946 -0.0813 -0.8653
vn 0.4860 -0.1705 -0.8572
vn 0.0987 -0.4958 -0.8628
vn -0.2935 -0.5022 -0.8134
vn 0.4358 -0.4365 -0.7871
vn -0.8017 0.4456 0.3985
vn -0.9031 -0.0035 0.4294
vn -0.5182 -0.0020 0.8552
vn -0.4539 0.3272 0.8288
vn -0.7982 -0.4518 0.3985
vn -0.4513 -0.3307 0.8288
vn 0.0421 0.0002 0.9991
vn 0.0507 0.0958 0.9941
vn 0.0515 -0.0954 0.9941
vn -0.5725 0.8003 0.1783
vn -0.8629 0.4524 0.2252
vn -0.5295 0.7874 0.3157
vn -0.9715 -0.0066 0.2371
vn -0.8602 -0.4656 0.2081
vn -0.5694 -0.8097 0.1417
vn -0.5234 -0.7914 0.3157
vn -0.2655 -0.5951 0.7585
vn 0.0945 -0.1870 0.9778
vn 0.2082 -0.0189 0.9779
vn 0.2067 -0.0064 0.9784
vn 0.2079 0.0008 0.9782
vn 0.2067 0.0080 0.9784
vn 0.0931 0.1877 0.9778
vn 0.2081 0.0205 0.9779
vn -0.2701 0.5931 0.7585
vn 0.5140 0.3471 0.7845
vn 0.1797 0.3002 0.9368
vn 0.1520 0.6732 0.7237
vn 0.4415 0.6842 0.5804
vn -0.2275 0.2857 0.9309
vn -0.1772 0.6559 0.7337
vn 0.0701 0.9434 0.3243
vn 0.3378 0.9148 0.2215
vn -0.2152 0.9083 0.3588
vn -0.6861 0.2315 0.6897
vn -0.5919 0.5508 0.5885
vn -0.5716 0.7485 0.3362
vn -0.2494 0.9611 0.1187
vn 0.0109 0.9979 0.0635
vn 0.2691 0.9631 -0.0008
vn -0.9245 0.1021 0.3671
vn -0.9766 -0.1214 0.1776
vn -0.9750 -0.0655 0.2125
vn -0.8891 0.2847 0.3584
vn -0.8794 -0.4626 0.1128
vn -0.8728 -0.4647 0.1496
vn -0.9748 -0.0242 0.2219
vn -0.8708 0.4076 0.2751
vn -0.8668 -0.4657 0.1782
vn -0.5922 -0.8023 0.0744
vn -0.5829 -0.8065 0.0990
vn -0.5759 -0.8090 0.1182
vn -0.2607 -0.9648 0.0343
vn 0.0021 -1.0000 -0.0001
vn 0.0024 -1.0000 -0.0000
vn -0.2575 -0.9652 0.0451
vn 0.2639 -0.9639 -0.0361
vn 0.2615 -0.9641 -0.0462
vn 0.0029 -1.0000 0.0001
vn -0.2548 -0.9655 0.0532
vn 0.2600 -0.9641 -0.0535
vn 0.2628 -0.9638 -0.0453
vn 0.0062 -0.9999 0.0114
vn -0.2505 -0.9656 0.0692
vn 0.2205 0.0009 0.9754
vn 0.2205 0.0008 0.9754
vn 0.2326 0.0206 0.9724
vn 0.2248 0.0199 0.9742
vn 0.2342 0.0081 0.9722
vn 0.2204 0.0183 0.9752
vn 0.2160 0.0199 0.9762
vn 0.2161 -0.0182 0.9762
vn 0.2205 -0.0166 0.9752
vn 0.2249 -0.0182 0.9742
vn 0.2343 -0.0063 0.9722
vn 0.2328 -0.0188 0.9724
vn 0.2331 0.0009 0.9725
vn 0.2898 0.9509 0.1082
vn 0.0320 0.9869 0.1583
vn 0.1412 0.7572 0.6377
vn 0.3336 0.7274 0.5997
vn -0.2221 0.9490 0.2239
vn -0.0486 0.7259 0.6861
vn 0.2135 0.2343 0.9484
vn 0.2685 0.2288 0.9357
vn 0.1584 0.2283 0.9606
vn 0.6080 0.7918 0.0586
vn 0.3352 0.1886 0.9231
vn 0.5657 0.5963 0.5696
vn 0.8953 -0.4452 0.0157
vn 1.0000 0.0039 -0.0008
vn 0.8357 0.0032 0.5492
vn 0.7663 -0.3261 0.5535
vn 0.8918 0.4521 0.0157
vn 0.7638 0.3319 0.5536
vn 0.3918 0.0015 0.9201
vn 0.3818 -0.0941 0.9194
vn 0.3811 0.0971 0.9194
vn 0.6141 -0.7871 0.0585
vn 0.3366 -0.1861 0.9231
vn 0.5703 -0.5919 0.5695
vn -0.2148 -0.9507 0.2239
vn 0.0396 -0.9866 0.1583
vn 0.1471 -0.7562 0.6377
vn -0.0430 -0.7263 0.6861
vn 0.2971 -0.9487 0.1082
vn 0.3392 -0.7248 0.5997
vn 0.2153 -0.2326 0.9484
vn 0.1601 -0.2271 0.9606
vn 0.2703 -0.2267 0.9357
vn 0.4212 -0.1230 -0.8986
vn 0.2474 -0.2158 -0.9446
vn 0.2432 -0.3025 -0.9216
vn 0.4090 -0.2501 -0.8776
vn 0.1177 -0.2648 -0.9571
vn 0.1171 -0.3315 -0.9361
vn 0.2617 -0.2690 -0.9269
vn 0.4257 -0.2461 -0.8708
vn 0.1290 -0.2828 -0.9505
vn 0.6447 0.3591 -0.6748
vn 0.4473 0.1795 -0.8762
vn 0.6525 0.0239 -0.7574
vn 0.2735 0.0557 -0.9603
vn 0.1321 -0.0114 -0.9912
vn 0.0022 -0.0307 -0.9995
vn 0.0028 -0.2792 -0.9602
vn 0.0029 -0.3406 -0.9402
vn 0.0026 -0.2874 -0.9578
vn 0.0023 -0.1864 -0.9825
vn 0.1440 -0.1861 -0.9719
vn 0.2865 -0.1848 -0.9401
vn 0.4526 -0.1840 -0.8725
vn 0.6323 -0.2184 -0.7433
vn 0.6506 -0.1871 -0.7360
vn 0.6304 -0.1729 -0.7568
vn 0.0468 0.5692 0.8209
vn 0.0877 0.5828 0.8078
vn 0.0991 0.6747 0.7315
vn 0.0462 0.6534 0.7556
vn 0.1384 0.6475 0.7494
vn 0.1591 0.7333 0.6610
vn 0.1022 0.7055 0.7013
vn 0.0459 0.6883 0.7239
vn 0.1841 0.7519 0.6331
vn 0.0004 0.5700 0.8216
vn 0.2546 0.7813 0.5699
vn 0.2558 0.8301 0.4954
vn 0.2808 0.8244 0.4915
vn 0.3096 0.7995 0.5148
vn 0.1897 0.7405 0.6447
vn 0.1015 0.7001 0.7068
vn 0.0443 0.6811 0.7308
vn 0.0009 0.6843 0.7292
vn 0.0001 0.6793 0.7339
vn 0.0010 0.6495 0.7603
vn 0.3833 0.8968 0.2212
vn 0.4394 0.8921 -0.1058
vn 0.4630 0.8851 -0.0467
vn 0.3785 0.8974 0.2266
vn 0.4631 0.8075 -0.3652
vn 0.5048 0.8178 -0.2763
vn 0.4843 0.8744 0.0312
vn 0.3906 0.8792 0.2728
vn 0.5319 0.8247 -0.1922
vn 0.5314 0.8362 -0.1358
vn 0.5065 0.8572 0.0925
vn 0.4226 0.8470 0.3224
vn 0.4717 -0.1177 -0.8738
vn 0.3034 -0.1048 -0.9471
vn 0.3098 -0.0492 -0.9495
vn 0.4792 -0.0677 -0.8751
vn 0.1544 -0.0976 -0.9832
vn 0.1587 -0.0385 -0.9866
vn 0.3100 -0.0096 -0.9507
vn 0.4787 -0.0287 -0.8775
vn 0.1592 0.0011 -0.9872
vn 0.6640 -0.1389 -0.7347
vn 0.0020 -0.0948 -0.9955
vn 0.0018 -0.0345 -0.9994
vn 0.0017 0.0049 -1.0000
vn 0.0015 0.0355 -0.9994
vn 0.1584 0.0326 -0.9868
vn 0.3081 0.0237 -0.9511
vn 0.4743 0.0072 -0.8803
vn 0.6654 -0.0550 -0.7445
vn 0.6632 -0.0152 -0.7483
vn 0.6673 -0.0948 -0.7388
vn 0.8874 0.1101 0.4478
vn 0.9719 0.2343 -0.0217
vn 0.9829 -0.1238 -0.1365
vn 0.9085 -0.2922 0.2988
vn 0.8730 0.1816 -0.4527
vn 0.8578 -0.1004 -0.5041
vn 0.9361 -0.2763 -0.2179
vn 0.8820 -0.4509 0.1371
vn 0.8318 -0.2081 -0.5146
vn 0.5147 0.3339 0.7896
vn 0.7135 0.5144 0.4757
vn 0.5936 -0.1125 0.7968
vn 0.8082 0.5834 0.0801
vn 0.7859 0.5239 -0.3285
vn 0.8250 -0.2092 -0.5250
vn 0.9124 -0.2886 -0.2904
vn 0.8891 -0.4570 -0.0272
vn 0.6059 -0.5668 0.5582
vn 0.6608 -0.6043 0.4451
vn 0.5935 -0.4497 0.6674
vn 0.0460 -0.3328 0.9419
vn 0.1291 -0.3121 0.9412
vn 0.1215 -0.4671 0.8758
vn 0.0433 -0.4598 0.8870
vn 0.2958 -0.2580 0.9197
vn 0.2849 -0.4795 0.8300
vn 0.1194 -0.4452 0.8874
vn 0.0440 -0.4127 0.9098
vn 0.2835 -0.5134 0.8100
vn -0.0009 -0.0041 1.0000
vn 0.0499 0.0034 0.9987
vn -0.0001 -0.3355 0.9420
vn 0.1364 0.0459 0.9896
vn 0.2897 0.1470 0.9458
vn 0.2731 -0.4646 0.8423
vn 0.1102 -0.3422 0.9331
vn 0.0433 -0.2919 0.9555
vn 0.0001 -0.4057 0.9140
vn -0.0000 -0.2794 0.9602
vn 0.0003 -0.4580 0.8890
vn 0.0381 -0.2356 0.9711
vn 0.0897 -0.2849 0.9544
vn 0.0751 -0.3465 0.9350
vn 0.0311 -0.3139 0.9490
vn 0.2257 -0.4251 0.8766
vn 0.1693 -0.4188 0.8921
vn 0.0741 -0.5114 0.8561
vn 0.0256 -0.4919 0.8703
vn 0.1752 -0.5529 0.8146
vn -0.0000 -0.2213 0.9752
vn 0.5544 -0.6058 0.5706
vn 0.4821 -0.5902 0.6475
vn 0.4732 -0.6529 0.5914
vn 0.4843 -0.7234 0.4920
vn 0.2005 -0.7206 0.6638
vn 0.0758 -0.7001 0.7100
vn 0.0211 -0.6899 0.7236
vn -0.0000 -0.4866 0.8737
vn -0.0000 -0.6878 0.7259
vn -0.0000 -0.3030 0.9530
vn 0.9044 -0.3673 -0.2173
vn 0.9003 -0.2414 -0.3622
vn 0.8942 -0.1705 -0.4139
vn 0.9011 -0.2182 -0.3747
vn 0.8221 -0.1740 -0.5420
vn 0.8190 -0.1297 -0.5589
vn 0.8939 -0.1026 -0.4363
vn 0.8938 -0.1119 -0.4342
vn 0.8180 -0.0826 -0.5692
vn 0.8559 -0.5039 -0.1162
vn 0.8193 -0.0361 -0.5722
vn 0.8967 -0.0466 -0.4401
vn 0.8920 -0.0449 -0.4499
vn 0.7862 -0.0995 -0.6100
vn 0.7667 -0.0311 -0.6413
vn 0.8319 -0.2441 -0.4983
vn 0.5398 0.0087 -0.8418
vn 0.4795 0.0686 -0.8749
vn 0.4223 0.0657 -0.9041
vn 0.4777 0.0138 -0.8784
vn 0.3673 0.1483 -0.9182
vn 0.3177 0.1312 -0.9391
vn 0.5837 0.1023 -0.8055
vn 0.6395 0.0333 -0.7681
vn 0.4708 0.1962 -0.8602
vn 0.7571 0.0063 -0.6533
vn 0.5608 -0.0182 -0.8278
vn 0.7170 0.0863 -0.6917
vn 0.6078 0.2252 -0.7615
vn 0.4311 0.3725 -0.8218
vn 0.2303 0.2220 -0.9475
vn 0.1888 0.1910 -0.9633
vn 0.3041 0.2912 -0.9071
vn 0.5422 0.5238 -0.6570
vn 0.7394 0.3342 -0.5845
vn 0.8409 0.1740 -0.5125
vn 0.8798 0.0693 -0.4704
vn 0.6607 -0.0100 -0.7506
vn 0.8924 0.0052 -0.4512
vn 0.4981 -0.0147 -0.8670
vn 0.4903 0.7497 -0.4443
vn 0.3037 0.8389 -0.4517
vn 0.3091 0.8723 -0.3788
vn 0.4838 0.7760 -0.4047
vn 0.1337 0.8674 -0.4793
vn 0.1415 0.9155 -0.3766
vn 0.2703 0.7921 -0.5473
vn 0.4205 0.6992 -0.5782
vn 0.1258 0.8523 -0.5076
vn 0.6222 0.4717 -0.6248
vn 0.4689 0.5648 -0.6791
vn 0.6906 0.5418 -0.4792
vn 0.2830 0.6376 -0.7165
vn 0.1287 0.6715 -0.7298
vn 0.0036 0.6774 -0.7356
vn 0.0018 0.8696 -0.4937
vn 0.0003 0.9269 -0.3753
vn 0.0004 0.8749 -0.4843
vn 0.0005 0.6519 -0.7583
vn 0.0732 0.6210 -0.7804
vn 0.1648 0.5542 -0.8159
vn 0.2686 0.4814 -0.8343
vn 0.6343 0.5175 -0.5743
vn 0.7002 0.5632 -0.4387
vn 0.4674 0.0562 -0.8822
vn 0.3076 0.0744 -0.9486
vn 0.2970 0.1594 -0.9415
vn 0.4539 0.1213 -0.8828
vn 0.1579 0.0834 -0.9839
vn 0.1546 0.1882 -0.9699
vn 0.2782 0.3357 -0.9000
vn 0.4455 0.2769 -0.8514
vn 0.1404 0.3837 -0.9127
vn 0.6578 0.0309 -0.7526
vn 0.0013 0.0865 -0.9963
vn 0.0010 0.1968 -0.9804
vn 0.0025 0.4002 -0.9164
vn 0.6513 0.2495 -0.7166
vn 0.6505 0.0990 -0.7531
vn 0.8902 0.0020 -0.4556
vn 0.8976 0.0018 -0.4408
vn 0.8914 0.0905 -0.4440
vn 0.8763 0.0892 -0.4734
vn 0.8195 0.0108 -0.5730
vn 0.8170 0.0916 -0.5694
vn 0.8462 0.2897 -0.4473
vn 0.8070 0.2762 -0.5219
vn 0.7974 0.2733 -0.5380
vn 0.0174 -0.8086 0.5881
vn 0.0722 -0.8112 0.5804
vn 0.0682 -0.8448 0.5308
vn 0.0156 -0.8458 0.5333
vn 0.2011 -0.8103 0.5505
vn 0.1898 -0.8323 0.5208
vn 0.0678 -0.8166 0.5733
vn 0.0165 -0.8187 0.5739
vn 0.1754 -0.8048 0.5671
vn -0.0000 -0.8080 0.5892
vn 0.4696 -0.7601 0.4492
vn 0.4329 -0.7587 0.4868
vn 0.3889 -0.7226 0.5715
vn 0.3237 -0.6488 0.6887
vn 0.1823 -0.6716 0.7181
vn 0.0785 -0.6827 0.7265
vn 0.0220 -0.6854 0.7278
vn -0.0000 -0.8188 0.5740
vn -0.0000 -0.6858 0.7278
vn -0.0000 -0.8457 0.5337
vn 0.7950 -0.5566 0.2412
vn 0.9621 -0.2685 0.0465
vn 0.9112 -0.2595 0.3200
vn 0.7345 -0.5430 0.4070
vn 0.9962 -0.0723 -0.0483
vn 0.9601 -0.0627 0.2725
vn 0.7739 -0.2372 0.5872
vn 0.6351 -0.5020 0.5871
vn 0.8160 -0.0524 0.5757
vn 0.8291 -0.5541 0.0747
vn 0.9276 -0.2619 -0.2663
vn 0.9085 -0.0762 -0.4109
vn 0.9971 0.0217 -0.0728
vn 0.9648 0.0330 0.2610
vn 0.8199 0.0364 0.5713
vn 0.5608 0.0314 0.8274
vn 0.5573 -0.0435 0.8292
vn 0.5301 -0.2071 0.8223
vn 0.4476 -0.4439 0.7763
vn 0.1294 0.2761 -0.9524
vn 0.0653 0.3215 -0.9446
vn 0.0297 0.2609 -0.9649
vn 0.0889 0.2327 -0.9685
vn 0.0204 0.3632 -0.9315
vn 0.0013 0.2756 -0.9613
vn 0.0478 0.3693 -0.9281
vn 0.1432 0.3491 -0.9261
vn 0.0073 0.3733 -0.9277
vn 0.0003 0.3805 -0.9248
vn 0.0001 0.2783 -0.9605
vn -0.0000 0.3729 -0.9279
vn -0.0000 0.7023 -0.7119
vn 0.0347 0.7024 -0.7109
vn 0.1233 0.6946 -0.7087
vn 0.2978 0.6515 -0.6977
vn 0.8296 -0.5513 -0.0883
vn 0.7008 -0.2223 -0.6778
vn 0.6742 -0.2219 -0.7045
vn 0.8143 -0.5667 -0.1251
vn 0.5930 -0.0683 -0.8023
vn 0.5379 -0.0579 -0.8410
vn 0.8008 -0.2465 -0.5459
vn 0.8217 -0.5653 -0.0721
vn 0.6991 -0.0707 -0.7115
vn 0.0444 0.0543 0.9975
vn 0.1322 0.0577 0.9895
vn 0.1336 0.1403 0.9810
vn 0.0455 0.1370 0.9895
vn 0.2980 0.0675 0.9522
vn 0.2969 0.1510 0.9429
vn 0.1365 0.2889 0.9476
vn 0.0478 0.2875 0.9566
vn 0.2868 0.2875 0.9138
vn -0.0000 0.0136 0.9999
vn 0.0437 0.0142 0.9989
vn -0.0000 0.0536 0.9986
vn 0.1308 0.0168 0.9913
vn 0.2966 0.0228 0.9547
vn 0.5593 0.0855 0.8245
vn 0.5498 0.1759 0.8166
vn 0.5217 0.3083 0.7955
vn 0.4666 0.4591 0.7560
vn 0.2939 0.4994 0.8150
vn 0.1475 0.5132 0.8455
vn 0.0528 0.5152 0.8554
vn -0.0000 0.2869 0.9580
vn -0.0000 0.5147 0.8574
vn -0.0000 0.1365 0.9906
vn 0.0311 -0.4349 0.8999
vn 0.1006 -0.4323 0.8961
vn 0.1196 -0.1850 0.9754
vn 0.0386 -0.1865 0.9817
vn 0.2319 -0.4245 0.8752
vn 0.2773 -0.1877 0.9423
vn 0.1280 -0.0400 0.9910
vn 0.0423 -0.0416 0.9982
vn 0.2930 -0.0393 0.9553
vn -0.0000 -0.4357 0.9001
vn -0.0000 -0.0422 0.9991
vn -0.0000 -0.1873 0.9823
vn 0.9921 0.0968 -0.0794
vn 0.9704 0.2207 -0.0981
vn 0.9393 0.2256 0.2586
vn 0.9596 0.1066 0.2605
vn 0.8940 0.4263 -0.1378
vn 0.8699 0.4222 0.2551
vn 0.7963 0.2068 0.5684
vn 0.8149 0.1021 0.5705
vn 0.7428 0.3682 0.5591
vn 0.6966 0.6933 -0.1847
vn 0.6846 0.6812 0.2594
vn 0.5862 0.5804 0.5652
vn 0.4146 0.8862 -0.2066
vn 0.1895 0.9603 -0.2049
vn 0.1937 0.9341 0.2999
vn 0.4124 0.8675 0.2780
vn 0.0620 0.9781 -0.1985
vn 0.0666 0.9474 0.3131
vn 0.1696 0.7528 0.6360
vn 0.3497 0.7161 0.6041
vn 0.0601 0.7594 0.6478
vn -0.0000 0.9806 -0.1960
vn -0.0000 0.9482 0.3175
vn -0.0000 0.7592 0.6509
vn 0.0424 0.6392 0.7679
vn 0.1052 0.6617 0.7423
vn 0.1129 0.5795 0.8071
vn 0.0436 0.5505 0.8337
vn 0.1927 0.7068 0.6807
vn 0.2102 0.6358 0.7427
vn 0.1262 0.3950 0.9100
vn 0.0480 0.3555 0.9334
vn 0.2462 0.4778 0.8432
vn -0.0007 0.6372 0.7707
vn 0.3203 0.7699 0.5520
vn 0.3426 0.7134 0.6113
vn 0.4024 0.6004 0.6911
vn -0.0015 0.3459 0.9383
vn -0.0013 0.5440 0.8391
vn 0.4443 0.8220 0.3562
vn 0.5224 0.8440 0.1219
vn 0.5673 0.8133 0.1294
vn 0.4826 0.7834 0.3916
vn 0.5380 0.8335 -0.1256
vn 0.5788 0.8014 -0.1505
vn 0.6531 0.7475 0.1214
vn 0.5597 0.7054 0.4349
vn 0.6583 0.7220 -0.2130
vn 0.4829 0.8028 -0.3498
vn 0.5096 0.7554 -0.4119
vn 0.5716 0.6303 -0.5253
vn 0.3793 0.7718 -0.5104
vn 0.2646 0.7553 -0.5996
vn 0.2722 0.6514 -0.7082
vn 0.3960 0.6975 -0.5972
vn 0.1387 0.7507 -0.6460
vn 0.1398 0.6275 -0.7659
vn 0.2846 0.4124 -0.8654
vn 0.4331 0.5090 -0.7438
vn 0.1425 0.3569 -0.9232
vn -0.0002 0.7530 -0.6580
vn -0.0001 0.6227 -0.7825
vn 0.0009 0.3408 -0.9401
vn -0.2299 -0.9588 0.1668
vn -0.2430 -0.9698 0.0212
vn -0.0248 -0.9994 0.0261
vn -0.0123 -0.9847 0.1737
vn -0.2501 -0.9602 -0.1244
vn -0.0381 -0.9910 -0.1283
vn 0.1949 -0.9804 0.0301
vn 0.2012 -0.9650 0.1684
vn 0.1810 -0.9760 -0.1210
vn -0.4834 -0.8119 0.3274
vn -0.5212 -0.8351 0.1761
vn -0.2605 -0.8850 0.3859
vn -0.5377 -0.8430 0.0181
vn -0.5377 -0.8317 -0.1382
vn -0.5121 -0.8072 -0.2936
vn -0.2976 -0.8842 -0.3600
vn -0.0430 -0.9219 -0.3851
vn 0.2196 -0.9018 -0.3723
vn 0.2464 -0.8921 0.3787
vn -0.0041 -0.9165 0.4000
vn 0.4541 -0.2533 0.8542
vn 0.0009 -0.0855 0.9963
vn -0.0010 -0.3748 0.9271
vn 0.4271 -0.4275 0.7968
vn -0.4569 0.0602 0.8875
vn -0.4505 -0.2925 0.8435
vn -0.0008 -0.7070 0.7072
vn 0.3471 -0.6944 0.6303
vn -0.3647 -0.6579 0.6589
vn -0.7904 0.1423 0.5958
vn -0.7921 -0.2071 0.5742
vn -0.6688 -0.5738 0.4727
vn -0.9462 0.1589 0.2819
vn -0.9899 0.1393 0.0272
vn -0.9899 -0.1408 0.0137
vn -0.9515 -0.1548 0.2660
vn -0.9666 0.1092 -0.2320
vn -0.9593 -0.1511 -0.2387
vn -0.8478 -0.5301 0.0146
vn -0.8157 -0.5335 0.2237
vn -0.8319 -0.5195 -0.1950
vn -0.8255 0.0635 -0.5608
vn -0.8116 -0.1922 -0.5516
vn -0.7022 -0.5475 -0.4552
vn -0.4919 -0.0064 -0.8707
vn -0.0285 -0.0894 -0.9956
vn -0.0358 -0.3189 -0.9471
vn -0.4827 -0.2578 -0.8370
vn 0.4317 -0.1747 -0.8849
vn 0.4096 -0.3572 -0.8394
vn -0.0425 -0.6756 -0.7360
vn -0.4107 -0.6242 -0.6646
vn 0.3284 -0.6654 -0.6704
vn 0.9486 0.0101 -0.3164
vn 0.9947 0.0251 -0.0995
vn 0.9694 -0.1069 -0.2211
vn 0.9155 -0.0930 -0.3915
vn 0.9970 0.0546 0.0547
vn 0.9819 -0.1233 -0.1440
vn 0.8885 -0.2957 -0.3509
vn 0.8456 -0.2377 -0.4780
vn 0.8697 -0.3762 -0.3196
vn 0.7724 -0.0067 -0.6351
vn 0.9844 0.0986 0.1459
vn 0.9799 -0.1466 -0.1356
vn 0.8126 -0.4671 -0.3487
vn 0.6884 -0.1742 -0.7041
vn 0.7434 -0.0762 -0.6645
vn -0.4141 -0.0948 -0.9053
vn -0.0154 -0.0652 -0.9978
vn -0.0117 -0.0370 -0.9992
vn -0.4315 -0.0229 -0.9018
vn 0.4098 -0.0342 -0.9115
vn 0.4035 -0.0560 -0.9133
vn -0.0159 -0.0098 -0.9998
vn -0.4598 0.0729 -0.8850
vn 0.3816 -0.0950 -0.9195
vn -0.7434 -0.1191 -0.6581
vn -0.8295 0.1334 -0.5423
vn -0.7842 -0.0157 -0.6203
vn -0.9936 -0.0804 0.0790
vn -0.9843 -0.1231 -0.1266
vn -0.9972 -0.0263 -0.0706
vn -0.9981 -0.0293 0.0546
vn -0.9236 -0.1296 -0.3608
vn -0.9565 -0.0184 -0.2912
vn -0.9921 0.1146 0.0509
vn -0.9923 0.0222 0.1218
vn -0.9756 0.1445 -0.1652
vn -0.9664 0.0065 0.2571
vn -0.9870 -0.1475 0.0644
vn -0.9930 -0.0247 0.1158
vn -0.9071 0.1480 0.3939
vn -0.9887 -0.0139 0.1496
vn -0.9821 -0.0118 0.1881
vn -0.8275 0.2903 0.4806
vn -0.9441 -0.3245 -0.0580
vn -0.8937 -0.4342 -0.1127
vn -0.9609 -0.0560 0.2712
vn -0.7643 0.3514 0.5407
vn -0.8515 -0.5214 -0.0551
vn -0.6879 0.2322 0.6877
vn -0.6312 -0.7180 -0.2934
vn -0.5513 -0.7608 -0.3423
vn -0.5109 -0.8086 -0.2917
vn -0.4576 -0.8798 -0.1288
vn -0.7583 -0.6398 0.1253
vn -0.8725 -0.2006 0.4456
vn -0.7017 0.2403 0.6707
vn -0.4457 0.5713 0.6892
vn -0.4098 0.5194 0.7498
vn -0.5291 0.4491 0.7200
vn -0.5469 -0.0424 0.8361
vn -0.6426 -0.4135 0.6451
vn -0.3352 -0.5793 0.7430
vn -0.3050 -0.3610 0.8813
vn -0.5526 -0.7441 0.3754
vn -0.2946 -0.7611 0.5779
vn -0.0930 -0.6556 0.7493
vn -0.0924 -0.5817 0.8081
vn -0.0905 -0.7171 0.6910
vn -0.3416 0.2467 0.9069
vn -0.3432 -0.9291 0.1382
vn -0.1870 -0.8908 0.4142
vn -0.0523 -0.7878 0.6137
vn 0.0171 -0.7046 0.7094
vn 0.0167 -0.6800 0.7330
vn 0.0183 -0.6760 0.7366
vn 0.0166 -0.6708 0.7414
vn -0.0530 -0.4936 0.8680
vn 0.0200 -0.6474 0.7619
vn -0.1997 -0.1544 0.9676
vn -0.2467 -0.8670 -0.4329
vn -0.0234 -0.8745 -0.4845
vn -0.0192 -0.8818 -0.4713
vn -0.2307 -0.8676 -0.4405
vn 0.1850 -0.8438 -0.5037
vn 0.1845 -0.8586 -0.4782
vn -0.0109 -0.9105 -0.4134
vn -0.2155 -0.8957 -0.3888
vn 0.1810 -0.8937 -0.4104
vn 0.4536 -0.7491 -0.4828
vn 0.4365 -0.7774 -0.4530
vn 0.4185 -0.8282 -0.3727
vn 0.3906 -0.8945 -0.2176
vn 0.1749 -0.9446 -0.2776
vn -0.0007 -0.9586 -0.2847
vn -0.1918 -0.9491 -0.2498
vn 0.3648 0.3670 0.8557
vn 0.0258 0.3321 0.9429
vn 0.0211 0.5172 0.8556
vn 0.2792 0.5284 0.8018
vn -0.3123 0.2991 0.9017
vn -0.2232 0.5014 0.8359
vn 0.0161 0.6595 0.7516
vn 0.2307 0.6466 0.7271
vn -0.1802 0.6446 0.7430
vn 0.7430 0.3330 0.5806
vn -0.1641 0.6310 0.7582
vn 0.0164 0.6513 0.7586
vn 0.2157 0.6128 0.7602
vn 0.5731 0.5290 0.6259
vn 0.5351 0.4310 0.7266
vn 0.6379 0.4629 0.6154
vn 0.7641 -0.5242 -0.3761
vn 0.9737 -0.1771 -0.1431
vn 0.9651 -0.2336 -0.1184
vn 0.7327 -0.5825 -0.3519
vn 0.9676 0.1526 0.2011
vn 0.9485 0.1880 0.2548
vn 0.9444 -0.3281 -0.0206
vn 0.7024 -0.6621 -0.2614
vn 0.9254 0.1586 0.3442
vn 0.8550 0.0079 0.5186
vn 0.8623 -0.4741 0.1778
vn 0.6431 -0.7619 -0.0766
vn 0.0351 -0.6804 0.7320
vn 0.0350 -0.6801 0.7323
vn 0.0353 -0.6787 0.7336
vn 0.0352 -0.6790 0.7333
vn 0.0351 -0.6797 0.7327
vn 0.0354 -0.6783 0.7340
vn 0.0357 -0.6774 0.7347
vn 0.0354 -0.6778 0.7344
vn 0.0358 -0.6769 0.7352
vn 0.0529 -0.6521 0.7563
vn 0.0378 -0.6532 0.7562
vn 0.0535 -0.6795 0.7318
vn 0.0349 -0.6535 0.7561
vn 0.0320 -0.6513 0.7581
vn 0.0320 -0.7017 0.7117
vn 0.0359 -0.7010 0.7122
vn 0.0391 -0.7040 0.7092
vn 0.0540 -0.6879 0.7238
vn 0.0502 -0.7083 0.7041
vn 0.0523 -0.6833 0.7283
vn 0.1979 0.3499 0.9156
vn 0.0242 0.4113 0.9112
vn 0.0310 -0.0421 0.9986
vn 0.1378 -0.0832 0.9870
vn -0.1372 0.3895 0.9107
vn -0.0710 -0.0490 0.9963
vn 0.0340 -0.4704 0.8818
vn 0.0676 -0.4745 0.8776
vn 0.0017 -0.4644 0.8856
vn 0.4440 0.1344 0.8859
vn 0.1297 -0.5227 0.8426
vn 0.2820 -0.2367 0.9298
vn -0.1420 -0.9899 0.0034
vn 0.0116 -0.9991 -0.0413
vn 0.0253 -0.9583 0.2848
vn -0.0682 -0.9468 0.3145
vn 0.1567 -0.9870 -0.0370
vn 0.1155 -0.9526 0.2814
vn 0.0343 -0.8173 0.5751
vn 0.0008 -0.8162 0.5778
vn 0.0655 -0.8213 0.5668
vn 0.3282 -0.9439 0.0374
vn 0.2238 -0.9140 0.3383
vn 0.1127 -0.8037 0.5842
vn 0.5096 -0.8387 0.1923
vn 0.6549 -0.6277 0.4208
vn 0.3809 -0.7035 0.6000
vn 0.3204 -0.8299 0.4567
vn 0.6613 -0.2513 0.7068
vn 0.3897 -0.4921 0.7785
vn 0.1582 -0.7024 0.6940
vn 0.1494 -0.7529 0.6410
vn 0.1683 -0.6317 0.7567
vn -0.4190 0.5634 -0.7120
vn -0.4405 0.6625 -0.6059
vn -0.3277 0.6243 -0.7092
vn -0.3326 0.4905 -0.8055
vn -0.4200 0.7403 -0.5249
vn -0.3026 0.7258 -0.6178
vn -0.1789 0.6126 -0.7699
vn -0.1845 0.4660 -0.8654
vn -0.1637 0.7243 -0.6697
vn -0.3570 0.5905 -0.7238
vn -0.4440 0.6893 -0.5726
vn -0.3707 0.3974 -0.8394
vn -0.4949 0.7381 -0.4586
vn -0.5044 0.7767 -0.3773
vn -0.4782 0.8150 -0.3273
vn -0.3868 0.7900 -0.4756
vn -0.2740 0.7803 -0.5622
vn -0.1470 0.7804 -0.6078
vn -0.1781 0.2895 -0.9405
vn -0.3135 0.3145 -0.8960
vn -0.2388 0.0618 0.9691
vn -0.1937 0.2071 0.9589
vn -0.1315 0.2639 0.9555
vn -0.1453 0.1903 0.9709
vn -0.1090 0.2888 0.9512
vn -0.0805 0.3191 0.9443
vn -0.0965 0.3364 0.9368
vn -0.1138 0.3362 0.9349
vn -0.0605 0.3599 0.9310
vn -0.1156 -0.3855 0.9154
vn -0.3530 -0.0542 0.9340
vn -0.1789 -0.0416 0.9830
vn -0.2624 0.1718 0.9495
vn -0.1366 0.2608 0.9557
vn -0.0511 0.4471 0.8930
vn -0.0901 0.4396 0.8936
vn -0.1336 0.4932 0.8596
vn -0.1198 0.3748 0.9193
vn -0.2198 0.6873 0.6923
vn -0.1287 0.1419 0.9815
vn -0.1493 0.0149 -0.9887
vn -0.1310 -0.0082 -0.9913
vn -0.3143 0.0180 -0.9492
vn -0.3350 0.0339 -0.9416
vn -0.0828 -0.0484 -0.9954
vn -0.2841 0.0063 -0.9588
vn -0.5523 0.0495 -0.8322
vn -0.5666 0.0589 -0.8219
vn -0.5353 0.0475 -0.8433
vn -0.1609 0.0395 -0.9862
vn 0.0058 -0.1106 -0.9939
vn -0.2440 -0.0020 -0.9698
vn -0.5183 0.0522 -0.8536
vn -0.7781 0.0910 -0.6215
vn -0.7859 0.0816 -0.6130
vn -0.7935 0.0791 -0.6034
vn -0.8004 0.0826 -0.5937
vn -0.5765 0.0770 -0.8134
vn -0.8038 0.0889 -0.5882
vn -0.3500 0.0573 -0.9350
vn -0.3248 0.8679 -0.3758
vn -0.3224 0.8772 -0.3556
vn -0.3357 0.9373 -0.0932
vn -0.3346 0.9385 -0.0850
vn -0.3871 0.8605 -0.3313
vn -0.4086 0.9064 -0.1068
vn -0.3139 0.9341 0.1702
vn -0.2954 0.9296 0.2204
vn -0.3957 0.9108 0.1176
vn -0.2785 0.6734 -0.6849
vn -0.3804 0.8428 -0.3808
vn -0.2829 0.7185 -0.6354
vn -0.3690 0.7268 -0.5792
vn -0.5117 0.7016 -0.4959
vn -0.5550 0.7629 -0.3316
vn -0.5804 0.8042 -0.1281
vn -0.5844 0.8072 0.0826
vn -0.5706 0.7728 0.2779
vn -0.4146 0.8114 0.4119
vn -0.2765 0.8110 0.5156
vn -0.2128 0.7692 0.6025
vn -0.3333 0.9060 0.2608
vn -0.3794 0.9222 -0.0747
vn -0.1709 0.0264 -0.9849
vn -0.2936 -0.0132 -0.9558
vn -0.2763 0.0420 -0.9602
vn -0.1647 0.0612 -0.9844
vn -0.3358 -0.0902 -0.9376
vn -0.3026 0.0215 -0.9529
vn -0.2854 0.1502 -0.9466
vn -0.1675 0.1443 -0.9753
vn -0.3214 0.1864 -0.9284
vn -0.1797 0.0364 -0.9830
vn -0.3267 -0.0102 -0.9451
vn -0.4035 -0.1677 -0.8995
vn -0.1010 -0.4972 -0.8617
vn -0.2319 -0.1436 -0.9621
vn -0.2377 0.0313 -0.9708
vn -0.2724 0.2654 -0.9249
vn -0.5040 0.0607 0.8616
vn -0.4946 0.0682 0.8664
vn -0.1618 0.0031 0.9868
vn -0.1993 -0.0043 0.9799
vn -0.4916 0.0724 0.8678
vn -0.1408 0.0141 0.9899
vn 0.2631 -0.1087 0.9586
vn 0.1422 -0.1425 0.9795
vn 0.3096 -0.0715 0.9482
vn -0.7780 0.0911 0.6216
vn -0.7705 0.1036 0.6290
vn -0.5182 0.0521 0.8536
vn -0.7666 0.1108 0.6325
vn -0.7674 0.1110 0.6314
vn -0.7713 0.1083 0.6272
vn -0.4935 0.0719 0.8668
vn -0.1350 0.0178 0.9907
vn 0.3226 -0.0561 0.9449
vn 0.7501 -0.1258 0.6493
vn 0.7422 -0.1539 0.6523
vn 0.7086 -0.2309 0.6667
vn 0.5657 -0.3786 0.7326
vn 0.0058 -0.1106 0.9938
vn -0.2440 -0.0020 0.9698
vn -0.5662 0.0528 0.8226
vn -0.5522 0.0470 0.8324
vn -0.3138 0.0165 0.9493
vn -0.3336 0.0299 0.9422
vn -0.5415 0.0451 0.8395
vn -0.2973 0.0098 0.9547
vn -0.1307 -0.0090 0.9914
vn -0.1483 0.0127 0.9889
vn -0.1158 -0.0212 0.9930
vn -0.8067 0.0730 0.5865
vn -0.8020 0.0758 0.5925
vn -0.5753 0.0642 0.8154
vn -0.7940 0.0764 0.6031
vn -0.7892 0.0766 0.6093
vn -0.7827 0.0850 0.6165
vn -0.5289 0.0485 0.8473
vn -0.2705 0.0019 0.9627
vn -0.0505 -0.0751 0.9959
vn -0.1583 0.0364 0.9867
vn -0.3464 0.0497 0.9368
vn -0.9485 0.0980 -0.3012
vn -0.9463 0.0983 -0.3078
vn -0.9820 0.1033 -0.1579
vn -0.9830 0.1025 -0.1527
vn -0.9449 0.1014 -0.3112
vn -0.9926 0.1089 -0.0537
vn -0.9841 0.1000 0.1466
vn -0.9825 0.1023 0.1558
vn -0.9470 0.0965 0.3063
vn -0.9504 0.0936 0.2965
vn -0.9826 0.0975 0.1584
vn -0.9459 0.0942 0.3105
vn -0.9502 0.0890 -0.2988
vn -0.9424 0.1157 -0.3139
vn -0.9923 0.1237 -0.0002
vn -0.9424 0.1159 0.3138
vn -0.9442 0.1074 0.3112
vn -0.9544 0.0767 0.2885
vn -0.9878 0.0778 0.1350
vn -0.9849 0.0856 -0.1507
vn 0.3228 -0.0651 -0.9442
vn 0.3208 -0.0898 -0.9429
vn -0.1381 -0.0226 -0.9902
vn -0.1361 0.0058 -0.9907
vn 0.3196 -0.1185 -0.9401
vn -0.1389 -0.0563 -0.9887
vn -0.4992 0.0321 -0.8659
vn -0.4971 0.0608 -0.8656
vn -0.4988 -0.0047 -0.8667
vn 0.7501 -0.1258 -0.6493
vn 0.7498 -0.1305 -0.6487
vn 0.3226 -0.0561 -0.9449
vn 0.7476 -0.1487 -0.6473
vn 0.7455 -0.1692 -0.6446
vn 0.7442 -0.1855 -0.6416
vn 0.3197 -0.1421 -0.9368
vn -0.1382 -0.0844 -0.9868
vn -0.4977 -0.0360 -0.8666
vn -0.7768 0.0027 -0.6297
vn -0.7787 0.0385 -0.6262
vn -0.7792 0.0760 -0.6222
vn -0.7766 0.1006 -0.6219
vn -0.4939 0.0728 -0.8665
vn -0.7721 0.1102 -0.6258
vn -0.1350 0.0179 -0.9907
vn 0.8260 -0.4861 0.2856
vn 0.9254 -0.2662 0.2696
vn 0.9654 -0.2607 -0.0000
vn 0.8727 -0.4883 -0.0000
vn 0.9432 -0.1844 0.2763
vn 0.9824 -0.1866 -0.0000
vn 0.9254 -0.2662 -0.2696
vn 0.8260 -0.4861 -0.2856
vn 0.9432 -0.1844 -0.2763
vn 0.9473 -0.1572 0.2793
vn 0.9866 -0.1630 -0.0000
vn 0.9473 -0.1572 -0.2793
vn 0.7422 -0.1539 -0.6523
vn 0.7086 -0.2309 -0.6667
vn 0.5657 -0.3786 -0.7326
vn -0.9386 0.1307 -0.3191
vn -0.9370 0.1363 -0.3217
vn -0.9896 0.1441 -0.0001
vn -0.9901 0.1403 -0.0003
vn -0.9384 0.1323 -0.3192
vn -0.9905 0.1375 0.0006
vn -0.9371 0.1363 0.3215
vn -0.9387 0.1312 0.3188
vn -0.9381 0.1317 0.3202
vn -0.7708 0.1030 -0.6287
vn -0.7669 0.1107 -0.6321
vn -0.7680 0.1118 -0.6306
vn -0.9408 0.1284 -0.3136
vn -0.9913 0.1319 0.0017
vn -0.9401 0.1267 0.3164
vn 0.1422 -0.1425 -0.9795
vn 0.2631 -0.1087 -0.9586
vn -0.1619 0.0030 -0.9868
vn -0.1994 -0.0043 -0.9799
vn 0.3096 -0.0715 -0.9482
vn -0.1409 0.0141 -0.9899
vn -0.4953 0.0681 -0.8661
vn -0.5043 0.0605 -0.8614
vn -0.4922 0.0727 -0.8674
vn -0.4976 -0.0485 0.8661
vn -0.5000 -0.0415 0.8650
vn -0.1409 -0.0849 0.9864
vn -0.1379 -0.0944 0.9859
vn -0.5070 -0.0066 0.8619
vn -0.1504 -0.0477 0.9875
vn 0.3177 -0.1386 0.9380
vn 0.3202 -0.1493 0.9355
vn 0.3043 -0.0991 0.9474
vn -0.7771 0.0039 0.6294
vn -0.7776 -0.0130 0.6286
vn -0.4980 -0.0350 0.8665
vn -0.7843 -0.0102 0.6203
vn -0.8078 0.0175 0.5892
vn -0.8703 0.1281 0.4755
vn -0.5206 0.0991 0.8480
vn -0.1666 0.0561 0.9844
vn 0.2824 0.0146 0.9592
vn 0.8003 -0.0338 0.5987
vn 0.7594 -0.1535 0.6323
vn 0.7492 -0.1822 0.6368
vn 0.7453 -0.1901 0.6390
vn 0.3197 -0.1411 0.9369
vn 0.7444 -0.1849 0.6416
vn -0.1383 -0.0834 0.9869
vn -0.4973 0.0598 0.8655
vn -0.4999 0.0322 0.8655
vn -0.1384 -0.0225 0.9901
vn -0.1363 0.0057 0.9906
vn -0.4996 -0.0039 0.8662
vn -0.1390 -0.0562 0.9887
vn 0.3208 -0.0898 0.9429
vn 0.3228 -0.0651 0.9442
vn 0.3196 -0.1185 0.9401
vn -0.7757 0.0983 0.6234
vn -0.7784 0.0760 0.6232
vn -0.7787 0.0399 0.6261
vn 0.7455 -0.1692 0.6446
vn 0.7476 -0.1487 0.6473
vn 0.7498 -0.1305 0.6487
vn 0.9467 -0.1599 0.2795
vn 0.9447 -0.1728 0.2788
vn 0.9842 -0.1771 -0.0000
vn 0.9862 -0.1658 -0.0000
vn 0.9424 -0.1868 0.2776
vn 0.9819 -0.1892 -0.0000
vn 0.9447 -0.1728 -0.2788
vn 0.9467 -0.1599 -0.2795
vn 0.9424 -0.1868 -0.2776
vn 0.9407 -0.1972 0.2761
vn 0.9802 -0.1983 -0.0001
vn 0.9406 -0.1974 -0.2763
vn -0.9436 0.1211 -0.3083
vn -0.9459 0.1036 -0.3075
vn -0.9937 0.1119 0.0030
vn -0.9921 0.1253 0.0030
vn -0.9475 0.0684 -0.3123
vn -0.9969 0.0789 0.0016
vn -0.9444 0.1036 0.3120
vn -0.9423 0.1191 0.3129
vn -0.9467 0.0695 0.3144
vn -0.9477 0.0288 -0.3178
vn -0.9993 0.0378 0.0002
vn -0.9477 0.0296 0.3178
vn -0.8912 -0.4333 -0.1339
vn -0.8784 -0.4479 -0.1665
vn -0.9870 -0.0194 -0.1595
vn -0.9930 -0.0387 -0.1115
vn -0.8699 -0.4571 -0.1854
vn -0.9804 -0.0057 -0.1970
vn -0.9376 0.3473 -0.0153
vn -0.9724 0.2222 0.0712
vn -0.8955 0.4290 -0.1188
vn -0.6051 -0.7936 -0.0634
vn -0.5949 -0.7992 -0.0861
vn -0.9017 -0.4221 -0.0938
vn -0.5853 -0.8037 -0.1073
vn -0.5794 -0.8059 -0.1215
vn -0.5812 -0.8056 -0.1149
vn -0.8704 -0.4589 -0.1785
vn -0.9797 0.0022 -0.2005
vn -0.8718 0.4605 -0.1668
vn -0.5867 0.8052 -0.0864
vn -0.6453 0.7623 0.0492
vn -0.7439 0.6039 0.2862
vn -0.8299 0.3475 0.4366
vn -0.9892 0.1011 0.1062
vn -0.9957 -0.0665 -0.0639
vn 0.9406 -0.2009 0.2737
vn 0.9434 -0.1969 0.2670
vn 0.9796 -0.2009 -0.0039
vn 0.9793 -0.2022 -0.0008
vn 0.9519 -0.1835 0.2452
vn 0.9809 -0.1940 -0.0121
vn 0.9396 -0.2030 -0.2754
vn 0.9397 -0.2028 -0.2754
vn 0.9403 -0.1982 -0.2768
vn 0.9677 -0.1541 0.1996
vn 0.9835 -0.1786 -0.0290
vn 0.9415 -0.1867 -0.2807
vn 0.7466 -0.1838 -0.6394
vn 0.7451 -0.1935 -0.6382
vn 0.7443 -0.1969 -0.6382
vn 0.7439 -0.1946 -0.6393
vn -0.9474 0.0056 -0.3201
vn -0.9466 -0.0052 -0.3222
vn -0.9999 0.0052 -0.0104
vn -0.9999 0.0143 -0.0022
vn -0.9449 -0.0102 -0.3273
vn -0.9995 0.0031 -0.0314
vn -0.9532 0.0048 0.3023
vn -0.9487 0.0086 0.3162
vn -0.9664 0.0141 0.2567
vn -0.7759 -0.0186 -0.6306
vn -0.7754 -0.0292 -0.6308
vn -0.7749 -0.0338 -0.6312
vn -0.7744 -0.0353 -0.6317
vn -0.9416 -0.0126 -0.3364
vn -0.9977 0.0044 -0.0683
vn -0.9845 0.0330 0.1721
vn 0.3205 -0.1560 -0.9343
vn 0.3213 -0.1613 -0.9332
vn -0.1360 -0.1096 -0.9846
vn -0.1370 -0.1018 -0.9853
vn 0.3218 -0.1602 -0.9331
vn -0.1355 -0.1109 -0.9846
vn -0.4959 -0.0648 -0.8660
vn -0.4967 -0.0554 -0.8662
vn -0.4956 -0.0680 -0.8659
vn 0.3224 -0.1532 -0.9341
vn -0.1355 -0.1072 -0.9850
vn -0.4956 -0.0672 -0.8659
vn -0.1707 0.0664 -0.9831
vn -0.3605 0.0807 -0.9293
vn -0.3641 0.0794 -0.9280
vn -0.1788 0.0818 -0.9805
vn -0.5800 0.0848 -0.8102
vn -0.5707 0.0353 -0.8204
vn -0.3547 0.0383 -0.9342
vn -0.1829 0.0684 -0.9807
vn -0.5097 -0.1021 -0.8543
vn -0.8025 0.0674 -0.5928
vn -0.7839 -0.0706 -0.6169
vn -0.6059 -0.4081 -0.6828
vn -0.9503 0.0335 -0.3096
vn -0.9866 0.0129 -0.1626
vn -0.9603 -0.2773 -0.0297
vn -0.9233 -0.1978 -0.3292
vn -0.9922 -0.0117 0.1239
vn -0.9573 -0.0044 0.2891
vn -0.9183 -0.2641 0.2949
vn -0.2841 -0.9576 0.0483
vn -0.5088 -0.7858 -0.3516
vn -0.4865 -0.7852 0.3832
vn -0.8029 0.0297 0.5954
vn -0.7701 -0.1235 0.6259
vn -0.5849 -0.4047 0.7029
vn 0.5275 -0.7573 0.3850
vn 0.7093 -0.6973 0.1031
vn 0.5910 -0.7859 -0.1820
vn -0.5738 0.0660 0.8163
vn -0.3514 0.0790 0.9329
vn -0.3431 0.1149 0.9322
vn -0.5496 0.0319 0.8348
vn -0.1643 0.0761 0.9835
vn -0.1643 0.1411 0.9763
vn -0.3151 0.1471 0.9376
vn -0.4768 -0.0426 0.8780
vn -0.1555 0.2129 0.9646
vn -0.8670 0.2116 -0.4511
vn -0.9576 0.2422 -0.1561
vn -0.8971 0.4127 -0.1579
vn -0.8232 0.3673 -0.4329
vn -0.9585 0.2262 0.1733
vn -0.9037 0.4016 0.1483
vn -0.7757 0.6136 -0.1477
vn -0.7330 0.5619 -0.3833
vn -0.7872 0.6071 0.1080
vn -0.6811 0.0540 -0.7302
vn -0.8897 0.0969 -0.4462
vn -0.6764 0.1443 -0.7222
vn -0.9838 0.1110 -0.1408
vn -0.9758 0.0988 0.1953
vn -0.8243 0.0609 0.5629
vn -0.8262 0.1628 0.5394
vn -0.7959 0.3365 0.5033
vn -0.7059 0.5701 0.4202
vn -0.6003 0.5049 -0.6203
vn -0.6580 0.2933 -0.6935
vn -0.1411 0.4315 0.8910
vn -0.2488 0.4889 0.8361
vn -0.2483 0.1723 0.9532
vn -0.1319 0.1389 0.9815
vn -0.4744 0.5346 0.6994
vn -0.5210 0.2441 0.8179
vn -0.2507 0.0106 0.9680
vn -0.1318 -0.0360 0.9906
vn -0.5318 0.0751 0.8435
vn -0.5169 0.0100 0.8560
vn -0.2252 -0.0382 0.9736
vn -0.0679 -0.1246 0.9899
vn -0.1140 -0.0948 -0.9889
vn -0.1750 -0.0124 -0.9845
vn -0.2066 0.1499 -0.9669
vn -0.1668 0.0838 -0.9824
vn -0.3958 0.0613 -0.9163
vn -0.4019 0.2173 -0.8895
vn -0.2389 0.4299 -0.8707
vn -0.2128 0.3570 -0.9095
vn -0.3892 0.4718 -0.7911
vn -0.0001 -0.1989 -0.9800
vn -0.1263 -0.0789 -0.9889
vn -0.3784 -0.0090 -0.9256
vn -0.9347 0.0046 -0.3553
vn -0.9464 -0.0033 -0.3229
vn -0.9998 0.0197 -0.0032
vn -0.9998 0.0116 -0.0147
vn -0.9531 0.0627 -0.2960
vn -0.9962 0.0871 -0.0026
vn -0.9520 0.0462 0.3027
vn -0.9481 0.0192 0.3173
vn -0.9581 0.1072 0.2656
vn -0.6855 0.0852 -0.7231
vn -0.7122 -0.0149 -0.7018
vn -0.9116 0.1431 -0.3855
vn -0.7347 -0.0301 -0.6777
vn -0.7576 0.0205 -0.6524
vn -0.7715 0.0340 -0.6353
vn -0.9539 0.0595 -0.2940
vn -0.9971 0.0676 -0.0342
vn -0.9779 0.0851 0.1911
vn -0.8433 0.1618 0.5125
vn -0.7959 0.1253 0.5923
vn -0.7673 0.0672 0.6377
vn -0.7556 0.0271 0.6545
vn -0.9354 0.1529 0.3187
vn -0.7404 0.1198 0.6614
vn -0.9863 0.1613 -0.0333
vn -0.1777 -0.9401 -0.2910
vn -0.2791 -0.9557 0.0941
vn 0.0256 -0.6974 0.7162
vn 0.0250 -0.9896 -0.1420
vn -0.4055 -0.6447 0.6480
vn -0.0177 -0.0199 0.9996
vn 0.3697 0.2256 0.9013
vn 0.5068 -0.6895 0.5175
vn 0.3328 0.4026 0.8528
vn -0.4521 -0.7734 -0.4444
vn -0.3887 -0.8576 -0.3367
vn -0.1455 -0.8797 -0.4528
vn -0.4722 -0.8749 -0.1078
vn -0.6231 -0.7537 0.2090
vn -0.7279 -0.5242 0.4421
vn -0.4437 -0.3155 0.8388
vn -0.0095 0.0606 0.9981
vn 0.3938 0.3186 0.8622
vn 0.6902 0.4184 0.5904
vn 0.5939 0.5238 0.6107
vn 0.5777 0.4820 0.6587
vn 0.7448 0.2081 0.6340
vn 0.3161 -0.9042 -0.2873
vn 0.8941 -0.4237 0.1448
vn 0.0296 -0.9077 -0.4185
vn -0.4263 0.0245 0.9042
vn -0.4290 0.0609 0.9012
vn -0.0357 0.0289 0.9989
vn -0.0512 0.0044 0.9987
vn -0.4426 0.1168 0.8891
vn -0.0376 0.0742 0.9965
vn 0.3838 -0.0243 0.9231
vn 0.3486 -0.0356 0.9366
vn 0.3914 0.0108 0.9202
vn -0.4204 0.0651 0.9050
vn -0.4366 0.1949 0.8783
vn -0.0377 0.1646 0.9856
vn 0.3767 0.1217 0.9183
vn 0.8327 0.0467 0.5517
vn 0.8050 -0.0814 0.5876
vn 0.7695 -0.0922 0.6320
vn 0.7295 -0.0918 0.6778
vn 0.3130 -0.0810 0.9463
vn 0.6864 -0.1741 0.7061
vn -0.0652 -0.0008 0.9979
vn 0.9405 -0.1409 0.3093
vn 0.9572 -0.1398 0.2536
vn 0.9853 -0.1621 -0.0536
vn 0.9850 -0.1722 -0.0149
vn 0.9695 -0.1562 0.1890
vn 0.9772 -0.1894 -0.0962
vn 0.9246 -0.1689 -0.3416
vn 0.9265 -0.1892 -0.3253
vn 0.9117 -0.1974 -0.3604
vn 0.9062 -0.2447 0.3448
vn 0.9860 -0.1047 0.1300
vn 0.9802 -0.1535 -0.1248
vn 0.9120 -0.1730 -0.3718
vn 0.7302 -0.1673 -0.6624
vn 0.7311 -0.1811 -0.6578
vn 0.7371 -0.1585 -0.6569
vn 0.7293 -0.1829 -0.6593
vn 0.9066 -0.2965 -0.3002
vn 0.7119 -0.2708 -0.6480
vn 0.9592 -0.2822 0.0182
vn 0.3967 -0.1457 -0.9063
vn 0.4116 -0.1294 -0.9021
vn 0.0349 -0.0944 -0.9949
vn 0.0297 -0.0980 -0.9947
vn 0.4142 -0.1406 -0.8992
vn 0.0315 -0.0905 -0.9954
vn -0.3637 -0.0613 -0.9295
vn -0.3505 -0.0525 -0.9351
vn -0.3830 -0.0360 -0.9231
vn 0.3824 -0.1951 -0.9031
vn 0.4106 -0.1322 -0.9022
vn 0.0196 -0.0793 -0.9967
vn -0.4042 -0.0191 -0.9145
vn -0.3356 -0.0066 -0.9420
vn 0.0273 -0.1027 -0.9943
vn -0.8964 -0.3432 -0.2804
vn -0.8702 -0.4188 -0.2596
vn -0.9009 -0.4333 -0.0257
vn -0.9231 -0.3819 -0.0447
vn -0.7456 -0.6297 -0.2181
vn -0.7659 -0.6427 -0.0185
vn -0.8635 -0.4590 0.2092
vn -0.8894 -0.4135 0.1948
vn -0.7380 -0.6504 0.1799
vn -0.7379 -0.2915 -0.6087
vn -0.7554 -0.2896 -0.5877
vn -0.8695 -0.3809 -0.3144
vn -0.7242 -0.4092 -0.5550
vn -0.6121 -0.6386 -0.4664
vn -0.4409 -0.8354 -0.3282
vn -0.4728 -0.8649 -0.1687
vn -0.4801 -0.8771 -0.0126
vn -0.4680 -0.8725 0.1406
vn -0.4353 -0.8501 0.2964
vn -0.6042 -0.6733 0.4260
vn -0.7189 -0.4763 0.5062
vn -0.7557 -0.3998 0.5187
vn -0.8463 -0.5187 0.1215
vn -0.8861 -0.4533 -0.0962
vn 0.8111 0.3920 0.4340
vn 0.7500 0.5002 0.4329
vn 0.8691 0.4527 0.1992
vn 0.8821 0.4115 0.2295
vn 0.7813 0.5036 0.3686
vn 0.8905 0.4360 0.1298
vn 0.9162 0.3909 -0.0879
vn 0.9238 0.3797 -0.0484
vn 0.9191 0.3659 -0.1461
vn 0.9395 0.1908 0.2845
vn 0.8586 0.4085 0.3098
vn 0.9322 0.3561 0.0648
vn 0.9331 0.3003 -0.1978
vn 0.8105 0.2315 -0.5380
vn 0.8112 0.2828 -0.5118
vn 0.8202 0.3066 -0.4830
vn 0.8325 0.3077 -0.4606
vn 0.9455 0.3194 -0.0637
vn 0.8418 0.2710 -0.4669
vn 0.9343 0.3106 0.1750
vn 0.4901 0.1676 -0.8554
vn 0.4862 0.1651 -0.8581
vn 0.0274 -0.0076 -0.9996
vn 0.0287 -0.0024 -0.9996
vn 0.4842 0.1531 -0.8615
vn 0.0263 -0.0098 -0.9996
vn -0.3828 -0.1739 -0.9073
vn -0.3678 -0.1606 -0.9159
vn -0.4029 -0.1747 -0.8984
vn 0.4888 0.1510 -0.8592
vn 0.4857 0.1231 -0.8654
vn 0.0264 -0.0175 -0.9995
vn -0.4222 -0.1647 -0.8914
vn -0.6994 -0.3197 -0.6392
vn -0.6599 -0.3226 -0.6785
vn -0.6298 -0.3025 -0.7155
vn -0.3641 -0.1377 -0.9211
vn -0.6263 -0.2637 -0.7336
vn 0.0269 0.0018 -0.9996
vn -0.7356 -0.4313 -0.5224
vn -0.7670 -0.4515 -0.4559
vn -0.7485 -0.5862 -0.3101
vn -0.7165 -0.5670 -0.4065
vn -0.8186 -0.4342 -0.3760
vn -0.8174 -0.5435 -0.1909
vn -0.6421 -0.7364 -0.2131
vn -0.5903 -0.7218 -0.3612
vn -0.7508 -0.6600 -0.0264
vn -0.7466 -0.3762 -0.5486
vn -0.6587 -0.6313 -0.4093
vn -0.7538 -0.4907 -0.4371
vn 0.1788 -0.2363 -0.9551
vn 0.3270 -0.2488 -0.9117
vn 0.0011 -0.1101 -0.9939
vn -0.0597 -0.1006 -0.9931
vn 0.3673 -0.2408 -0.8984
vn 0.0235 -0.1083 -0.9938
vn -0.3270 0.0117 -0.9450
vn -0.3535 -0.0182 -0.9353
vn -0.3241 0.0292 -0.9456
vn 0.5908 -0.4577 -0.6644
vn 0.6793 -0.3844 -0.6252
vn 0.6935 -0.3531 -0.6280
vn -0.6597 0.1664 -0.7329
vn -0.6605 0.1249 -0.7404
vn -0.6769 0.0463 -0.7347
vn 0.8364 -0.4189 0.3535
vn 0.8532 -0.3736 0.3641
vn 0.9122 -0.4039 0.0686
vn 0.9036 -0.4187 0.0909
vn 0.8637 -0.3523 0.3605
vn 0.9215 -0.3857 0.0462
vn 0.8769 -0.4229 -0.2283
vn 0.8653 -0.4706 -0.1725
vn 0.8795 -0.3949 -0.2656
vn 0.5068 -0.3505 0.7876
vn 0.6160 -0.2878 0.7333
vn 0.6445 -0.2666 0.7166
vn -0.4842 0.0174 0.8748
vn -0.4364 0.0777 0.8964
vn -0.1033 -0.0179 0.9945
vn -0.1700 -0.0345 0.9848
vn -0.4170 0.1125 0.9019
vn -0.0758 -0.0023 0.9971
vn 0.2334 -0.1403 0.9622
vn 0.0799 -0.1387 0.9871
vn 0.2822 -0.1303 0.9505
vn -0.8034 0.0565 0.5927
vn -0.7590 0.1608 0.6310
vn -0.7293 0.2167 0.6489
vn -0.8973 0.0832 -0.4336
vn -0.8844 0.1994 -0.4221
vn -0.9705 0.2241 -0.0893
vn -0.9889 0.0914 -0.1172
vn -0.8773 0.2601 -0.4034
vn -0.9538 0.2946 -0.0590
vn -0.9415 0.2119 0.2620
vn -0.9712 0.0821 0.2235
vn -0.9136 0.2808 0.2941
vn 0.2532 -0.9388 -0.2335
vn 0.2680 -0.9591 -0.0910
vn -0.0025 -0.9952 -0.0977
vn -0.0144 -0.9680 -0.2504
vn 0.2674 -0.9635 -0.0151
vn -0.0010 -0.9996 -0.0274
vn -0.2727 -0.9555 -0.1126
vn -0.2783 -0.9264 -0.2535
vn -0.2688 -0.9622 -0.0441
vn 0.5280 -0.7296 -0.4346
vn 0.5883 -0.7733 -0.2367
vn 0.2521 -0.8136 -0.5240
vn 0.6079 -0.7886 -0.0925
vn 0.6081 -0.7938 -0.0036
vn 0.6014 -0.7977 0.0445
vn 0.2642 -0.9643 0.0189
vn -0.0016 -1.0000 -0.0035
vn -0.2665 -0.9634 -0.0280
vn -0.6122 -0.7876 -0.0705
vn -0.6141 -0.7765 -0.1414
vn -0.6065 -0.7444 -0.2795
vn -0.3350 -0.7758 -0.5347
vn -0.5693 -0.6784 -0.4643
vn -0.0513 -0.8295 -0.5561
vn 0.9844 -0.1331 0.1152
vn 0.9775 -0.2071 0.0389
vn 0.9700 -0.2284 -0.0833
vn 0.9839 -0.1694 -0.0563
vn 0.8865 -0.4627 0.0093
vn 0.8807 -0.4641 -0.0948
vn 0.9244 -0.2433 -0.2939
vn 0.9399 -0.1831 -0.2881
vn 0.8456 -0.4580 -0.2743
vn 0.9608 -0.0546 0.2718
vn 0.9780 -0.1720 0.1182
vn 0.8844 -0.4615 0.0699
vn 0.6679 -0.4720 -0.5754
vn 0.7320 -0.2569 -0.6310
vn 0.7457 -0.1852 -0.6401
vn -0.9369 -0.0311 -0.3483
vn -0.9264 -0.1244 -0.3553
vn -0.9810 -0.1141 -0.1569
vn -0.9931 -0.0120 -0.1171
vn -0.8593 -0.3890 -0.3322
vn -0.8960 -0.4118 -0.1659
vn -0.9934 -0.0951 -0.0633
vn -0.9988 0.0268 0.0414
vn -0.9043 -0.4173 -0.0898
vn -0.7731 -0.0522 -0.6322
vn -0.7657 -0.1405 -0.6277
vn -0.7143 -0.3811 -0.5870
vn 0.3234 -0.1601 -0.9326
vn 0.3220 -0.2465 -0.9141
vn -0.1247 -0.2104 -0.9696
vn -0.1336 -0.1182 -0.9840
vn 0.2935 -0.5022 -0.8134
vn -0.0987 -0.4958 -0.8628
vn -0.4860 -0.1705 -0.8572
vn -0.4946 -0.0813 -0.8653
vn -0.4358 -0.4365 -0.7871
vn 0.8017 0.4456 0.3985
vn 0.4539 0.3272 0.8288
vn 0.5182 -0.0020 0.8552
vn 0.9031 -0.0035 0.4294
vn -0.0507 0.0958 0.9941
vn -0.0421 0.0002 0.9991
vn 0.4513 -0.3307 0.8288
vn 0.7982 -0.4518 0.3985
vn -0.0515 -0.0954 0.9941
vn 0.5725 0.8003 0.1783
vn 0.5295 0.7874 0.3157
vn 0.8629 0.4524 0.2252
vn 0.2701 0.5931 0.7585
vn -0.0931 0.1877 0.9778
vn -0.2081 0.0205 0.9779
vn -0.2067 0.0080 0.9784
vn -0.2079 0.0008 0.9782
vn -0.2067 -0.0064 0.9784
vn -0.2082 -0.0189 0.9779
vn -0.0945 -0.1870 0.9778
vn 0.2655 -0.5951 0.7585
vn 0.5234 -0.7915 0.3157
vn 0.8602 -0.4656 0.2081
vn 0.5694 -0.8097 0.1417
vn 0.9715 -0.0066 0.2371
vn -0.5140 0.3471 0.7845
vn -0.4415 0.6842 0.5804
vn -0.1520 0.6732 0.7237
vn -0.1797 0.3002 0.9368
vn -0.3378 0.9148 0.2215
vn -0.0701 0.9434 0.3243
vn 0.1772 0.6559 0.7337
vn 0.2275 0.2857 0.9309
vn 0.2152 0.9083 0.3588
vn -0.2691 0.9631 -0.0008
vn -0.0109 0.9979 0.0635
vn 0.2494 0.9611 0.1187
vn 0.5716 0.7485 0.3362
vn 0.5919 0.5508 0.5885
vn 0.6861 0.2315 0.6897
vn 0.9245 0.1021 0.3671
vn 0.8891 0.2847 0.3584
vn 0.9750 -0.0655 0.2125
vn 0.9766 -0.1214 0.1776
vn 0.8708 0.4076 0.2750
vn 0.9748 -0.0242 0.2219
vn 0.8728 -0.4647 0.1496
vn 0.8794 -0.4626 0.1128
vn 0.8668 -0.4657 0.1782
vn 0.5759 -0.8090 0.1182
vn 0.5829 -0.8065 0.0990
vn 0.5922 -0.8023 0.0744
vn 0.2607 -0.9648 0.0343
vn 0.2575 -0.9652 0.0451
vn -0.0024 -1.0000 -0.0000
vn -0.0021 -1.0000 -0.0001
vn 0.2548 -0.9655 0.0532
vn -0.0029 -1.0000 0.0001
vn -0.2615 -0.9641 -0.0462
vn -0.2639 -0.9639 -0.0361
vn -0.2600 -0.9641 -0.0535
vn 0.2505 -0.9656 0.0692
vn -0.0062 -0.9999 0.0114
vn -0.2628 -0.9638 -0.0453
vn -0.2205 0.0008 0.9754
vn -0.2205 0.0009 0.9754
vn -0.2326 0.0206 0.9724
vn -0.2342 0.0081 0.9722
vn -0.2248 0.0199 0.9742
vn -0.2331 0.0009 0.9725
vn -0.2343 -0.0063 0.9722
vn -0.2328 -0.0188 0.9724
vn -0.2249 -0.0182 0.9742
vn -0.2205 -0.0166 0.9752
vn -0.2161 -0.0182 0.9762
vn -0.2160 0.0199 0.9762
vn -0.2204 0.0183 0.9752
vn -0.2898 0.9509 0.1082
vn -0.3336 0.7274 0.5997
vn -0.1412 0.7572 0.6377
vn -0.0320 0.9869 0.1583
vn -0.2685 0.2287 0.9357
vn -0.2135 0.2343 0.9484
vn 0.0486 0.7259 0.6861
vn 0.2221 0.9490 0.2239
vn -0.1584 0.2283 0.9606
vn -0.6080 0.7918 0.0585
vn -0.5657 0.5963 0.5696
vn -0.3352 0.1886 0.9231
vn -0.8953 -0.4452 0.0157
vn -0.7663 -0.3260 0.5535
vn -0.8357 0.0032 0.5492
vn -1.0000 0.0038 -0.0008
vn -0.3818 -0.0941 0.9194
vn -0.3918 0.0015 0.9201
vn -0.7638 0.3319 0.5536
vn -0.8918 0.4521 0.0157
vn -0.3811 0.0971 0.9194
vn -0.6141 -0.7871 0.0585
vn -0.5703 -0.5919 0.5695
vn -0.3366 -0.1860 0.9231
vn 0.2148 -0.9507 0.2239
vn 0.0430 -0.7263 0.6861
vn -0.1471 -0.7561 0.6377
vn -0.0396 -0.9866 0.1583
vn -0.1601 -0.2271 0.9606
vn -0.2153 -0.2326 0.9484
vn -0.3392 -0.7248 0.5997
vn -0.2971 -0.9487 0.1082
vn -0.2703 -0.2267 0.9357
vn -0.4303 -0.1071 -0.8963
vn -0.4193 -0.2375 -0.8762
vn -0.2489 -0.2968 -0.9219
vn -0.2525 -0.2097 -0.9446
vn -0.4375 -0.2336 -0.8684
vn -0.2683 -0.2624 -0.9269
vn -0.1202 -0.3294 -0.9365
vn -0.1205 -0.2619 -0.9575
vn -0.1324 -0.2804 -0.9507
vn -0.6496 0.3969 -0.6485
vn -0.6708 0.0596 -0.7393
vn -0.4545 0.2035 -0.8672
vn -0.6541 -0.1448 -0.7424
vn -0.6566 -0.1948 -0.7287
vn -0.6729 -0.1667 -0.7207
vn -0.4658 -0.1712 -0.8682
vn -0.2940 -0.1776 -0.9392
vn -0.1477 -0.1833 -0.9719
vn -0.1344 -0.0054 -0.9909
vn -0.2778 0.0665 -0.9583
vn -0.0468 0.5656 0.8233
vn -0.0442 0.6539 0.7553
vn -0.1010 0.6730 0.7328
vn -0.0961 0.5737 0.8134
vn -0.0439 0.6926 0.7200
vn -0.0998 0.7120 0.6950
vn -0.1715 0.7234 0.6687
vn -0.1568 0.6305 0.7602
vn -0.1824 0.7545 0.6305
vn -0.0438 0.6862 0.7261
vn -0.0979 0.7054 0.7020
vn -0.1830 0.7469 0.6393
vn -0.2979 0.8053 0.5126
vn -0.2866 0.8194 0.4964
vn -0.2759 0.8136 0.5118
vn -0.2708 0.7605 0.5902
vn -0.3870 0.8827 0.2666
vn -0.3918 0.8833 0.2574
vn -0.4648 0.8854 -0.0105
vn -0.4348 0.8989 -0.0536
vn -0.3982 0.8718 0.2853
vn -0.4845 0.8734 0.0489
vn -0.4973 0.8284 -0.2577
vn -0.4526 0.8245 -0.3397
vn -0.5262 0.8306 -0.1822
vn -0.4119 0.8509 0.3260
vn -0.4951 0.8628 0.1022
vn -0.5200 0.8450 -0.1249
vn -0.4855 -0.1063 -0.8677
vn -0.4916 -0.0613 -0.8687
vn -0.3178 -0.0451 -0.9471
vn -0.3113 -0.0981 -0.9452
vn -0.4893 -0.0272 -0.8717
vn -0.3178 -0.0090 -0.9481
vn -0.1620 -0.0367 -0.9861
vn -0.1581 -0.0948 -0.9829
vn -0.1617 0.0013 -0.9868
vn -0.6849 -0.1205 -0.7186
vn -0.6878 -0.0837 -0.7211
vn -0.6856 -0.0521 -0.7261
vn -0.6821 -0.0186 -0.7310
vn -0.4850 0.0045 -0.8745
vn -0.3156 0.0211 -0.9487
vn -0.1595 0.0314 -0.9867
vn -0.8633 0.1671 0.4762
vn -0.9101 -0.2343 0.3419
vn -0.9936 -0.0660 -0.0912
vn -0.9555 0.2940 0.0232
vn -0.8934 -0.4107 0.1822
vn -0.9551 -0.2361 -0.1791
vn -0.8791 -0.0548 -0.4735
vn -0.8791 0.2357 -0.4143
vn -0.8551 -0.1736 -0.4885
vn -0.4958 0.3627 0.7891
vn -0.5829 -0.0694 0.8096
vn -0.6860 0.5411 0.4864
vn -0.5940 -0.4095 0.6925
vn -0.6094 -0.5330 0.5870
vn -0.6669 -0.5741 0.4750
vn -0.9071 -0.4206 0.0164
vn -0.9339 -0.2522 -0.2535
vn -0.8475 -0.1804 -0.4992
vn -0.7734 0.5642 -0.2891
vn -0.7807 0.6153 0.1092
vn -0.0459 -0.3288 0.9433
vn -0.0436 -0.4567 0.8886
vn -0.1215 -0.4588 0.8802
vn -0.1288 -0.3031 0.9442
vn -0.0442 -0.4099 0.9110
vn -0.1191 -0.4368 0.8917
vn -0.2852 -0.4596 0.8411
vn -0.2949 -0.2345 0.9263
vn -0.2844 -0.4951 0.8210
vn -0.0491 0.0086 0.9988
vn -0.0432 -0.2891 0.9563
vn -0.1095 -0.3344 0.9361
vn -0.2728 -0.4486 0.8511
vn -0.2860 0.1715 0.9428
vn -0.1351 0.0569 0.9892
vn -0.0379 -0.2332 0.9717
vn -0.0310 -0.3123 0.9495
vn -0.0750 -0.3428 0.9364
vn -0.0895 -0.2795 0.9560
vn -0.0255 -0.4910 0.8708
vn -0.0739 -0.5090 0.8576
vn -0.1683 -0.4112 0.8959
vn -0.2238 -0.4117 0.8834
vn -0.1750 -0.5481 0.8179
vn -0.0210 -0.6895 0.7240
vn -0.0755 -0.6989 0.7112
vn -0.1998 -0.7178 0.6669
vn -0.4829 -0.7194 0.4993
vn -0.4712 -0.6432 0.6036
vn -0.4812 -0.5747 0.6619
vn -0.5586 -0.5849 0.5881
vn -0.9269 -0.3309 -0.1770
vn -0.9204 -0.1947 -0.3391
vn -0.9165 -0.1461 -0.3725
vn -0.9241 -0.2058 -0.3219
vn -0.9101 -0.1044 -0.4010
vn -0.9131 -0.0932 -0.3970
vn -0.8425 -0.1106 -0.5272
vn -0.8453 -0.1476 -0.5135
vn -0.8413 -0.0759 -0.5352
vn -0.8748 -0.4772 -0.0841
vn -0.8496 -0.2281 -0.4755
vn -0.8014 -0.0968 -0.5902
vn -0.7837 -0.0386 -0.6199
vn -0.9072 -0.0519 -0.4175
vn -0.9135 -0.0523 -0.4035
vn -0.8414 -0.0410 -0.5389
vn -0.5568 0.0069 -0.8306
vn -0.4898 0.0137 -0.8717
vn -0.4334 0.0666 -0.8987
vn -0.4964 0.0695 -0.8653
vn -0.6498 0.0337 -0.7594
vn -0.5939 0.1038 -0.7979
vn -0.3275 0.1331 -0.9354
vn -0.3818 0.1503 -0.9120
vn -0.4795 0.1990 -0.8547
vn -0.5751 -0.0230 -0.8178
vn -0.7769 -0.0008 -0.6296
vn -0.5098 -0.0166 -0.8601
vn -0.6705 -0.0105 -0.7418
vn -0.8975 0.0053 -0.4410
vn -0.8851 0.0699 -0.4601
vn -0.8462 0.1753 -0.5032
vn -0.7440 0.3364 -0.5772
vn -0.5452 0.5265 -0.6523
vn -0.3100 0.2948 -0.9039
vn -0.1958 0.1938 -0.9613
vn -0.2414 0.2250 -0.9440
vn -0.6314 0.2268 -0.7415
vn -0.4514 0.3760 -0.8092
vn -0.7395 0.0849 -0.6678
vn -0.5117 0.7479 -0.4229
vn -0.5043 0.7738 -0.3833
vn -0.3179 0.8740 -0.3675
vn -0.3108 0.8420 -0.4410
vn -0.4408 0.7001 -0.5617
vn -0.2791 0.7959 -0.5373
vn -0.1419 0.9171 -0.3726
vn -0.1302 0.8714 -0.4730
vn -0.1246 0.8550 -0.5034
vn -0.6494 0.4712 -0.5968
vn -0.7147 0.5393 -0.4454
vn -0.4914 0.5651 -0.6628
vn -0.7226 0.5598 -0.4055
vn -0.6585 0.5167 -0.5472
vn -0.2839 0.4862 -0.8265
vn -0.1695 0.5614 -0.8100
vn -0.0701 0.6255 -0.7771
vn -0.1207 0.6718 -0.7308
vn -0.2884 0.6388 -0.7132
vn -0.4764 0.0437 -0.8781
vn -0.4629 0.1037 -0.8803
vn -0.2955 0.1459 -0.9441
vn -0.3120 0.0677 -0.9477
vn -0.4632 0.2691 -0.8444
vn -0.2770 0.3244 -0.9044
vn -0.1511 0.1834 -0.9714
vn -0.1579 0.0814 -0.9841
vn -0.1318 0.3759 -0.9172
vn -0.6752 0.0152 -0.7375
vn -0.6721 0.0832 -0.7357
vn -0.6783 0.2459 -0.6924
vn -0.9070 -0.0100 -0.4211
vn -0.8959 0.0831 -0.4364
vn -0.9117 0.0802 -0.4029
vn -0.9148 -0.0129 -0.4038
vn -0.8297 0.2743 -0.4863
vn -0.8680 0.2862 -0.4058
vn -0.8411 0.0783 -0.5351
vn -0.8407 -0.0054 -0.5415
vn -0.8230 0.2702 -0.4997
vn -0.0174 -0.8085 0.5882
vn -0.0156 -0.8458 0.5333
vn -0.0682 -0.8448 0.5308
vn -0.0720 -0.8109 0.5807
vn -0.0165 -0.8187 0.5739
vn -0.0678 -0.8166 0.5733
vn -0.1898 -0.8323 0.5208
vn -0.2007 -0.8097 0.5515
vn -0.1754 -0.8048 0.5671
vn -0.0220 -0.6854 0.7278
vn -0.0785 -0.6827 0.7265
vn -0.1823 -0.6716 0.7181
vn -0.3237 -0.6488 0.6887
vn -0.3889 -0.7226 0.5715
vn -0.4329 -0.7587 0.4868
vn -0.4685 -0.7591 0.4521
vn -0.7941 -0.5559 0.2458
vn -0.7345 -0.5430 0.4070
vn -0.9112 -0.2595 0.3200
vn -0.9619 -0.2684 0.0514
vn -0.6351 -0.5020 0.5871
vn -0.7739 -0.2372 0.5872
vn -0.9601 -0.0627 0.2725
vn -0.9964 -0.0722 -0.0435
vn -0.8160 -0.0524 0.5757
vn -0.8295 -0.5519 0.0852
vn -0.4476 -0.4439 0.7763
vn -0.5301 -0.2071 0.8223
vn -0.5573 -0.0435 0.8292
vn -0.5608 0.0314 0.8274
vn -0.8199 0.0364 0.5713
vn -0.9648 0.0330 0.2610
vn -0.9974 0.0219 -0.0682
vn -0.9129 -0.0766 -0.4010
vn -0.9306 -0.2619 -0.2559
vn -0.1361 0.2811 -0.9500
vn -0.0917 0.2361 -0.9674
vn -0.0296 0.2630 -0.9644
vn -0.0665 0.3271 -0.9427
vn -0.1454 0.3522 -0.9246
vn -0.0481 0.3707 -0.9275
vn -0.0011 0.2760 -0.9612
vn -0.0190 0.3663 -0.9303
vn -0.0073 0.3736 -0.9276
vn -0.2989 0.6536 -0.6953
vn -0.1235 0.6956 -0.7077
vn -0.0347 0.7027 -0.7106
vn -0.8434 -0.5333 -0.0654
vn -0.8236 -0.5567 -0.1083
vn -0.6835 -0.2199 -0.6960
vn -0.7126 -0.2149 -0.6679
vn -0.8263 -0.5602 -0.0579
vn -0.8075 -0.2467 -0.5358
vn -0.5474 -0.0602 -0.8347
vn -0.6041 -0.0696 -0.7938
vn -0.7078 -0.0722 -0.7027
vn -0.0444 0.0543 0.9975
vn -0.0455 0.1370 0.9895
vn -0.1336 0.1403 0.9810
vn -0.1322 0.0577 0.9895
vn -0.0478 0.2874 0.9566
vn -0.1365 0.2889 0.9476
vn -0.2969 0.1510 0.9429
vn -0.2980 0.0675 0.9522
vn -0.2868 0.2875 0.9138
vn -0.0437 0.0142 0.9989
vn -0.0528 0.5152 0.8554
vn -0.1475 0.5132 0.8455
vn -0.2939 0.4994 0.8150
vn -0.4666 0.4591 0.7560
vn -0.5217 0.3083 0.7955
vn -0.5498 0.1759 0.8166
vn -0.5593 0.0855 0.8245
vn -0.2966 0.0228 0.9547
vn -0.1308 0.0168 0.9913
vn -0.0311 -0.4349 0.8999
vn -0.0386 -0.1865 0.9817
vn -0.1196 -0.1850 0.9754
vn -0.1006 -0.4323 0.8961
vn -0.0423 -0.0416 0.9982
vn -0.1280 -0.0400 0.9910
vn -0.2773 -0.1877 0.9423
vn -0.2319 -0.4245 0.8752
vn -0.2930 -0.0393 0.9553
vn -0.9925 0.0970 -0.0749
vn -0.9596 0.1066 0.2605
vn -0.9393 0.2256 0.2586
vn -0.9708 0.2209 -0.0940
vn -0.8149 0.1021 0.5705
vn -0.7963 0.2068 0.5684
vn -0.8699 0.4222 0.2551
vn -0.8944 0.4267 -0.1343
vn -0.7428 0.3682 0.5591
vn -0.5862 0.5804 0.5652
vn -0.6846 0.6812 0.2594
vn -0.6967 0.6938 -0.1823
vn -0.4144 0.8866 -0.2053
vn -0.4124 0.8675 0.2780
vn -0.1937 0.9341 0.2999
vn -0.1894 0.9604 -0.2043
vn -0.3497 0.7161 0.6041
vn -0.1696 0.7528 0.6360
vn -0.0666 0.9474 0.3131
vn -0.0619 0.9782 -0.1983
vn -0.0601 0.7594 0.6478
vn -0.0429 0.6419 0.7656
vn -0.0431 0.5505 0.8337
vn -0.1105 0.5806 0.8067
vn -0.1014 0.6650 0.7399
vn -0.0467 0.3580 0.9326
vn -0.1241 0.4008 0.9077
vn -0.2023 0.6413 0.7402
vn -0.1858 0.7108 0.6785
vn -0.2398 0.4905 0.8378
vn -0.3882 0.6135 0.6877
vn -0.3321 0.7231 0.6056
vn -0.3081 0.7776 0.5482
vn -0.4225 0.8320 0.3595
vn -0.4622 0.7946 0.3937
vn -0.5426 0.8273 0.1451
vn -0.4995 0.8559 0.1335
vn -0.5401 0.7196 0.4365
vn -0.6298 0.7640 0.1403
vn -0.5609 0.8182 -0.1262
vn -0.5207 0.8469 -0.1083
vn -0.6419 0.7447 -0.1829
vn -0.5667 0.6567 -0.4976
vn -0.5018 0.7732 -0.3878
vn -0.4741 0.8156 -0.3318
vn -0.3762 0.7823 -0.4966
vn -0.3934 0.7131 -0.5803
vn -0.2721 0.6631 -0.6973
vn -0.2635 0.7630 -0.5903
vn -0.4348 0.5322 -0.7265
vn -0.2870 0.4272 -0.8574
vn -0.1401 0.6336 -0.7608
vn -0.1390 0.7548 -0.6411
vn -0.1437 0.3652 -0.9198
vn 0.2719 -0.9501 0.1531
vn 0.0504 -0.9871 0.1519
vn 0.0471 -0.9989 -0.0010
vn 0.2739 -0.9617 0.0040
vn -0.1741 -0.9750 0.1379
vn -0.1804 -0.9836 -0.0065
vn 0.0469 -0.9857 -0.1617
vn 0.2714 -0.9501 -0.1535
vn -0.1779 -0.9715 -0.1568
vn 0.5276 -0.7860 0.3222
vn 0.3081 -0.8723 0.3797
vn 0.5629 -0.8091 0.1691
vn 0.0489 -0.9191 0.3909
vn -0.2133 -0.9067 0.3639
vn -0.2163 -0.8957 -0.3885
vn 0.0474 -0.9129 -0.4055
vn 0.3099 -0.8694 -0.3848
vn 0.5687 -0.8068 -0.1601
vn 0.5343 -0.7828 -0.3189
vn 0.5755 -0.8178 0.0068
vn -0.4445 -0.2797 0.8510
vn -0.4096 -0.4514 0.7928
vn 0.0220 -0.3751 0.9267
vn 0.0046 -0.0861 0.9963
vn -0.3194 -0.7125 0.6248
vn 0.0384 -0.7078 0.7054
vn 0.4686 -0.2658 0.8425
vn 0.4547 0.0866 0.8864
vn 0.4031 -0.6364 0.6577
vn 0.7018 -0.5346 0.4708
vn 0.8040 -0.1608 0.5724
vn 0.7821 0.1880 0.5941
vn 0.9360 0.2136 0.2799
vn 0.9594 -0.0996 0.2638
vn 0.9963 -0.0854 0.0101
vn 0.9801 0.1970 0.0253
vn 0.8447 -0.4879 0.2203
vn 0.8747 -0.4846 0.0074
vn 0.9647 -0.0994 -0.2437
vn 0.9583 0.1652 -0.2331
vn 0.8539 -0.4772 -0.2076
vn 0.7164 -0.5172 -0.4682
vn 0.8161 -0.1525 -0.5575
vn 0.8204 0.1107 -0.5610
vn 0.4905 0.0220 -0.8712
vn 0.4855 -0.2374 -0.8414
vn 0.0382 -0.3208 -0.9464
vn 0.0291 -0.0889 -0.9956
vn 0.4177 -0.6108 -0.6726
vn 0.0469 -0.6746 -0.7367
vn -0.4032 -0.3800 -0.8325
vn -0.4286 -0.2009 -0.8809
vn -0.3202 -0.6749 -0.6648
vn -0.9433 -0.0092 -0.3319
vn -0.9027 -0.1232 -0.4123
vn -0.9600 -0.1521 -0.2349
vn -0.9940 -0.0104 -0.1086
vn -0.8202 -0.2678 -0.5055
vn -0.8624 -0.3432 -0.3721
vn -0.9726 -0.1798 -0.1477
vn -0.9986 0.0051 0.0530
vn -0.8381 -0.4352 -0.3289
vn -0.7646 -0.0120 -0.6444
vn -0.7320 -0.0900 -0.6753
vn -0.6726 -0.1891 -0.7154
vn -0.7732 -0.5248 -0.3560
vn -0.9692 -0.2058 -0.1353
vn -0.9882 0.0423 0.1475
vn 0.4182 -0.0894 -0.9039
vn 0.4373 -0.0166 -0.8992
vn 0.0120 -0.0372 -0.9992
vn 0.0144 -0.0620 -0.9980
vn 0.4660 0.0798 -0.8812
vn 0.0166 -0.0118 -0.9998
vn -0.4014 -0.0598 -0.9139
vn -0.4087 -0.0322 -0.9121
vn -0.3810 -0.1013 -0.9190
vn 0.7489 -0.1049 -0.6543
vn 0.7889 0.0048 -0.6144
vn 0.8308 0.1573 -0.5339
vn 0.9965 -0.0305 0.0782
vn 0.9983 0.0269 0.0525
vn 0.9972 0.0240 -0.0711
vn 0.9887 -0.0819 -0.1259
vn 0.9896 0.0794 0.1196
vn 0.9846 0.1678 0.0497
vn 0.9576 0.0191 -0.2874
vn 0.9284 -0.1019 -0.3573
vn 0.9692 0.1862 -0.1615
vn 0.9652 0.0596 0.2548
vn 0.9930 0.0328 0.1136
vn 0.9940 -0.0905 0.0620
vn 0.8981 0.1998 0.3917
vn 0.8103 0.3379 0.4788
vn 0.9815 0.0452 0.1859
vn 0.9881 0.0436 0.1474
vn 0.7438 0.3952 0.5391
vn 0.9631 -0.0003 0.2690
vn 0.9158 -0.3842 -0.1166
vn 0.9606 -0.2712 -0.0614
vn 0.8789 -0.4735 -0.0587
vn 0.6765 0.2688 0.6857
vn 0.5037 0.4791 0.7188
vn 0.4133 0.5962 0.6882
vn 0.3807 0.5424 0.7490
vn 0.6880 0.2807 0.6692
vn 0.8836 -0.1503 0.4435
vn 0.7933 -0.5964 0.1221
vn 0.5015 -0.8543 -0.1369
vn 0.5460 -0.7818 -0.3012
vn 0.5804 -0.7346 -0.3515
vn 0.6598 -0.6887 -0.3007
vn 0.5503 -0.0106 0.8349
vn 0.3272 -0.3427 0.8806
vn 0.3698 -0.5600 0.7414
vn 0.6669 -0.3765 0.6431
vn 0.1274 -0.5754 0.8079
vn 0.1322 -0.6501 0.7483
vn 0.3395 -0.7451 0.5741
vn 0.5946 -0.7129 0.3718
vn 0.1333 -0.7125 0.6889
vn 0.3287 0.2661 0.9062
vn 0.2102 -0.1430 0.9671
vn 0.0837 -0.4892 0.8681
vn 0.0198 -0.6464 0.7627
vn 0.0242 -0.6710 0.7410
vn 0.0221 -0.6775 0.7352
vn 0.0233 -0.6818 0.7312
vn 0.0243 -0.7052 0.7086
vn 0.0992 -0.7843 0.6124
vn 0.2403 -0.8798 0.4101
vn 0.3951 -0.9091 0.1319
vn 0.2609 -0.8595 -0.4395
vn 0.2453 -0.8556 -0.4558
vn 0.0394 -0.8694 -0.4925
vn 0.0335 -0.8714 -0.4894
vn 0.2419 -0.8799 -0.4090
vn 0.0466 -0.8941 -0.4455
vn -0.1266 -0.8560 -0.5013
vn -0.1291 -0.8517 -0.5078
vn -0.1239 -0.8860 -0.4467
vn 0.2335 -0.9344 -0.2689
vn 0.0502 -0.9484 -0.3132
vn -0.1170 -0.9445 -0.3069
vn -0.3338 -0.9112 -0.2412
vn -0.3548 -0.8444 -0.4013
vn -0.3629 -0.8035 -0.4719
vn -0.3772 -0.7850 -0.4914
vn -0.3850 0.3425 0.8570
vn -0.3077 0.5113 0.8024
vn -0.0492 0.5152 0.8557
vn -0.0429 0.3262 0.9443
vn -0.2663 0.6322 0.7276
vn -0.0528 0.6575 0.7516
vn 0.1955 0.5136 0.8355
vn 0.2986 0.3125 0.9018
vn 0.1441 0.6541 0.7426
vn -0.7605 0.2884 0.5818
vn -0.6624 0.4252 0.6168
vn -0.6014 0.4949 0.6272
vn -0.5576 0.3993 0.7278
vn -0.2493 0.5993 0.7607
vn -0.0525 0.6493 0.7587
vn 0.1288 0.6395 0.7579
vn -0.7193 -0.5788 -0.3842
vn -0.6832 -0.6335 -0.3634
vn -0.9480 -0.2941 -0.1212
vn -0.9605 -0.2375 -0.1452
vn -0.6520 -0.7058 -0.2769
vn -0.9221 -0.3862 -0.0241
vn -0.9574 0.1324 0.2568
vn -0.9745 0.0959 0.2028
vn -0.9324 0.1042 0.3461
vn -0.5937 -0.7996 -0.0900
vn -0.8324 -0.5259 0.1749
vn -0.8530 -0.0424 0.5202
vn 0.0058 -0.6825 0.7308
vn 0.0059 -0.6814 0.7319
vn 0.0061 -0.6818 0.7315
vn 0.0061 -0.6824 0.7310
vn 0.0063 -0.6802 0.7330
vn 0.0062 -0.6806 0.7326
vn 0.0056 -0.6817 0.7316
vn 0.0061 -0.6819 0.7314
vn 0.0048 -0.6802 0.7330
vn -0.0141 -0.6540 0.7563
vn -0.0130 -0.6823 0.7309
vn 0.0013 -0.6542 0.7563
vn -0.0114 -0.6861 0.7274
vn -0.0124 -0.6907 0.7230
vn -0.0075 -0.7102 0.7039
vn 0.0051 -0.7063 0.7079
vn 0.0074 -0.7042 0.7100
vn 0.0086 -0.7044 0.7098
vn 0.0076 -0.6517 0.7584
vn 0.0046 -0.6542 0.7563
vn -0.2159 0.3379 0.9161
vn -0.1305 -0.0916 0.9872
vn -0.0263 -0.0441 0.9987
vn -0.0460 0.4093 0.9112
vn -0.0382 -0.4780 0.8775
vn -0.0048 -0.4716 0.8818
vn 0.0760 -0.0452 0.9961
vn 0.1164 0.3969 0.9105
vn 0.0274 -0.4637 0.8856
vn -0.4491 0.1084 0.8869
vn -0.2654 -0.2531 0.9303
vn -0.0972 -0.5297 0.8426
vn 0.1947 -0.9808 -0.0098
vn 0.1210 -0.9437 0.3079
vn 0.0310 -0.9607 0.2758
vn 0.0450 -0.9972 -0.0601
vn 0.0450 -0.8167 0.5753
vn 0.0152 -0.8203 0.5717
vn -0.0569 -0.9598 0.2748
vn -0.0966 -0.9939 -0.0534
vn -0.0138 -0.8247 0.5654
vn -0.0650 -0.8097 0.5832
vn -0.1704 -0.9273 0.3334
vn -0.2723 -0.9619 0.0249
vn -0.4590 -0.8688 0.1857
vn -0.2702 -0.8489 0.4543
vn -0.3380 -0.7254 0.5997
vn -0.6168 -0.6661 0.4193
vn -0.1038 -0.7611 0.6402
vn -0.1154 -0.7110 0.6936
vn -0.3584 -0.5149 0.7788
vn -0.6442 -0.2900 0.7078
vn -0.1292 -0.6413 0.7563
vn -0.0000 -0.0000 1.0000
vt 0.407938 0.688550
vt 0.407927 0.688563
vt 0.407918 0.688556
vt 0.407929 0.688545
vt 0.407911 0.688575
vt 0.407903 0.688566
vt 0.407910 0.688551
vt 0.407921 0.688541
vt 0.407897 0.688559
vt 0.407956 0.688541
vt 0.407948 0.688557
vt 0.407946 0.688537
vt 0.407937 0.688572
vt 0.407922 0.688586
vt 0.407900 0.688598
vt 0.407890 0.688584
vt 0.407885 0.688572
vt 0.407881 0.688563
vt 0.407879 0.688557
vt 0.407893 0.688554
vt 0.407905 0.688547
vt 0.407914 0.688538
vt 0.407927 0.688531
vt 0.407920 0.688529
vt 0.407936 0.688534
vt 0.512200 0.546689
vt 0.512198 0.546682
vt 0.512204 0.546683
vt 0.512207 0.546691
vt 0.512195 0.546677
vt 0.512200 0.546676
vt 0.614701 0.413270
vt 0.640147 0.410926
vt 0.640338 0.446891
vt 0.613998 0.448632
vt 0.758127 0.440580
vt 0.781228 0.439578
vt 0.783768 0.471740
vt 0.759414 0.472497
vt 0.512196 0.546698
vt 0.512196 0.546686
vt 0.512202 0.546697
vt 0.512194 0.546681
vt 0.512191 0.546677
vt 0.512188 0.546674
vt 0.512192 0.546673
vt 0.512197 0.546671
vt 0.802879 0.440824
vt 0.806407 0.472158
vt 0.808414 0.504152
vt 0.785439 0.504651
vt 0.760438 0.505200
vt 0.735412 0.473840
vt 0.735821 0.505698
vt 0.713981 0.475265
vt 0.713924 0.506074
vt 0.592016 0.415697
vt 0.590668 0.450273
vt 0.512209 0.546701
vt 0.408138 0.688659
vt 0.408110 0.688631
vt 0.408127 0.688631
vt 0.408158 0.688655
vt 0.408094 0.688607
vt 0.408108 0.688606
vt 0.408140 0.688627
vt 0.408174 0.688647
vt 0.408118 0.688603
vt 0.408148 0.688689
vt 0.408113 0.688657
vt 0.408171 0.688682
vt 0.408092 0.688632
vt 0.408080 0.688609
vt 0.408073 0.688587
vt 0.408086 0.688585
vt 0.408097 0.688583
vt 0.408106 0.688580
vt 0.408114 0.688576
vt 0.408126 0.688599
vt 0.408149 0.688622
vt 0.408185 0.688637
vt 0.408211 0.688657
vt 0.408238 0.688631
vt 0.408192 0.688672
vt 0.407963 0.688524
vt 0.407964 0.688514
vt 0.407968 0.688514
vt 0.407966 0.688523
vt 0.416724 0.649056
vt 0.416728 0.649047
vt 0.416731 0.649050
vt 0.416727 0.649057
vt 0.407970 0.688515
vt 0.407969 0.688522
vt 0.416732 0.649051
vt 0.416729 0.649058
vt 0.407957 0.688525
vt 0.407963 0.688535
vt 0.407959 0.688513
vt 0.416720 0.649055
vt 0.416724 0.649045
vt 0.632692 0.526950
vt 0.632695 0.526951
vt 0.632694 0.526952
vt 0.632692 0.526951
vt 0.772824 0.320322
vt 0.763101 0.329264
vt 0.757513 0.319783
vt 0.766205 0.312496
vt 0.754844 0.312999
vt 0.761744 0.306477
vt 0.753939 0.308371
vt 0.757909 0.302389
vt 0.768345 0.296213
vt 0.763442 0.292787
vt 0.407972 0.688515
vt 0.407971 0.688522
vt 0.407969 0.688529
vt 0.407970 0.688527
vt 0.407967 0.688531
vt 0.407990 0.688632
vt 0.407962 0.688617
vt 0.407970 0.688597
vt 0.407992 0.688609
vt 0.407938 0.688601
vt 0.407951 0.688584
vt 0.407973 0.688579
vt 0.407993 0.688591
vt 0.407958 0.688567
vt 0.408034 0.688675
vt 0.407987 0.688657
vt 0.408020 0.688643
vt 0.407948 0.688639
vt 0.407918 0.688618
vt 0.407963 0.688553
vt 0.407973 0.688564
vt 0.407990 0.688576
vt 0.408014 0.688597
vt 0.408024 0.688582
vt 0.408015 0.688617
vt 0.497343 0.420265
vt 0.492202 0.438650
vt 0.467826 0.431835
vt 0.472828 0.414091
vt 0.486140 0.457371
vt 0.462479 0.449010
vt 0.445444 0.425168
vt 0.450281 0.407927
vt 0.440523 0.441546
vt 0.528175 0.408676
vt 0.523876 0.426244
vt 0.501906 0.402501
vt 0.518910 0.444828
vt 0.512590 0.464817
vt 0.500886 0.488726
vt 0.477609 0.474818
vt 0.456056 0.465617
vt 0.435041 0.457778
vt 0.415337 0.450844
vt 0.420398 0.434932
vt 0.425038 0.418965
vt 0.429619 0.402043
vt 0.454998 0.390409
vt 0.434120 0.384738
vt 0.477554 0.396388
vt 0.565688 0.537460
vt 0.565693 0.537465
vt 0.565692 0.537468
vt 0.565687 0.537463
vt 0.571934 0.462671
vt 0.570884 0.483981
vt 0.540141 0.483231
vt 0.541894 0.461143
vt 0.510756 0.560564
vt 0.510532 0.540582
vt 0.542575 0.539533
vt 0.541939 0.560034
vt 0.510168 0.519157
vt 0.543755 0.517295
vt 0.565684 0.537454
vt 0.565689 0.537457
vt 0.565683 0.537457
vt 0.565694 0.537462
vt 0.596946 0.463587
vt 0.595956 0.484361
vt 0.595605 0.505669
vt 0.570474 0.505931
vt 0.539369 0.506185
vt 0.508956 0.496886
vt 0.543850 0.493756
vt 0.586406 0.490100
vt 0.577225 0.517185
vt 0.574318 0.539437
vt 0.573015 0.560015
vt 0.541718 0.579249
vt 0.572447 0.579411
vt 0.510946 0.579416
vt 0.565682 0.537459
vt 0.408082 0.688561
vt 0.408085 0.688536
vt 0.408095 0.688536
vt 0.408093 0.688560
vt 0.343790 0.734652
vt 0.343796 0.734620
vt 0.343808 0.734623
vt 0.343801 0.734652
vt 0.408104 0.688536
vt 0.408102 0.688558
vt 0.511026 0.618347
vt 0.511033 0.598588
vt 0.541599 0.598498
vt 0.541500 0.618286
vt 0.408072 0.688562
vt 0.408076 0.688534
vt 0.343779 0.734652
vt 0.343785 0.734617
vt 0.343797 0.734586
vt 0.343810 0.734589
vt 0.343822 0.734592
vt 0.572131 0.598712
vt 0.571944 0.618410
vt 0.408111 0.688535
vt 0.408110 0.688555
vt 0.408188 0.688608
vt 0.408164 0.688597
vt 0.408167 0.688594
vt 0.408189 0.688605
vt 0.408144 0.688574
vt 0.408148 0.688572
vt 0.408170 0.688591
vt 0.408191 0.688600
vt 0.408152 0.688569
vt 0.408213 0.688608
vt 0.408187 0.688612
vt 0.408212 0.688604
vt 0.408161 0.688600
vt 0.408141 0.688577
vt 0.408133 0.688557
vt 0.408136 0.688555
vt 0.408140 0.688554
vt 0.408145 0.688553
vt 0.408151 0.688552
vt 0.408157 0.688567
vt 0.408175 0.688588
vt 0.408192 0.688594
vt 0.408210 0.688596
vt 0.408208 0.688590
vt 0.408211 0.688601
vt 0.550539 0.879983
vt 0.550536 0.880027
vt 0.550531 0.880027
vt 0.550531 0.879985
vt 0.408262 0.688561
vt 0.408252 0.688590
vt 0.408248 0.688588
vt 0.408259 0.688561
vt 0.446680 0.484025
vt 0.437259 0.505468
vt 0.419163 0.498153
vt 0.427650 0.476761
vt 0.408244 0.688587
vt 0.408256 0.688560
vt 0.471555 0.497717
vt 0.462961 0.491404
vt 0.550546 0.879979
vt 0.550539 0.880027
vt 0.408264 0.688562
vt 0.408256 0.688593
vt 0.408227 0.688619
vt 0.408221 0.688615
vt 0.408216 0.688612
vt 0.408241 0.688584
vt 0.472522 0.490404
vt 0.461320 0.491257
vt 0.460613 0.481463
vt 0.471777 0.480676
vt 0.400480 0.490951
vt 0.408640 0.469600
vt 0.472134 0.365819
vt 0.463255 0.366489
vt 0.462322 0.354492
vt 0.471203 0.353817
vt 0.510788 0.367010
vt 0.506357 0.384884
vt 0.482153 0.378780
vt 0.486711 0.360956
vt 0.461425 0.343281
vt 0.470306 0.342613
vt 0.459599 0.372892
vt 0.464200 0.355092
vt 0.408116 0.688552
vt 0.408120 0.688570
vt 0.473098 0.378718
vt 0.464220 0.379370
vt 0.536775 0.373329
vt 0.532427 0.391190
vt 0.438529 0.367346
vt 0.443000 0.349571
vt 0.408126 0.688545
vt 0.408127 0.688536
vt 0.408131 0.688536
vt 0.408130 0.688545
vt 0.408129 0.688560
vt 0.408124 0.688564
vt 0.408121 0.688548
vt 0.408188 0.688628
vt 0.408153 0.688616
vt 0.408155 0.688609
vt 0.408188 0.688622
vt 0.408131 0.688593
vt 0.408134 0.688586
vt 0.408158 0.688605
vt 0.408187 0.688616
vt 0.408138 0.688581
vt 0.304741 0.386902
vt 0.304308 0.400774
vt 0.261250 0.393912
vt 0.261296 0.381508
vt 0.303363 0.413856
vt 0.260240 0.405559
vt 0.219206 0.387075
vt 0.218258 0.376040
vt 0.217630 0.397219
vt 0.343722 0.376363
vt 0.343172 0.391780
vt 0.304982 0.372737
vt 0.342461 0.406835
vt 0.341336 0.421038
vt 0.339269 0.435216
vt 0.301458 0.426876
vt 0.258488 0.417143
vt 0.214900 0.407300
vt 0.174348 0.397873
vt 0.183164 0.390014
vt 0.185389 0.381404
vt 0.183301 0.371764
vt 0.216699 0.364736
vt 0.175648 0.360656
vt 0.261141 0.368877
vt 0.410272 0.396514
vt 0.406139 0.413175
vt 0.386442 0.407237
vt 0.390033 0.390869
vt 0.401927 0.428857
vt 0.382727 0.422635
vt 0.363170 0.400441
vt 0.366207 0.384498
vt 0.359932 0.415436
vt 0.414355 0.379428
vt 0.397216 0.444487
vt 0.378352 0.437971
vt 0.355863 0.430341
vt 0.402859 0.457613
vt 0.399104 0.464147
vt 0.386652 0.456001
vt 0.390184 0.449774
vt 0.406239 0.450940
vt 0.393285 0.443372
vt 0.409634 0.443793
vt 0.396354 0.436504
vt 0.413033 0.436427
vt 0.399419 0.429436
vt 0.393566 0.374052
vt 0.369146 0.368116
vt 0.390817 0.463001
vt 0.382786 0.484229
vt 0.364142 0.477094
vt 0.372146 0.456157
vt 0.471092 0.471487
vt 0.459950 0.472244
vt 0.459326 0.462543
vt 0.470352 0.461816
vt 0.341753 0.468229
vt 0.349782 0.447946
vt 0.458698 0.450892
vt 0.469411 0.450198
vt 0.450906 0.482041
vt 0.450260 0.472715
vt 0.449739 0.462880
vt 0.449384 0.451094
vt 0.449258 0.435916
vt 0.458038 0.435824
vt 0.468133 0.435181
vt 0.394056 0.471706
vt 0.387758 0.480293
vt 0.375753 0.471113
vt 0.381811 0.463125
vt 0.408134 0.688544
vt 0.408135 0.688537
vt 0.408139 0.688538
vt 0.408138 0.688544
vt 0.422534 0.344459
vt 0.418384 0.362185
vt 0.397074 0.357046
vt 0.400715 0.339512
vt 0.408144 0.688538
vt 0.408143 0.688544
vt 0.372047 0.351555
vt 0.375044 0.334504
vt 0.416465 0.428980
vt 0.402468 0.422306
vt 0.420008 0.421319
vt 0.405590 0.415005
vt 0.408150 0.688539
vt 0.408149 0.688545
vt 0.408189 0.688550
vt 0.408188 0.688549
vt 0.408188 0.688548
vt 0.408189 0.688549
vt 0.408187 0.688547
vt 0.408188 0.688547
vt 0.408189 0.688547
vt 0.408190 0.688548
vt 0.408189 0.688547
vt 0.408190 0.688551
vt 0.408188 0.688551
vt 0.408190 0.688550
vt 0.408187 0.688550
vt 0.408185 0.688548
vt 0.408183 0.688543
vt 0.408186 0.688545
vt 0.408188 0.688545
vt 0.408189 0.688545
vt 0.408189 0.688545
vt 0.408189 0.688546
vt 0.408189 0.688547
vt 0.408190 0.688548
vt 0.408190 0.688549
vt 0.408191 0.688548
vt 0.408190 0.688549
vt 0.298000 0.442248
vt 0.293215 0.459782
vt 0.252054 0.446617
vt 0.255812 0.430955
vt 0.562812 0.323844
vt 0.546283 0.331557
vt 0.529199 0.291918
vt 0.543615 0.285010
vt 0.211512 0.434282
vt 0.213516 0.420050
vt 0.512499 0.253142
vt 0.524774 0.246798
vt 0.335447 0.452017
vt 0.330021 0.471308
vt 0.579961 0.358548
vt 0.561620 0.367057
vt 0.449419 0.416603
vt 0.457358 0.416575
vt 0.449730 0.395138
vt 0.456659 0.395126
vt 0.450114 0.374214
vt 0.456039 0.374179
vt 0.450407 0.356511
vt 0.455501 0.356452
vt 0.498336 0.220309
vt 0.508963 0.214507
vt 0.176977 0.425158
vt 0.177559 0.412039
vt 0.408157 0.688545
vt 0.408157 0.688541
vt 0.408166 0.688542
vt 0.408165 0.688546
vt 0.305447 0.344102
vt 0.305204 0.358541
vt 0.261543 0.356280
vt 0.262191 0.343516
vt 0.408173 0.688545
vt 0.408173 0.688548
vt 0.218063 0.353532
vt 0.219939 0.342347
vt 0.408158 0.688552
vt 0.344651 0.344931
vt 0.344185 0.360835
vt 0.181686 0.350040
vt 0.184433 0.340114
vt 0.408179 0.688548
vt 0.408179 0.688551
vt 0.408173 0.688553
vt 0.408180 0.688555
vt 0.408166 0.688552
vt 0.408193 0.688587
vt 0.408179 0.688582
vt 0.408183 0.688576
vt 0.408193 0.688579
vt 0.408164 0.688565
vt 0.408171 0.688563
vt 0.408186 0.688570
vt 0.408192 0.688572
vt 0.408177 0.688562
vt 0.408206 0.688583
vt 0.408182 0.688560
vt 0.408188 0.688565
vt 0.408192 0.688566
vt 0.408203 0.688567
vt 0.408200 0.688561
vt 0.408204 0.688575
vt 0.408092 0.688657
vt 0.408071 0.688656
vt 0.408056 0.688630
vt 0.408074 0.688632
vt 0.408048 0.688651
vt 0.408036 0.688624
vt 0.408049 0.688607
vt 0.408064 0.688609
vt 0.408033 0.688602
vt 0.408120 0.688686
vt 0.408096 0.688685
vt 0.408070 0.688683
vt 0.408038 0.688585
vt 0.408050 0.688586
vt 0.408061 0.688587
vt 0.408064 0.688562
vt 0.408060 0.688562
vt 0.408070 0.688531
vt 0.408071 0.688532
vt 0.408058 0.688559
vt 0.408069 0.688531
vt 0.343773 0.734651
vt 0.343771 0.734650
vt 0.343770 0.734614
vt 0.343776 0.734615
vt 0.413714 0.656384
vt 0.413714 0.656383
vt 0.413713 0.656360
vt 0.413715 0.656359
vt 0.408059 0.688554
vt 0.408068 0.688531
vt 0.458086 0.673317
vt 0.458085 0.673317
vt 0.458085 0.673297
vt 0.458086 0.673292
vt 0.343767 0.734616
vt 0.343766 0.734623
vt 0.343735 0.734587
vt 0.343753 0.734585
vt 0.343769 0.734583
vt 0.343783 0.734583
vt 0.565689 0.537454
vt 0.565689 0.537451
vt 0.565694 0.537454
vt 0.565694 0.537458
vt 0.565688 0.537447
vt 0.565693 0.537450
vt 0.615592 0.464045
vt 0.629500 0.463737
vt 0.628190 0.484446
vt 0.614416 0.484542
vt 0.594274 0.455229
vt 0.605790 0.454107
vt 0.604655 0.475455
vt 0.592996 0.475949
vt 0.565684 0.537452
vt 0.565684 0.537449
vt 0.565684 0.537447
vt 0.512197 0.546703
vt 0.512203 0.546704
vt 0.512211 0.546709
vt 0.573467 0.418088
vt 0.571648 0.451495
vt 0.590108 0.484027
vt 0.570901 0.484318
vt 0.604208 0.496671
vt 0.592517 0.496850
vt 0.627734 0.505364
vt 0.614013 0.505479
vt 0.562670 0.345511
vt 0.550230 0.343436
vt 0.551301 0.328759
vt 0.563710 0.330409
vt 0.542034 0.340961
vt 0.542878 0.327495
vt 0.741741 0.280558
vt 0.751945 0.285374
vt 0.746970 0.297176
vt 0.737311 0.293035
vt 0.758550 0.289361
vt 0.753371 0.299922
vt 0.407981 0.688536
vt 0.407977 0.688533
vt 0.407977 0.688526
vt 0.407981 0.688527
vt 0.407973 0.688531
vt 0.407974 0.688524
vt 0.407971 0.688529
vt 0.407972 0.688523
vt 0.536045 0.339218
vt 0.536369 0.326593
vt 0.749818 0.308457
vt 0.743390 0.307141
vt 0.733675 0.303848
vt 0.722583 0.287567
vt 0.718931 0.298761
vt 0.726379 0.275020
vt 0.581007 0.347309
vt 0.581935 0.332433
vt 0.752604 0.334464
vt 0.740398 0.337148
vt 0.740330 0.324741
vt 0.749554 0.323451
vt 0.725581 0.337349
vt 0.728008 0.323837
vt 0.741317 0.315471
vt 0.748675 0.315508
vt 0.730721 0.313309
vt 0.632696 0.526953
vt 0.632695 0.526953
vt 0.632697 0.526956
vt 0.632695 0.526955
vt 0.632698 0.526959
vt 0.632696 0.526957
vt 0.632696 0.526966
vt 0.632695 0.526960
vt 0.707426 0.333782
vt 0.711503 0.320144
vt 0.715354 0.308933
vt 0.407983 0.688561
vt 0.407972 0.688552
vt 0.407972 0.688543
vt 0.407979 0.688549
vt 0.407967 0.688544
vt 0.407969 0.688538
vt 0.407973 0.688537
vt 0.407977 0.688540
vt 0.407970 0.688533
vt 0.408001 0.688570
vt 0.407983 0.688544
vt 0.407988 0.688555
vt 0.408009 0.688528
vt 0.408010 0.688522
vt 0.408015 0.688524
vt 0.408014 0.688528
vt 0.416765 0.649069
vt 0.416767 0.649065
vt 0.416771 0.649069
vt 0.416769 0.649072
vt 0.408019 0.688526
vt 0.408019 0.688529
vt 0.416774 0.649072
vt 0.416773 0.649075
vt 0.408004 0.688536
vt 0.408003 0.688528
vt 0.408009 0.688534
vt 0.709668 0.355163
vt 0.712120 0.343370
vt 0.751839 0.346536
vt 0.748132 0.357412
vt 0.613868 0.247431
vt 0.610307 0.257537
vt 0.574916 0.249244
vt 0.579339 0.239988
vt 0.607024 0.267002
vt 0.571045 0.257969
vt 0.534728 0.249278
vt 0.539763 0.241253
vt 0.499986 0.241212
vt 0.507125 0.233745
vt 0.467220 0.234452
vt 0.480823 0.227190
vt 0.416777 0.649075
vt 0.416776 0.649076
vt 0.408023 0.688528
vt 0.408022 0.688529
vt 0.408019 0.688532
vt 0.408023 0.688531
vt 0.408014 0.688533
vt 0.909815 0.023494
vt 0.919583 0.023754
vt 0.923729 0.024953
vt 0.913323 0.024536
vt 0.930280 0.025665
vt 0.931464 0.027683
vt 0.925574 0.026650
vt 0.917493 0.025437
vt 0.931360 0.029230
vt 0.900541 0.020270
vt 0.908515 0.021320
vt 0.902477 0.024442
vt 0.917144 0.022397
vt 0.927250 0.023758
vt 0.937074 0.026541
vt 0.937089 0.030204
vt 0.936298 0.032319
vt 0.761695 0.642813
vt 0.760745 0.643778
vt 0.760450 0.643475
vt 0.761384 0.642783
vt 0.683818 0.586270
vt 0.691074 0.599695
vt 0.684786 0.604966
vt 0.678751 0.591999
vt 0.930470 0.030653
vt 0.926201 0.027971
vt 0.919830 0.026939
vt 0.908926 0.027016
vt 0.912276 0.027908
vt 0.905367 0.026241
vt 0.568100 0.266259
vt 0.565939 0.274590
vt 0.529899 0.264880
vt 0.531641 0.257021
vt 0.564433 0.282972
vt 0.528883 0.272782
vt 0.496318 0.256322
vt 0.497285 0.248724
vt 0.495381 0.263749
vt 0.604141 0.275928
vt 0.601559 0.284863
vt 0.599257 0.293810
vt 0.597162 0.302793
vt 0.563529 0.291482
vt 0.528954 0.280925
vt 0.495595 0.271492
vt 0.632688 0.526962
vt 0.632687 0.526962
vt 0.632687 0.526962
vt 0.632687 0.526962
vt 0.467550 0.257286
vt 0.468899 0.250314
vt 0.468809 0.242989
vt 0.632687 0.526964
vt 0.632686 0.526964
vt 0.632686 0.526964
vt 0.632687 0.526963
vt 0.628825 0.534444
vt 0.628824 0.534444
vt 0.628824 0.534443
vt 0.628825 0.534443
vt 0.632686 0.526963
vt 0.632687 0.526963
vt 0.628824 0.534442
vt 0.628825 0.534442
vt 0.594929 0.312439
vt 0.562891 0.300797
vt 0.592326 0.322791
vt 0.561833 0.310914
vt 0.628825 0.534445
vt 0.628823 0.534445
vt 0.628822 0.534444
vt 0.628823 0.534443
vt 0.628823 0.534442
vt 0.628824 0.534441
vt 0.628824 0.534441
vt 0.628824 0.534441
vt 0.628825 0.534441
vt 0.730218 0.391383
vt 0.725822 0.380731
vt 0.749241 0.386113
vt 0.755680 0.397352
vt 0.632687 0.526962
vt 0.530167 0.290195
vt 0.499039 0.281209
vt 0.408030 0.688543
vt 0.408018 0.688543
vt 0.408020 0.688539
vt 0.408029 0.688539
vt 0.408013 0.688540
vt 0.408016 0.688537
vt 0.408023 0.688535
vt 0.408028 0.688535
vt 0.408021 0.688534
vt 0.408043 0.688541
vt 0.408030 0.688548
vt 0.408039 0.688538
vt 0.408016 0.688548
vt 0.408008 0.688543
vt 0.408023 0.688532
vt 0.408025 0.688532
vt 0.408026 0.688532
vt 0.408031 0.688533
vt 0.408028 0.688531
vt 0.408035 0.688535
vt 0.906741 0.044599
vt 0.906751 0.038291
vt 0.909390 0.038438
vt 0.909238 0.043745
vt 0.909443 0.032658
vt 0.911740 0.033676
vt 0.911648 0.038812
vt 0.911286 0.043083
vt 0.913498 0.034839
vt 0.906462 0.051981
vt 0.903732 0.045709
vt 0.908952 0.049887
vt 0.903646 0.038367
vt 0.906556 0.031918
vt 0.914554 0.029141
vt 0.915976 0.030610
vt 0.916744 0.032232
vt 0.917157 0.033623
vt 0.915303 0.035748
vt 0.913799 0.039246
vt 0.913201 0.042884
vt 0.912367 0.046657
vt 0.913418 0.045516
vt 0.910863 0.048158
vt 0.716426 0.600821
vt 0.738056 0.613756
vt 0.726956 0.621261
vt 0.709790 0.607721
vt 0.759504 0.624495
vt 0.744992 0.633149
vt 0.715376 0.628260
vt 0.701753 0.613841
vt 0.730412 0.641601
vt 0.692445 0.537175
vt 0.711980 0.516297
vt 0.717135 0.523311
vt 0.701319 0.536647
vt 0.722315 0.593648
vt 0.748343 0.606187
vt 0.772886 0.616061
vt 0.744955 0.477362
vt 0.756342 0.461132
vt 0.760579 0.476869
vt 0.748803 0.491054
vt 0.764920 0.493933
vt 0.752647 0.505836
vt 0.769386 0.510907
vt 0.756414 0.520562
vt 0.773643 0.526377
vt 0.759918 0.534174
vt 0.716844 0.649361
vt 0.704037 0.634571
vt 0.693150 0.619030
vt 0.696359 0.593757
vt 0.698720 0.586868
vt 0.917674 0.071592
vt 0.909469 0.070934
vt 0.912076 0.066316
vt 0.919187 0.066621
vt 0.901846 0.067118
vt 0.905255 0.063241
vt 0.914086 0.061796
vt 0.920041 0.061864
vt 0.908284 0.059409
vt 0.925222 0.073840
vt 0.915567 0.076334
vt 0.925902 0.069075
vt 0.906393 0.075205
vt 0.898191 0.070696
vt 0.891688 0.062921
vt 0.895683 0.060194
vt 0.899690 0.057293
vt 0.903343 0.054506
vt 0.910695 0.055939
vt 0.915470 0.057752
vt 0.920320 0.057686
vt 0.755242 0.641467
vt 0.754829 0.640275
vt 0.755672 0.640356
vt 0.756026 0.641328
vt 0.754330 0.641509
vt 0.753870 0.640073
vt 0.753354 0.641437
vt 0.752871 0.639735
vt 0.892028 0.050342
vt 0.892181 0.039035
vt 0.896204 0.038997
vt 0.896216 0.048725
vt 0.896235 0.029461
vt 0.899649 0.030853
vt 0.900083 0.038679
vt 0.900182 0.047126
vt 0.903172 0.031476
vt 0.887888 0.051837
vt 0.888174 0.038811
vt 0.892867 0.027253
vt 0.408014 0.688566
vt 0.408000 0.688559
vt 0.408009 0.688558
vt 0.408027 0.688560
vt 0.407991 0.688549
vt 0.407998 0.688549
vt 0.408014 0.688553
vt 0.408030 0.688554
vt 0.408004 0.688546
vt 0.408040 0.688564
vt 0.407987 0.688539
vt 0.407993 0.688539
vt 0.407999 0.688538
vt 0.408045 0.688546
vt 0.408045 0.688553
vt 0.632688 0.526968
vt 0.632685 0.526968
vt 0.632686 0.526967
vt 0.632688 0.526967
vt 0.408065 0.688530
vt 0.408059 0.688546
vt 0.408056 0.688540
vt 0.408060 0.688529
vt 0.650734 0.335371
vt 0.645183 0.346717
vt 0.620493 0.334891
vt 0.624600 0.324185
vt 0.628824 0.534447
vt 0.628822 0.534446
vt 0.628823 0.534446
vt 0.628825 0.534446
vt 0.587138 0.534699
vt 0.587134 0.534701
vt 0.587133 0.534700
vt 0.587136 0.534699
vt 0.462281 0.633542
vt 0.462279 0.633561
vt 0.462276 0.633561
vt 0.462278 0.633548
vt 0.408052 0.688537
vt 0.628821 0.534444
vt 0.628285 0.314141
vt 0.656206 0.325280
vt 0.680499 0.336194
vt 0.672134 0.345880
vt 0.694384 0.302477
vt 0.690303 0.313401
vt 0.664534 0.304789
vt 0.668253 0.294548
vt 0.685859 0.325276
vt 0.660587 0.315268
vt 0.634712 0.295114
vt 0.637865 0.285556
vt 0.631534 0.304667
vt 0.698062 0.292188
vt 0.632692 0.526967
vt 0.632694 0.526962
vt 0.640955 0.276012
vt 0.671674 0.284512
vt 0.606138 0.349114
vt 0.607059 0.334778
vt 0.638135 0.337414
vt 0.637015 0.351012
vt 0.704868 0.268821
vt 0.701528 0.281037
vt 0.674913 0.273741
vt 0.678031 0.262068
vt 0.673664 0.340299
vt 0.672054 0.353025
vt 0.644088 0.265833
vt 0.647250 0.254894
vt 0.407986 0.688529
vt 0.407997 0.688529
vt 0.407992 0.688529
vt 0.408192 0.688556
vt 0.408191 0.688556
vt 0.408192 0.688555
vt 0.408193 0.688555
vt 0.408190 0.688555
vt 0.408190 0.688554
vt 0.408192 0.688553
vt 0.408193 0.688553
vt 0.408191 0.688553
vt 0.408193 0.688557
vt 0.408192 0.688557
vt 0.408193 0.688556
vt 0.408191 0.688557
vt 0.408190 0.688556
vt 0.408189 0.688556
vt 0.408189 0.688555
vt 0.408189 0.688554
vt 0.408189 0.688553
vt 0.408191 0.688552
vt 0.408192 0.688552
vt 0.408194 0.688552
vt 0.408195 0.688553
vt 0.408195 0.688552
vt 0.408194 0.688555
vt 0.408201 0.688551
vt 0.408200 0.688555
vt 0.408197 0.688555
vt 0.408198 0.688552
vt 0.408199 0.688557
vt 0.408196 0.688557
vt 0.408195 0.688555
vt 0.408196 0.688553
vt 0.408194 0.688557
vt 0.408203 0.688544
vt 0.408205 0.688549
vt 0.408200 0.688549
vt 0.270283 0.387711
vt 0.267529 0.393645
vt 0.257464 0.386494
vt 0.260269 0.381204
vt 0.461546 0.355698
vt 0.455127 0.344030
vt 0.460607 0.343433
vt 0.450584 0.344081
vt 0.408196 0.688560
vt 0.408194 0.688559
vt 0.408193 0.688558
vt 0.408196 0.688551
vt 0.408198 0.688550
vt 0.408184 0.688554
vt 0.408184 0.688551
vt 0.408186 0.688553
vt 0.408186 0.688555
vt 0.408184 0.688549
vt 0.408187 0.688551
vt 0.408188 0.688554
vt 0.408188 0.688555
vt 0.408188 0.688552
vt 0.408184 0.688556
vt 0.408181 0.688546
vt 0.408188 0.688556
vt 0.408187 0.688556
vt 0.408192 0.688562
vt 0.408189 0.688561
vt 0.408190 0.688559
vt 0.408192 0.688559
vt 0.408186 0.688559
vt 0.408188 0.688558
vt 0.408190 0.688558
vt 0.408192 0.688558
vt 0.408189 0.688557
vt 0.408195 0.688546
vt 0.408195 0.688546
vt 0.408195 0.688546
vt 0.408195 0.688546
vt 0.408194 0.688547
vt 0.408194 0.688547
vt 0.408194 0.688546
vt 0.408194 0.688546
vt 0.408194 0.688547
vt 0.408195 0.688545
vt 0.408195 0.688546
vt 0.408195 0.688545
vt 0.408195 0.688547
vt 0.408195 0.688547
vt 0.408194 0.688548
vt 0.408194 0.688548
vt 0.408194 0.688547
vt 0.408194 0.688547
vt 0.408194 0.688547
vt 0.408194 0.688547
vt 0.408194 0.688546
vt 0.408194 0.688546
vt 0.408194 0.688545
vt 0.408194 0.688545
vt 0.408194 0.688545
vt 0.408187 0.688543
vt 0.408190 0.688541
vt 0.408191 0.688543
vt 0.408189 0.688544
vt 0.408197 0.688543
vt 0.408196 0.688543
vt 0.408191 0.688543
vt 0.408190 0.688544
vt 0.408195 0.688544
vt 0.279169 0.363745
vt 0.280650 0.370228
vt 0.271431 0.366084
vt 0.270205 0.361886
vt 0.279795 0.375035
vt 0.270755 0.370080
vt 0.277108 0.378592
vt 0.268498 0.373244
vt 0.408201 0.688541
vt 0.408199 0.688545
vt 0.408197 0.688545
vt 0.408196 0.688545
vt 0.408194 0.688544
vt 0.408192 0.688544
vt 0.408190 0.688545
vt 0.408198 0.688547
vt 0.408197 0.688549
vt 0.408196 0.688548
vt 0.408197 0.688546
vt 0.408196 0.688550
vt 0.408196 0.688548
vt 0.408196 0.688547
vt 0.408196 0.688546
vt 0.408195 0.688548
vt 0.408195 0.688550
vt 0.408195 0.688549
vt 0.408195 0.688548
vt 0.408194 0.688551
vt 0.408192 0.688551
vt 0.408193 0.688550
vt 0.408194 0.688550
vt 0.408191 0.688551
vt 0.408191 0.688550
vt 0.408192 0.688549
vt 0.408194 0.688549
vt 0.408191 0.688549
vt 0.408191 0.688548
vt 0.408192 0.688548
vt 0.408193 0.688548
vt 0.408191 0.688546
vt 0.408192 0.688546
vt 0.408192 0.688546
vt 0.408191 0.688546
vt 0.408193 0.688546
vt 0.408193 0.688546
vt 0.408192 0.688547
vt 0.408192 0.688547
vt 0.408193 0.688547
vt 0.408191 0.688546
vt 0.408191 0.688545
vt 0.408191 0.688546
vt 0.408192 0.688545
vt 0.408193 0.688545
vt 0.408193 0.688547
vt 0.408192 0.688547
vt 0.408192 0.688547
vt 0.408191 0.688547
vt 0.408191 0.688547
vt 0.408191 0.688547
vt 0.408191 0.688545
vt 0.408192 0.688544
vt 0.408192 0.688545
vt 0.408191 0.688545
vt 0.408194 0.688545
vt 0.408193 0.688545
vt 0.408192 0.688545
vt 0.408191 0.688545
vt 0.408193 0.688545
vt 0.408190 0.688545
vt 0.408190 0.688546
vt 0.408190 0.688546
vt 0.408190 0.688547
vt 0.408190 0.688547
vt 0.408190 0.688547
vt 0.408190 0.688547
vt 0.408190 0.688546
vt 0.408190 0.688546
vt 0.408190 0.688547
vt 0.408190 0.688547
vt 0.408190 0.688546
vt 0.408191 0.688548
vt 0.408191 0.688547
vt 0.408191 0.688548
vt 0.408193 0.688548
vt 0.408192 0.688548
vt 0.408192 0.688548
vt 0.408193 0.688548
vt 0.408192 0.688548
vt 0.408192 0.688548
vt 0.408192 0.688548
vt 0.408193 0.688548
vt 0.408192 0.688548
vt 0.407898 0.688536
vt 0.407891 0.688541
vt 0.407890 0.688540
vt 0.407897 0.688536
vt 0.407884 0.688543
vt 0.407883 0.688542
vt 0.407889 0.688538
vt 0.407895 0.688535
vt 0.407882 0.688541
vt 0.407906 0.688529
vt 0.407900 0.688536
vt 0.407905 0.688530
vt 0.407892 0.688541
vt 0.407884 0.688544
vt 0.407877 0.688545
vt 0.407877 0.688544
vt 0.407877 0.688542
vt 0.407877 0.688541
vt 0.407877 0.688539
vt 0.407882 0.688539
vt 0.407888 0.688537
vt 0.407894 0.688534
vt 0.407902 0.688529
vt 0.407900 0.688528
vt 0.407903 0.688529
vt 0.825515 0.474104
vt 0.822031 0.445451
vt 0.838339 0.452123
vt 0.841188 0.477044
vt 0.715744 0.426710
vt 0.714556 0.400375
vt 0.730738 0.410775
vt 0.731431 0.432712
vt 0.641101 0.564139
vt 0.641098 0.564144
vt 0.641097 0.564141
vt 0.641099 0.564137
vt 0.542240 0.539762
vt 0.542237 0.539764
vt 0.542236 0.539761
vt 0.542239 0.539759
vt 0.827504 0.503743
vt 0.512190 0.546669
vt 0.512194 0.546667
vt 0.512187 0.546671
vt 0.578452 0.562428
vt 0.578450 0.562430
vt 0.578449 0.562427
vt 0.578451 0.562425
vt 0.578448 0.562424
vt 0.578450 0.562423
vt 0.578447 0.562422
vt 0.578449 0.562421
vt 0.603106 0.532226
vt 0.603104 0.532227
vt 0.603104 0.532226
vt 0.603105 0.532224
vt 0.671553 0.545971
vt 0.671552 0.545973
vt 0.671551 0.545972
vt 0.671553 0.545970
vt 0.671554 0.545968
vt 0.671553 0.545968
vt 0.641103 0.564134
vt 0.641101 0.564133
vt 0.641107 0.564137
vt 0.641104 0.564143
vt 0.259743 0.850684
vt 0.259743 0.850699
vt 0.259732 0.850699
vt 0.259731 0.850685
vt 0.407952 0.688513
vt 0.407949 0.688524
vt 0.407941 0.688523
vt 0.407943 0.688513
vt 0.259720 0.850699
vt 0.259719 0.850687
vt 0.407932 0.688522
vt 0.407934 0.688513
vt 0.512184 0.546673
vt 0.512184 0.546671
vt 0.186521 0.860443
vt 0.186521 0.860460
vt 0.186511 0.860459
vt 0.186510 0.860442
vt 0.407924 0.688521
vt 0.407926 0.688513
vt 0.259939 0.875349
vt 0.259940 0.875362
vt 0.259928 0.875361
vt 0.259927 0.875349
vt 0.578446 0.562425
vt 0.578445 0.562423
vt 0.578446 0.562427
vt 0.552905 0.573279
vt 0.552902 0.573279
vt 0.552901 0.573276
vt 0.552904 0.573275
vt 0.407893 0.688532
vt 0.407887 0.688535
vt 0.407886 0.688533
vt 0.407891 0.688531
vt 0.407881 0.688537
vt 0.407881 0.688535
vt 0.407885 0.688531
vt 0.407890 0.688529
vt 0.407881 0.688533
vt 0.407899 0.688527
vt 0.407877 0.688537
vt 0.407877 0.688535
vt 0.407877 0.688533
vt 0.407877 0.688531
vt 0.407881 0.688531
vt 0.407885 0.688530
vt 0.407889 0.688527
vt 0.407895 0.688524
vt 0.407893 0.688524
vt 0.407897 0.688525
vt 0.407913 0.688502
vt 0.407913 0.688511
vt 0.407912 0.688510
vt 0.407912 0.688502
vt 0.407910 0.688521
vt 0.407909 0.688521
vt 0.407911 0.688510
vt 0.407911 0.688502
vt 0.407908 0.688520
vt 0.407912 0.688496
vt 0.407914 0.688503
vt 0.407911 0.688496
vt 0.407914 0.688511
vt 0.407911 0.688521
vt 0.407907 0.688519
vt 0.407910 0.688510
vt 0.407910 0.688503
vt 0.407909 0.688497
vt 0.407907 0.688499
vt 0.407910 0.688496
vt 0.837677 0.525570
vt 0.837887 0.518354
vt 0.840595 0.518632
vt 0.840357 0.525831
vt 0.837805 0.511932
vt 0.840587 0.512212
vt 0.843919 0.518467
vt 0.843569 0.525885
vt 0.844173 0.511847
vt 0.834776 0.532992
vt 0.835275 0.525113
vt 0.837199 0.533196
vt 0.835491 0.517683
vt 0.835380 0.511119
vt 0.801310 0.459431
vt 0.800973 0.454081
vt 0.803396 0.454974
vt 0.803737 0.460237
vt 0.806143 0.455252
vt 0.806517 0.460507
vt 0.809914 0.454739
vt 0.810098 0.460130
vt 0.407905 0.688492
vt 0.407903 0.688494
vt 0.848858 0.510765
vt 0.848081 0.517847
vt 0.847539 0.525732
vt 0.843065 0.533693
vt 0.846976 0.534024
vt 0.839882 0.533423
vt 0.852432 0.525404
vt 0.853221 0.516838
vt 0.858985 0.515706
vt 0.857933 0.525034
vt 0.854598 0.509252
vt 0.860798 0.507512
vt 0.864937 0.514756
vt 0.863649 0.524777
vt 0.867046 0.505935
vt 0.851781 0.534431
vt 0.407905 0.688499
vt 0.407902 0.688496
vt 0.407903 0.688501
vt 0.407901 0.688497
vt 0.863978 0.501140
vt 0.870334 0.499069
vt 0.876642 0.497967
vt 0.873286 0.505175
vt 0.870941 0.514376
vt 0.869451 0.524811
vt 0.862778 0.535353
vt 0.868471 0.535824
vt 0.857175 0.534885
vt 0.407908 0.688505
vt 0.407907 0.688511
vt 0.407905 0.688512
vt 0.407905 0.688508
vt 0.407904 0.688519
vt 0.407902 0.688519
vt 0.407902 0.688514
vt 0.407903 0.688510
vt 0.407900 0.688519
vt 0.407906 0.688502
vt 0.407897 0.688519
vt 0.407899 0.688516
vt 0.407900 0.688512
vt 0.407902 0.688508
vt 0.407900 0.688510
vt 0.407905 0.688505
vt 0.407896 0.688512
vt 0.407894 0.688513
vt 0.407892 0.688513
vt 0.407895 0.688511
vt 0.407891 0.688514
vt 0.407890 0.688514
vt 0.407891 0.688512
vt 0.407894 0.688511
vt 0.407889 0.688513
vt 0.407897 0.688512
vt 0.407899 0.688510
vt 0.407894 0.688514
vt 0.407892 0.688515
vt 0.407889 0.688517
vt 0.407889 0.688515
vt 0.407888 0.688514
vt 0.407887 0.688513
vt 0.407887 0.688512
vt 0.407888 0.688512
vt 0.407890 0.688511
vt 0.407893 0.688510
vt 0.407896 0.688509
vt 0.407895 0.688509
vt 0.407898 0.688509
vt 0.407886 0.688521
vt 0.407883 0.688522
vt 0.407884 0.688521
vt 0.407886 0.688520
vt 0.407881 0.688522
vt 0.407881 0.688521
vt 0.407884 0.688519
vt 0.407886 0.688519
vt 0.407881 0.688520
vt 0.407887 0.688522
vt 0.407885 0.688523
vt 0.407888 0.688521
vt 0.407883 0.688523
vt 0.407881 0.688524
vt 0.407878 0.688524
vt 0.407878 0.688522
vt 0.407878 0.688521
vt 0.407878 0.688520
vt 0.407879 0.688518
vt 0.407881 0.688518
vt 0.407884 0.688518
vt 0.407887 0.688517
vt 0.407889 0.688518
vt 0.407888 0.688519
vt 0.407887 0.688526
vt 0.407884 0.688528
vt 0.407884 0.688526
vt 0.407886 0.688525
vt 0.407881 0.688528
vt 0.407881 0.688527
vt 0.407883 0.688525
vt 0.407886 0.688524
vt 0.407881 0.688525
vt 0.407891 0.688523
vt 0.407877 0.688529
vt 0.407878 0.688527
vt 0.407878 0.688525
vt 0.407888 0.688522
vt 0.407889 0.688523
vt 0.407897 0.688514
vt 0.407896 0.688517
vt 0.407893 0.688518
vt 0.407894 0.688516
vt 0.407894 0.688520
vt 0.407892 0.688520
vt 0.407891 0.688519
vt 0.407891 0.688517
vt 0.407889 0.688521
vt 0.871028 0.496536
vt 0.873227 0.482125
vt 0.881786 0.483825
vt 0.879643 0.497604
vt 0.876627 0.469531
vt 0.884916 0.472143
vt 0.889566 0.485892
vt 0.887834 0.498805
vt 0.891790 0.475427
vt 0.861244 0.511186
vt 0.862594 0.495916
vt 0.869556 0.511827
vt 0.864616 0.481432
vt 0.867813 0.468648
vt 0.839137 0.453335
vt 0.842451 0.446104
vt 0.848947 0.446811
vt 0.845511 0.453976
vt 0.881391 0.459594
vt 0.889278 0.463435
vt 0.894886 0.468054
vt 0.898178 0.471812
vt 0.897366 0.477809
vt 0.896175 0.487509
vt 0.894912 0.499809
vt 0.886579 0.513086
vt 0.893810 0.513596
vt 0.878267 0.512481
vt 0.887880 0.452907
vt 0.896205 0.448257
vt 0.901851 0.454806
vt 0.894848 0.458055
vt 0.906951 0.445164
vt 0.910851 0.452852
vt 0.905346 0.461842
vt 0.899453 0.463976
vt 0.913018 0.460732
vt 0.407899 0.688502
vt 0.407899 0.688504
vt 0.407897 0.688504
vt 0.407898 0.688502
vt 0.407898 0.688506
vt 0.407896 0.688505
vt 0.407897 0.688507
vt 0.407895 0.688507
vt 0.407894 0.688508
vt 0.920057 0.444073
vt 0.922092 0.452334
vt 0.922752 0.460645
vt 0.922822 0.469124
vt 0.914099 0.468870
vt 0.907213 0.469319
vt 0.901859 0.470423
vt 0.407886 0.688516
vt 0.407884 0.688517
vt 0.407884 0.688515
vt 0.407886 0.688515
vt 0.407881 0.688517
vt 0.407881 0.688515
vt 0.407883 0.688514
vt 0.407885 0.688513
vt 0.407881 0.688514
vt 0.407879 0.688517
vt 0.407879 0.688515
vt 0.407879 0.688514
vt 0.407879 0.688512
vt 0.407881 0.688512
vt 0.407883 0.688512
vt 0.407885 0.688512
vt 0.407904 0.688502
vt 0.407903 0.688505
vt 0.407901 0.688505
vt 0.407902 0.688503
vt 0.407901 0.688507
vt 0.407900 0.688507
vt 0.407900 0.688506
vt 0.407901 0.688504
vt 0.407898 0.688507
vt 0.407901 0.688502
vt 0.855561 0.433788
vt 0.861004 0.431948
vt 0.866844 0.432402
vt 0.861375 0.434396
vt 0.931481 0.502877
vt 0.931960 0.490576
vt 0.942033 0.491606
vt 0.941715 0.503650
vt 0.932408 0.479644
vt 0.942385 0.481109
vt 0.951805 0.492479
vt 0.951880 0.504271
vt 0.951567 0.482622
vt 0.921204 0.515394
vt 0.921939 0.502125
vt 0.930808 0.515986
vt 0.922452 0.489682
vt 0.922735 0.478623
vt 0.933055 0.470247
vt 0.943333 0.472283
vt 0.952258 0.474788
vt 0.958272 0.477040
vt 0.959576 0.483162
vt 0.960887 0.492673
vt 0.961507 0.504548
vt 0.951417 0.517223
vt 0.961184 0.517800
vt 0.941127 0.516610
vt 0.900925 0.500481
vt 0.901843 0.488281
vt 0.907613 0.488643
vt 0.906928 0.500993
vt 0.902359 0.478278
vt 0.907828 0.478048
vt 0.914341 0.489058
vt 0.913782 0.501511
vt 0.914494 0.478119
vt 0.899949 0.514017
vt 0.912985 0.514874
vt 0.906053 0.514424
vt 0.934745 0.445306
vt 0.949407 0.449071
vt 0.947866 0.456972
vt 0.934990 0.453628
vt 0.962381 0.455378
vt 0.959075 0.462311
vt 0.945382 0.464558
vt 0.934088 0.461863
vt 0.955146 0.468428
vt 0.407892 0.688509
vt 0.407890 0.688510
vt 0.407888 0.688511
vt 0.829855 0.425874
vt 0.837934 0.427776
vt 0.838789 0.432635
vt 0.830630 0.430791
vt 0.972511 0.463797
vt 0.967570 0.469348
vt 0.962403 0.473774
vt 0.979787 0.474420
vt 0.984634 0.487602
vt 0.977204 0.489910
vt 0.973374 0.478388
vt 0.987043 0.502886
vt 0.979141 0.503719
vt 0.969336 0.491763
vt 0.966739 0.481512
vt 0.970590 0.504345
vt 0.845931 0.428410
vt 0.846868 0.433222
vt 0.854593 0.427806
vt 0.855615 0.432577
vt 0.407881 0.688511
vt 0.407883 0.688511
vt 0.407879 0.688511
vt 0.987208 0.519330
vt 0.979131 0.518856
vt 0.970365 0.518341
vt 0.400740 0.776015
vt 0.400753 0.776021
vt 0.400748 0.776023
vt 0.400735 0.776019
vt 0.400761 0.776029
vt 0.400756 0.776030
vt 0.400744 0.776025
vt 0.400733 0.776021
vt 0.400752 0.776030
vt 0.671552 0.545969
vt 0.671552 0.545967
vt 0.671551 0.545971
vt 0.652461 0.519397
vt 0.652460 0.519398
vt 0.652460 0.519397
vt 0.652461 0.519396
vt 0.611723 0.520033
vt 0.611721 0.520034
vt 0.611721 0.520033
vt 0.611723 0.520031
vt 0.267539 0.802829
vt 0.267545 0.802840
vt 0.267540 0.802840
vt 0.267533 0.802829
vt 0.333999 0.759422
vt 0.334004 0.759431
vt 0.334001 0.759431
vt 0.333995 0.759422
vt 0.485590 0.644336
vt 0.485593 0.644341
vt 0.485592 0.644340
vt 0.485588 0.644336
vt 0.784276 0.517349
vt 0.784205 0.513442
vt 0.785673 0.514222
vt 0.785736 0.517901
vt 0.513081 0.682927
vt 0.513088 0.682929
vt 0.513086 0.682930
vt 0.513080 0.682928
vt 0.513074 0.682925
vt 0.513073 0.682927
vt 0.400721 0.776018
vt 0.400720 0.776021
vt 0.400724 0.776013
vt 0.232795 0.897168
vt 0.232797 0.897179
vt 0.232792 0.897178
vt 0.232790 0.897166
vt 0.407920 0.688512
vt 0.407918 0.688520
vt 0.407915 0.688520
vt 0.407917 0.688512
vt 0.232789 0.897178
vt 0.232786 0.897165
vt 0.407912 0.688520
vt 0.407915 0.688512
vt 0.615953 0.571281
vt 0.615950 0.571281
vt 0.615950 0.571279
vt 0.615953 0.571278
vt 0.259920 0.875360
vt 0.259918 0.875349
vt 0.407915 0.688528
vt 0.407911 0.688528
vt 0.407908 0.688528
vt 0.407915 0.688504
vt 0.407914 0.688497
vt 0.232785 0.897154
vt 0.232782 0.897153
vt 0.232791 0.897156
vt 0.407909 0.688537
vt 0.407900 0.688544
vt 0.407897 0.688543
vt 0.407905 0.688536
vt 0.407889 0.688550
vt 0.407887 0.688547
vt 0.407894 0.688542
vt 0.407902 0.688536
vt 0.407885 0.688546
vt 0.407878 0.688552
vt 0.407878 0.688549
vt 0.407877 0.688547
vt 0.923254 0.038338
vt 0.921967 0.041577
vt 0.919128 0.040579
vt 0.920638 0.037129
vt 0.920696 0.044808
vt 0.918052 0.044229
vt 0.916302 0.039796
vt 0.917797 0.036310
vt 0.915457 0.043463
vt 0.832575 0.520877
vt 0.885656 0.517604
vt 0.874277 0.565077
vt 0.806274 0.551561
vt 0.601593 0.171989
vt 0.605469 0.104457
vt 0.652437 0.111337
vt 0.641732 0.186131
vt 0.924384 0.042515
vt 0.922959 0.045447
vt 0.921702 0.047389
vt 0.919837 0.047583
vt 0.917387 0.047380
vt 0.915038 0.046556
vt 0.919480 0.033603
vt 0.922279 0.034316
vt 0.924587 0.035726
vt 0.685669 0.572118
vt 0.695777 0.565037
vt 0.700357 0.570291
vt 0.691391 0.576948
vt 0.664532 0.585872
vt 0.672482 0.596853
vt 0.666850 0.602005
vt 0.659426 0.592102
vt 0.704474 0.575950
vt 0.696800 0.582254
vt 0.661426 0.607271
vt 0.653724 0.598845
vt 0.920754 0.028287
vt 0.925780 0.029406
vt 0.690844 0.559898
vt 0.702648 0.555689
vt 0.706562 0.561164
vt 0.678282 0.609261
vt 0.672233 0.613130
vt 0.666721 0.617042
vt 0.662151 0.620745
vt 0.655971 0.615357
vt 0.724973 0.563344
vt 0.766190 0.525027
vt 0.771749 0.594501
vt 0.701568 0.618930
vt 0.746495 0.644002
vt 0.689387 0.380038
vt 0.641404 0.351652
vt 0.679045 0.327519
vt 0.706118 0.355267
vt 0.670955 0.412344
vt 0.615532 0.378543
vt 0.920915 0.029905
vt 0.684870 0.623315
vt 0.693534 0.639758
vt 0.684348 0.643623
vt 0.677421 0.626982
vt 0.758151 0.642484
vt 0.757255 0.641889
vt 0.757631 0.641564
vt 0.758378 0.642059
vt 0.676434 0.646376
vt 0.670563 0.630443
vt 0.757921 0.641284
vt 0.758555 0.641671
vt 0.744031 0.541640
vt 0.762810 0.545905
vt 0.746314 0.551824
vt 0.756763 0.642248
vt 0.756645 0.641134
vt 0.757115 0.640948
vt 0.757477 0.640801
vt 0.924537 0.046487
vt 0.922242 0.048719
vt 0.747538 0.568373
vt 0.762672 0.570794
vt 0.761025 0.577741
vt 0.746870 0.576009
vt 0.733156 0.568460
vt 0.733239 0.574863
vt 0.662723 0.631555
vt 0.920193 0.054335
vt 0.916311 0.054446
vt 0.916812 0.051852
vt 0.919929 0.051764
vt 0.912471 0.053057
vt 0.913747 0.050752
vt 0.917094 0.049720
vt 0.919715 0.049716
vt 0.914497 0.048778
vt 0.925007 0.055861
vt 0.923981 0.052812
vt 0.923011 0.050501
vt 0.874552 0.065785
vt 0.871146 0.045810
vt 0.879066 0.039912
vt 0.879598 0.056898
vt 0.876743 0.021988
vt 0.884391 0.023230
vt 0.884158 0.038704
vt 0.883956 0.053447
vt 0.889147 0.025153
vt 0.880225 0.096798
vt 0.870598 0.084929
vt 0.881843 0.079532
vt 0.861646 0.065502
vt 0.859061 0.036934
vt 0.879987 -0.007641
vt 0.888088 0.006280
vt 0.656164 0.050219
vt 0.484581 0.095651
vt 0.402933 0.024914
vt 0.549687 -0.026046
vt 0.892589 0.012533
vt 0.896121 0.016630
vt 0.888031 0.065649
vt 0.884663 0.070224
vt 0.909518 0.094492
vt 0.899368 0.092854
vt 0.901076 0.084228
vt 0.911351 0.085982
vt 0.890222 0.088054
vt 0.892126 0.079096
vt 0.903416 0.079106
vt 0.913310 0.080683
vt 0.894827 0.074100
vt 0.917535 0.107952
vt 0.906843 0.109256
vt 0.921416 0.092665
vt 0.897490 0.107915
vt 0.888887 0.103830
vt 0.924368 0.078349
vt 0.750372 0.640817
vt 0.749982 0.638358
vt 0.751047 0.638789
vt 0.751485 0.641071
vt 0.923275 0.083872
vt 0.695977 0.471440
vt 0.715093 0.446502
vt 0.720951 0.470343
vt 0.702608 0.493558
vt 0.753109 0.646607
vt 0.749963 0.643424
vt 0.751912 0.643626
vt 0.754951 0.645941
vt 0.725747 0.485110
vt 0.707672 0.507164
vt 0.737004 0.449128
vt 0.741294 0.464747
vt 0.763830 0.649750
vt 0.753594 0.649666
vt 0.758321 0.647973
vt 0.762739 0.647063
vt 0.748762 0.646028
vt 0.746466 0.642356
vt 0.745521 0.639509
vt 0.748600 0.640387
vt 0.752986 0.643493
vt 0.752394 0.641272
vt 0.753771 0.643318
vt 0.729834 0.496113
vt 0.730392 0.586416
vt 0.758692 0.598706
vt 0.689052 0.527570
vt 0.625841 0.535039
vt 0.614960 0.564815
vt 0.604966 0.552699
vt 0.616194 0.525108
vt 0.639564 0.550932
vt 0.629536 0.585535
vt 0.646381 0.518618
vt 0.635333 0.509291
vt 0.643536 0.488523
vt 0.652631 0.493408
vt 0.667513 0.535101
vt 0.672826 0.543714
vt 0.659657 0.556059
vt 0.654634 0.550201
vt 0.650860 0.473141
vt 0.658514 0.476297
vt 0.649347 0.564900
vt 0.645073 0.560534
vt 0.671329 0.463299
vt 0.677284 0.498033
vt 0.660635 0.523598
vt 0.651457 0.510675
vt 0.626667 0.502333
vt 0.676834 0.551762
vt 0.664500 0.562942
vt 0.513846 0.535833
vt 0.547572 0.511692
vt 0.589305 0.565186
vt 0.557852 0.586280
vt 0.615971 0.609518
vt 0.586152 0.624029
vt 0.644919 0.468697
vt 0.652900 0.460016
vt 0.657862 0.464008
vt 0.664029 0.466369
vt 0.668711 0.478922
vt 0.672536 0.467835
vt 0.664297 0.497860
vt 0.659621 0.528576
vt 0.038118 0.494517
vt 0.028235 0.520031
vt 0.003668 0.493101
vt 0.013037 0.471346
vt 0.008360 0.538367
vt -0.013835 0.506291
vt -0.020237 0.467128
vt -0.012639 0.451626
vt -0.032658 0.477625
vt 0.668698 0.460206
vt 0.675962 0.461068
vt 0.663540 0.458148
vt 0.659845 0.454131
vt 0.635467 0.642886
vt 0.608378 0.654721
vt 0.925654 0.009443
vt 0.924318 0.010216
vt 0.923320 0.009019
vt 0.924298 0.008456
vt 0.922463 0.008128
vt 0.923065 0.007699
vt 0.921872 0.007554
vt 0.921987 0.007150
vt 0.923330 0.007004
vt 0.922087 0.006595
vt 0.923313 0.006213
vt 0.922154 0.006028
vt 0.922862 0.005439
vt 0.922147 0.005584
vt 0.766239 0.641396
vt 0.766000 0.641541
vt 0.766052 0.641266
vt 0.766209 0.641178
vt 0.673414 0.455290
vt 0.679549 0.456484
vt 0.925034 0.021091
vt 0.917116 0.019969
vt 0.917944 0.017095
vt 0.923848 0.017893
vt 0.910219 0.018382
vt 0.912577 0.015408
vt 0.918789 0.014275
vt 0.923178 0.014851
vt 0.914699 0.012757
vt 0.931330 0.020982
vt 0.905112 0.015541
vt 0.908717 0.012660
vt 0.911659 0.010531
vt 0.913904 0.008938
vt 0.916337 0.010608
vt 0.919452 0.011863
vt 0.922734 0.012316
vt 0.926739 0.014221
vt 0.925430 0.011871
vt 0.928614 0.017246
vt 0.713242 0.533381
vt 0.694637 0.534601
vt 0.697282 0.501458
vt 0.714394 0.500588
vt 0.676155 0.533418
vt 0.679713 0.500606
vt 0.697996 0.481290
vt 0.712924 0.480764
vt 0.682395 0.480605
vt 0.596418 0.445529
vt 0.617878 0.447140
vt 0.602613 0.494094
vt 0.586306 0.495675
vt 0.635933 0.450075
vt 0.620328 0.496697
vt 0.653022 0.455105
vt 0.637366 0.502053
vt 0.684284 0.468728
vt 0.697811 0.469293
vt 0.710566 0.469291
vt 0.724732 0.479097
vt 0.720404 0.468514
vt 0.728387 0.497850
vt 0.729922 0.528619
vt 0.902025 0.012062
vt 0.900047 0.008063
vt 0.905498 0.006232
vt 0.906508 0.009474
vt 0.274964 0.069399
vt 0.323135 0.124321
vt 0.197411 0.149986
vt 0.171757 0.108496
vt 0.909368 0.005559
vt 0.909963 0.007973
vt 0.113501 0.177527
vt 0.096356 0.145088
vt 0.101181 0.973886
vt -0.033498 0.850789
vt 0.216221 0.899147
vt 0.249846 0.965910
vt 0.743283 0.518790
vt 0.738235 0.493526
vt 0.220142 0.198580
vt 0.126290 0.216944
vt 0.073384 0.238373
vt 0.064519 0.205882
vt 0.046821 0.179402
vt 0.912014 0.005087
vt 0.912504 0.006970
vt 0.919426 0.005376
vt 0.920311 0.005603
vt 0.920282 0.006082
vt 0.919452 0.005879
vt 0.921193 0.005818
vt 0.921107 0.006303
vt 0.920250 0.006561
vt 0.919413 0.006368
vt 0.921080 0.006804
vt 0.918505 0.004677
vt 0.919284 0.004800
vt 0.918455 0.005087
vt 0.920336 0.005032
vt 0.921392 0.005310
vt 0.921157 0.007385
vt 0.920209 0.007133
vt 0.919257 0.006881
vt 0.918481 0.006227
vt 0.918539 0.006668
vt 0.918455 0.005652
vt 0.707982 0.462414
vt 0.697380 0.462167
vt 0.696795 0.457734
vt 0.705240 0.457940
vt 0.686008 0.461559
vt 0.687715 0.457045
vt 0.696167 0.454390
vt 0.702593 0.454594
vt 0.022734 0.355595
vt 0.020348 0.400591
vt 0.004341 0.391923
vt 0.006073 0.358782
vt 0.716254 0.462095
vt 0.922440 0.004168
vt 0.923921 0.005279
vt 0.921819 0.004765
vt -0.009075 0.386138
vt -0.008692 0.361665
vt 0.006302 0.326916
vt -0.007773 0.337327
vt 0.002964 0.302281
vt -0.007005 0.319315
vt 0.711925 0.457537
vt 0.707560 0.454053
vt 0.922287 0.010462
vt 0.919866 0.010050
vt 0.920062 0.008794
vt 0.921836 0.009130
vt 0.917492 0.009166
vt 0.918299 0.008168
vt 0.920154 0.007868
vt 0.921433 0.008144
vt 0.918878 0.007455
vt 0.915583 0.007902
vt 0.916878 0.007281
vt 0.917880 0.006896
vt 0.914432 0.006453
vt 0.914003 0.005024
vt 0.915686 0.005162
vt 0.916010 0.006234
vt 0.014551 0.212179
vt 0.033812 0.231897
vt 0.009155 0.258973
vt -0.008724 0.244731
vt 0.917179 0.005393
vt 0.917351 0.006179
vt 0.915904 0.004207
vt 0.917285 0.004670
vt 0.726990 0.466864
vt 0.721735 0.460617
vt 0.716275 0.455521
vt 0.019811 0.280526
vt -0.006703 0.289345
vt 0.917802 0.004182
vt 0.407798 0.688602
vt 0.407813 0.688575
vt 0.407840 0.688578
vt 0.407836 0.688598
vt 0.407826 0.688558
vt 0.407845 0.688564
vt 0.407864 0.688576
vt 0.407866 0.688591
vt 0.407864 0.688565
vt 0.407710 0.688646
vt 0.407757 0.688593
vt 0.407788 0.688642
vt 0.407787 0.688564
vt 0.407810 0.688547
vt 0.407825 0.688537
vt 0.407836 0.688547
vt 0.407850 0.688554
vt 0.407865 0.688557
vt 0.407874 0.688611
vt 0.407838 0.688626
vt 0.617334 0.588070
vt 0.615549 0.553342
vt 0.641121 0.553959
vt 0.642236 0.587883
vt 0.614389 0.518314
vt 0.640771 0.518630
vt 0.666712 0.553671
vt 0.666274 0.587765
vt 0.761057 0.570551
vt 0.760867 0.538080
vt 0.785444 0.537703
vt 0.784542 0.570264
vt 0.590660 0.630019
vt 0.593597 0.587806
vt 0.620771 0.619895
vt 0.592526 0.551993
vt 0.590914 0.517639
vt 0.714875 0.537100
vt 0.736571 0.537774
vt 0.808066 0.536265
vt 0.806292 0.567845
vt 0.690590 0.551148
vt 0.689064 0.584497
vt 0.666325 0.618267
vt 0.689961 0.618539
vt 0.644594 0.617983
vt 0.408209 0.688700
vt 0.408230 0.688684
vt 0.408278 0.688696
vt 0.408258 0.688717
vt 0.408251 0.688668
vt 0.408298 0.688678
vt 0.408327 0.688698
vt 0.408310 0.688724
vt 0.408343 0.688677
vt 0.408183 0.688710
vt 0.408274 0.688654
vt 0.408316 0.688664
vt 0.408354 0.688661
vt 0.408385 0.688646
vt 0.408381 0.688663
vt 0.408374 0.688685
vt 0.408366 0.688713
vt 0.408297 0.688748
vt 0.408363 0.688748
vt 0.408234 0.688734
vt 0.628814 0.534358
vt 0.628815 0.534347
vt 0.628836 0.534349
vt 0.628834 0.534359
vt 0.628817 0.534338
vt 0.628837 0.534340
vt 0.835166 0.715271
vt 0.827472 0.722123
vt 0.817465 0.711884
vt 0.824578 0.703840
vt 0.821834 0.727497
vt 0.812814 0.718235
vt 0.407625 0.688668
vt 0.407616 0.688584
vt 0.407676 0.688576
vt 0.407560 0.688666
vt 0.407563 0.688578
vt 0.407513 0.688650
vt 0.407520 0.688568
vt 0.407486 0.688628
vt 0.407483 0.688562
vt 0.628819 0.534331
vt 0.628838 0.534333
vt 0.697069 0.571339
vt 0.697069 0.571332
vt 0.697086 0.571334
vt 0.697086 0.571340
vt 0.808771 0.722819
vt 0.804450 0.716251
vt 0.805522 0.711340
vt 0.808506 0.704300
vt 0.814500 0.694679
vt 0.835025 0.694034
vt 0.826417 0.679141
vt 0.697068 0.571367
vt 0.697068 0.571357
vt 0.697087 0.571359
vt 0.697084 0.571370
vt 0.628816 0.534370
vt 0.628832 0.534370
vt 0.407987 0.688697
vt 0.407976 0.688753
vt 0.407897 0.688708
vt 0.407927 0.688667
vt 0.407950 0.688831
vt 0.407849 0.688767
vt 0.407855 0.688664
vt 0.407892 0.688637
vt 0.407802 0.688701
vt 0.408053 0.688714
vt 0.408074 0.688769
vt 0.408126 0.688861
vt 0.408299 0.689094
vt 0.407896 0.688947
vt 0.407776 0.688835
vt 0.407726 0.688734
vt 0.508027 0.628080
vt 0.485486 0.633301
vt 0.481203 0.616957
vt 0.503661 0.611154
vt 0.464730 0.638576
vt 0.460561 0.622666
vt 0.476621 0.601117
vt 0.498447 0.593901
vt 0.456349 0.607534
vt 0.536018 0.639282
vt 0.511872 0.644397
vt 0.532431 0.623109
vt 0.489516 0.649558
vt 0.468793 0.654707
vt 0.449540 0.659651
vt 0.445655 0.643650
vt 0.441701 0.627990
vt 0.437733 0.613200
vt 0.433394 0.598457
vt 0.451622 0.592521
vt 0.471038 0.585765
vt 0.490967 0.577753
vt 0.522813 0.587559
vt 0.512536 0.565449
vt 0.528236 0.605987
vt 0.573588 0.569207
vt 0.544364 0.571697
vt 0.542282 0.551186
vt 0.572129 0.549200
vt 0.499862 0.434761
vt 0.530398 0.429787
vt 0.534571 0.449368
vt 0.503028 0.454008
vt 0.540309 0.529165
vt 0.570974 0.527941
vt 0.539611 0.470721
vt 0.506324 0.474855
vt 0.599713 0.586592
vt 0.575230 0.588282
vt 0.598345 0.567621
vt 0.546459 0.591095
vt 0.496874 0.416755
vt 0.526875 0.411527
vt 0.556773 0.406163
vt 0.560736 0.424524
vt 0.565654 0.444053
vt 0.572479 0.465118
vt 0.596025 0.527042
vt 0.597030 0.547829
vt 0.408422 0.688680
vt 0.408413 0.688656
vt 0.408438 0.688611
vt 0.408459 0.688618
vt 0.408409 0.688638
vt 0.408425 0.688604
vt 0.344231 0.734687
vt 0.344206 0.734682
vt 0.344203 0.734615
vt 0.344221 0.734591
vt 0.490594 0.380223
vt 0.520043 0.374876
vt 0.523473 0.393366
vt 0.493804 0.398666
vt 0.628780 0.534508
vt 0.628787 0.534509
vt 0.628793 0.534520
vt 0.628787 0.534524
vt 0.628792 0.534510
vt 0.628798 0.534518
vt 0.408405 0.688624
vt 0.408416 0.688597
vt 0.549483 0.369571
vt 0.553093 0.387992
vt 0.541736 0.599190
vt 0.512788 0.602539
vt 0.510696 0.582808
vt 0.539993 0.579877
vt 0.565697 0.597084
vt 0.564470 0.578106
vt 0.344275 0.734678
vt 0.344252 0.734514
vt 0.408442 0.688712
vt 0.408497 0.688615
vt 0.408313 0.688633
vt 0.408313 0.688629
vt 0.408337 0.688629
vt 0.408338 0.688633
vt 0.408314 0.688624
vt 0.408335 0.688625
vt 0.408362 0.688618
vt 0.408364 0.688622
vt 0.408360 0.688614
vt 0.408290 0.688622
vt 0.408293 0.688620
vt 0.408311 0.688636
vt 0.408296 0.688617
vt 0.408299 0.688613
vt 0.408303 0.688609
vt 0.408315 0.688619
vt 0.408333 0.688620
vt 0.408356 0.688610
vt 0.408369 0.688598
vt 0.408374 0.688601
vt 0.408378 0.688604
vt 0.408381 0.688607
vt 0.408365 0.688626
vt 0.408383 0.688610
vt 0.408338 0.688638
vt 0.358276 0.925139
vt 0.358283 0.925146
vt 0.358249 0.925184
vt 0.358246 0.925181
vt 0.462835 0.568704
vt 0.445258 0.574939
vt 0.437939 0.555135
vt 0.454660 0.548852
vt 0.408265 0.688562
vt 0.408267 0.688563
vt 0.408266 0.688593
vt 0.408261 0.688593
vt 0.464384 0.562916
vt 0.463714 0.553417
vt 0.474930 0.552584
vt 0.475884 0.562413
vt 0.477871 0.562278
vt 0.485851 0.556663
vt 0.427660 0.581065
vt 0.420687 0.561275
vt 0.462966 0.543704
vt 0.474113 0.542796
vt 0.483761 0.541864
vt 0.484622 0.551771
vt 0.485721 0.562151
vt 0.408278 0.688624
vt 0.408268 0.688624
vt 0.358271 0.925132
vt 0.358243 0.925179
vt 0.408402 0.688613
vt 0.408399 0.688605
vt 0.408404 0.688591
vt 0.408409 0.688593
vt 0.628809 0.534515
vt 0.628810 0.534515
vt 0.628812 0.534515
vt 0.628811 0.534516
vt 0.358474 0.925330
vt 0.358466 0.925322
vt 0.358477 0.925298
vt 0.358490 0.925295
vt 0.358459 0.925317
vt 0.358467 0.925298
vt 0.408386 0.688633
vt 0.408386 0.688622
vt 0.408385 0.688615
vt 0.408395 0.688600
vt 0.628807 0.534513
vt 0.628808 0.534512
vt 0.628810 0.534514
vt 0.628812 0.534515
vt 0.358452 0.925312
vt 0.358459 0.925297
vt 0.472778 0.670784
vt 0.453405 0.675710
vt 0.493399 0.665657
vt 0.515540 0.660544
vt 0.539495 0.655383
vt 0.358483 0.925341
vt 0.358504 0.925291
vt 0.408292 0.688647
vt 0.408301 0.688643
vt 0.408333 0.688649
vt 0.408327 0.688656
vt 0.408308 0.688640
vt 0.408336 0.688643
vt 0.408364 0.688640
vt 0.408361 0.688649
vt 0.408365 0.688632
vt 0.408285 0.688624
vt 0.314365 0.635757
vt 0.277898 0.641257
vt 0.277588 0.630685
vt 0.313626 0.623871
vt 0.241725 0.646517
vt 0.242240 0.637158
vt 0.276409 0.620809
vt 0.312446 0.612677
vt 0.240641 0.628606
vt 0.347678 0.643959
vt 0.314892 0.647909
vt 0.346824 0.630665
vt 0.278009 0.652048
vt 0.240694 0.656172
vt 0.205721 0.659801
vt 0.212220 0.650448
vt 0.213422 0.642249
vt 0.210999 0.634882
vt 0.203459 0.627808
vt 0.238112 0.620189
vt 0.274480 0.611060
vt 0.310427 0.601557
vt 0.344399 0.605481
vt 0.342198 0.593301
vt 0.345783 0.617701
vt 0.427732 0.648419
vt 0.408909 0.653257
vt 0.405901 0.638034
vt 0.424187 0.632958
vt 0.387024 0.658711
vt 0.384588 0.643877
vt 0.402816 0.623719
vt 0.420595 0.618396
vt 0.381929 0.629921
vt 0.431223 0.664286
vt 0.411867 0.668921
vt 0.389342 0.673970
vt 0.419370 0.586426
vt 0.406199 0.594583
vt 0.402522 0.587699
vt 0.415291 0.579272
vt 0.398859 0.581038
vt 0.411237 0.572348
vt 0.395203 0.574856
vt 0.407244 0.565900
vt 0.391127 0.568889
vt 0.402884 0.559618
vt 0.378515 0.616017
vt 0.399151 0.609435
vt 0.416590 0.603877
vt 0.358296 0.925165
vt 0.358298 0.925171
vt 0.358273 0.925197
vt 0.358267 0.925194
vt 0.358300 0.925180
vt 0.358281 0.925200
vt 0.408278 0.688565
vt 0.408282 0.688565
vt 0.408282 0.688588
vt 0.408279 0.688591
vt 0.408287 0.688565
vt 0.408286 0.688585
vt 0.411134 0.586667
vt 0.393868 0.592446
vt 0.373277 0.599530
vt 0.385653 0.562128
vt 0.397138 0.552391
vt 0.452739 0.716959
vt 0.452743 0.716964
vt 0.452738 0.716974
vt 0.452733 0.716973
vt 0.408292 0.688566
vt 0.408292 0.688581
vt 0.408275 0.688592
vt 0.462251 0.534525
vt 0.473379 0.533588
vt 0.404343 0.566967
vt 0.628811 0.534513
vt 0.628811 0.534512
vt 0.628812 0.534513
vt 0.628812 0.534514
vt 0.408385 0.688594
vt 0.408380 0.688592
vt 0.408382 0.688586
vt 0.408387 0.688587
vt 0.358446 0.925308
vt 0.358440 0.925304
vt 0.358445 0.925292
vt 0.358452 0.925295
vt 0.358432 0.925299
vt 0.358437 0.925288
vt 0.628808 0.534512
vt 0.408388 0.688595
vt 0.408374 0.688590
vt 0.408376 0.688584
vt 0.452828 0.716993
vt 0.452822 0.716992
vt 0.452823 0.716986
vt 0.452829 0.716987
vt 0.423488 0.593683
vt 0.409861 0.601543
vt 0.414842 0.684797
vt 0.391623 0.689421
vt 0.434738 0.680314
vt 0.408336 0.688579
vt 0.408336 0.688578
vt 0.408337 0.688578
vt 0.408338 0.688579
vt 0.408336 0.688577
vt 0.408337 0.688577
vt 0.408338 0.688577
vt 0.408339 0.688578
vt 0.408338 0.688576
vt 0.408335 0.688581
vt 0.408335 0.688579
vt 0.408336 0.688580
vt 0.408335 0.688578
vt 0.408335 0.688578
vt 0.408335 0.688577
vt 0.408336 0.688577
vt 0.408337 0.688577
vt 0.408337 0.688576
vt 0.408338 0.688575
vt 0.408338 0.688575
vt 0.408339 0.688575
vt 0.408341 0.688575
vt 0.408340 0.688579
vt 0.408344 0.688575
vt 0.408338 0.688580
vt 0.306871 0.588500
vt 0.271479 0.599477
vt 0.267385 0.586305
vt 0.301898 0.573690
vt 0.332256 0.867217
vt 0.332264 0.867229
vt 0.332255 0.867237
vt 0.332247 0.867226
vt 0.473920 0.490390
vt 0.475492 0.511864
vt 0.467506 0.512522
vt 0.464814 0.491233
vt 0.477122 0.532931
vt 0.470192 0.533301
vt 0.338349 0.578897
vt 0.332270 0.867212
vt 0.332274 0.867225
vt 0.332277 0.867237
vt 0.332268 0.867241
vt 0.332262 0.867246
vt 0.408314 0.688574
vt 0.408320 0.688577
vt 0.408320 0.688581
vt 0.408314 0.688579
vt 0.408321 0.688586
vt 0.408317 0.688590
vt 0.464345 0.534188
vt 0.460666 0.513583
vt 0.408299 0.688578
vt 0.408306 0.688577
vt 0.408313 0.688597
vt 0.408308 0.688603
vt 0.408299 0.688568
vt 0.332799 0.562536
vt 0.458940 0.491507
vt 0.459649 0.512822
vt 0.453288 0.513410
vt 0.451671 0.492066
vt 0.460341 0.533469
vt 0.454853 0.534182
vt 0.315839 0.672471
vt 0.279347 0.673730
vt 0.278574 0.662812
vt 0.315381 0.660082
vt 0.243688 0.675257
vt 0.241985 0.665706
vt 0.408363 0.688594
vt 0.408367 0.688588
vt 0.408356 0.688591
vt 0.408359 0.688585
vt 0.408349 0.688589
vt 0.408352 0.688584
vt 0.408342 0.688588
vt 0.408345 0.688584
vt 0.460928 0.550871
vt 0.456142 0.551643
vt 0.213655 0.677283
vt 0.211098 0.668832
vt 0.348437 0.657353
vt 0.332343 0.867296
vt 0.332333 0.867289
vt 0.332337 0.867282
vt 0.332348 0.867288
vt 0.408369 0.688583
vt 0.408318 0.688612
vt 0.408321 0.688604
vt 0.408331 0.688606
vt 0.408332 0.688613
vt 0.408325 0.688598
vt 0.408331 0.688599
vt 0.408346 0.688600
vt 0.408351 0.688605
vt 0.408342 0.688595
vt 0.408327 0.688593
vt 0.408332 0.688594
vt 0.408338 0.688592
vt 0.408158 0.688717
vt 0.408209 0.688750
vt 0.408178 0.688759
vt 0.408131 0.688719
vt 0.408274 0.688776
vt 0.408247 0.688803
vt 0.408141 0.688767
vt 0.408099 0.688719
vt 0.408211 0.688831
vt 0.408360 0.688793
vt 0.408354 0.688849
vt 0.408339 0.688924
vt 0.458446 0.673507
vt 0.458536 0.673370
vt 0.458643 0.673363
vt 0.458495 0.673566
vt 0.344369 0.734649
vt 0.344310 0.734433
vt 0.344393 0.734331
vt 0.344507 0.734624
vt 0.408538 0.688831
vt 0.408699 0.688596
vt 0.408809 0.688595
vt 0.408600 0.688907
vt 0.295401 0.760803
vt 0.295261 0.760464
vt 0.295360 0.760344
vt 0.295538 0.760786
vt 0.408481 0.688760
vt 0.458413 0.673466
vt 0.458463 0.673383
vt 0.583163 0.577743
vt 0.583443 0.596531
vt 0.596839 0.579062
vt 0.595154 0.597647
vt 0.606768 0.582569
vt 0.601364 0.600095
vt 0.648726 0.627141
vt 0.658369 0.598604
vt 0.674815 0.612918
vt 0.653035 0.636705
vt 0.408716 0.688242
vt 0.408880 0.688146
vt 0.408993 0.688597
vt 0.408728 0.689004
vt 0.617246 0.567039
vt 0.615713 0.547119
vt 0.629719 0.547208
vt 0.631376 0.567750
vt 0.614522 0.526497
vt 0.628352 0.526346
vt 0.595962 0.559134
vt 0.594376 0.538630
vt 0.606066 0.539527
vt 0.607242 0.561377
vt 0.593076 0.517803
vt 0.604821 0.517962
vt 0.618544 0.586326
vt 0.571783 0.517008
vt 0.573717 0.550123
vt 0.575650 0.583771
vt 0.575136 0.616532
vt 0.632322 0.587717
vt 0.628801 0.534287
vt 0.628838 0.534286
vt 0.628839 0.534310
vt 0.628811 0.534310
vt 0.788830 0.745540
vt 0.785297 0.731795
vt 0.796205 0.728147
vt 0.800252 0.741400
vt 0.628838 0.534324
vt 0.628816 0.534323
vt 0.803607 0.725643
vt 0.807785 0.737911
vt 0.407164 0.688999
vt 0.407051 0.688766
vt 0.407266 0.688651
vt 0.407325 0.688808
vt 0.628778 0.534244
vt 0.628833 0.534237
vt 0.771843 0.750047
vt 0.768961 0.736351
vt 0.766088 0.724144
vt 0.782309 0.719973
vt 0.792976 0.717140
vt 0.799991 0.716057
vt 0.697068 0.571324
vt 0.697087 0.571326
vt 0.407462 0.688663
vt 0.407443 0.688575
vt 0.407415 0.688716
vt 0.407381 0.688602
vt 0.803957 0.689321
vt 0.800366 0.700310
vt 0.790882 0.698499
vt 0.791868 0.685863
vt 0.799079 0.708522
vt 0.791301 0.708198
vt 0.777957 0.698493
vt 0.776729 0.684266
vt 0.779924 0.709735
vt 0.809944 0.673577
vt 0.763210 0.713046
vt 0.760189 0.700837
vt 0.757288 0.686012
vt 0.777388 0.666071
vt 0.754225 0.665769
vt 0.794602 0.669031
vt 0.407743 0.689030
vt 0.407558 0.689008
vt 0.407555 0.688846
vt 0.407666 0.688866
vt 0.407419 0.688924
vt 0.407471 0.688794
vt 0.407559 0.688746
vt 0.407638 0.688752
vt 0.407500 0.688716
vt 0.407958 0.689308
vt 0.407598 0.689302
vt 0.407338 0.689178
vt 0.456110 0.640987
vt 0.494487 0.639851
vt 0.499736 0.650416
vt 0.459621 0.652332
vt 0.628050 0.524317
vt 0.628423 0.511869
vt 0.636525 0.508415
vt 0.631792 0.522653
vt 0.612136 0.773571
vt 0.575483 0.777862
vt 0.569845 0.768308
vt 0.608280 0.763303
vt 0.542451 0.782135
vt 0.534117 0.773117
vt 0.402071 0.693852
vt 0.393396 0.697784
vt 0.386877 0.692000
vt 0.399093 0.691115
vt 0.626972 0.531455
vt 0.625514 0.527267
vt 0.628162 0.530126
vt 0.372891 0.705170
vt 0.328327 0.718249
vt 0.297166 0.691470
vt 0.358398 0.692820
vt 0.241156 0.735633
vt 0.181953 0.676847
vt 0.631582 0.488586
vt 0.647612 0.483693
vt 0.516039 0.786246
vt 0.505288 0.777731
vt 0.491375 0.768818
vt 0.527138 0.764411
vt 0.565254 0.759238
vt 0.604990 0.753632
vt 0.646902 0.757986
vt 0.644317 0.747612
vt 0.649722 0.769069
vt 0.416070 0.642017
vt 0.418256 0.654267
vt 0.441068 0.385380
vt 0.452377 0.380812
vt 0.473937 0.379297
vt 0.464477 0.384057
vt 0.463528 0.376688
vt 0.480454 0.373743
vt 0.492411 0.373784
vt 0.487941 0.379732
vt 0.493049 0.368548
vt 0.406945 0.392195
vt 0.417237 0.382596
vt 0.435031 0.391715
vt 0.431274 0.377601
vt 0.445366 0.374185
vt 0.457071 0.370640
vt 0.471225 0.371757
vt 0.483214 0.368896
vt 0.491646 0.364910
vt 0.497996 0.360809
vt 0.503000 0.363258
vt 0.508419 0.367415
vt 0.512296 0.373755
vt 0.480158 0.387257
vt 0.511402 0.383716
vt 0.456690 0.390099
vt 0.602659 0.744515
vt 0.562730 0.750655
vt 0.561673 0.742076
vt 0.601180 0.735432
vt 0.524917 0.756081
vt 0.524566 0.747775
vt 0.561418 0.733545
vt 0.600415 0.726364
vt 0.524227 0.739613
vt 0.642113 0.737857
vt 0.493798 0.759850
vt 0.494492 0.752041
vt 0.493587 0.744485
vt 0.490627 0.736408
vt 0.525427 0.731240
vt 0.562365 0.724888
vt 0.600316 0.717221
vt 0.638660 0.718423
vt 0.637322 0.708709
vt 0.640234 0.728129
vt 0.714055 0.593010
vt 0.707636 0.580277
vt 0.715139 0.582651
vt 0.717423 0.593965
vt 0.693300 0.554905
vt 0.709754 0.559419
vt 0.438084 0.689686
vt 0.470827 0.688734
vt 0.453351 0.703756
vt 0.430524 0.696706
vt 0.537926 0.684693
vt 0.500054 0.717218
vt 0.600602 0.707250
vt 0.635918 0.698299
vt 0.564652 0.715152
vt 0.530504 0.721250
vt 0.502356 0.724430
vt 0.643995 0.675865
vt 0.751897 0.610726
vt 0.738280 0.690430
vt 0.630419 0.717741
vt 0.658582 0.668349
vt 0.592316 0.735743
vt 0.512108 0.774588
vt 0.460054 0.734773
vt 0.435237 0.712218
vt 0.422468 0.700867
vt 0.419271 0.693122
vt 0.415674 0.695209
vt 0.422509 0.689731
vt 0.716809 0.599030
vt 0.718367 0.599351
vt 0.415454 0.702693
vt 0.419894 0.715668
vt 0.404858 0.715587
vt 0.408419 0.702775
vt 0.426799 0.741312
vt 0.395190 0.740606
vt 0.388804 0.712255
vt 0.400787 0.701193
vt 0.361786 0.733371
vt 0.412449 0.696171
vt 0.437657 0.788866
vt 0.372105 0.786856
vt 0.307994 0.770190
vt 0.405521 0.695504
vt 0.409150 0.696262
vt 0.455067 0.347100
vt 0.462430 0.348738
vt 0.460469 0.354713
vt 0.452356 0.355161
vt 0.467060 0.349641
vt 0.465810 0.354165
vt 0.462986 0.360209
vt 0.456142 0.362425
vt 0.467358 0.358417
vt 0.454596 0.334392
vt 0.463685 0.340380
vt 0.442996 0.344118
vt 0.468309 0.343820
vt 0.470784 0.345907
vt 0.472297 0.347205
vt 0.470791 0.349902
vt 0.470116 0.353713
vt 0.471091 0.357358
vt 0.472834 0.359714
vt 0.471378 0.361334
vt 0.469109 0.363720
vt 0.464865 0.366864
vt 0.445384 0.364591
vt 0.439952 0.355058
vt 0.537118 0.364167
vt 0.522418 0.359689
vt 0.531231 0.347703
vt 0.553217 0.346638
vt 0.695372 0.558098
vt 0.695861 0.555806
vt 0.697509 0.556778
vt 0.697791 0.559912
vt 0.530818 0.331338
vt 0.553124 0.321026
vt 0.515790 0.349201
vt 0.515005 0.338755
vt 0.556767 0.371515
vt 0.511103 0.357361
vt 0.694676 0.554146
vt 0.695180 0.553135
vt 0.696101 0.554135
vt 0.697285 0.554639
vt 0.505286 0.350383
vt 0.504211 0.343446
vt 0.499540 0.336960
vt 0.508148 0.328326
vt 0.520002 0.314165
vt 0.535578 0.293059
vt 0.583559 0.308577
vt 0.555123 0.264498
vt 0.583987 0.347290
vt 0.503422 0.269434
vt 0.500424 0.299972
vt 0.472298 0.292178
vt 0.457682 0.257081
vt 0.496290 0.319923
vt 0.479490 0.315024
vt 0.438622 0.295750
vt 0.405891 0.266160
vt 0.458845 0.315907
vt 0.503832 0.226311
vt 0.492119 0.331973
vt 0.481922 0.329038
vt 0.469088 0.329290
vt 0.437863 0.324657
vt 0.409290 0.311528
vt 0.366997 0.294757
vt 0.358575 0.224230
vt 0.310866 0.275182
vt 0.432559 0.205896
vt 0.355212 0.327717
vt 0.395002 0.333333
vt 0.397576 0.353665
vt 0.366834 0.354903
vt 0.423745 0.339324
vt 0.421916 0.354300
vt 0.411880 0.368698
vt 0.391136 0.372884
vt 0.430387 0.366460
vt 0.304076 0.325150
vt 0.368973 0.380082
vt 0.329887 0.360037
vt 0.408295 0.689835
vt 0.408908 0.690878
vt 0.407952 0.690893
vt 0.407701 0.689848
vt 0.410281 0.692761
vt 0.408606 0.692811
vt 0.407140 0.690668
vt 0.407231 0.689680
vt 0.406928 0.692437
vt 0.408809 0.689643
vt 0.409842 0.690588
vt 0.411919 0.692242
vt 0.405374 0.691635
vt 0.406463 0.690238
vt 0.406886 0.689405
vt 0.514247 0.733849
vt 0.515892 0.733380
vt 0.515982 0.734584
vt 0.514402 0.734535
vt 0.519533 0.732553
vt 0.519289 0.734624
vt 0.409722 0.688649
vt 0.411440 0.688898
vt 0.410743 0.689976
vt 0.409319 0.689332
vt 0.415047 0.689351
vt 0.413627 0.691135
vt 0.697182 0.571506
vt 0.697296 0.571630
vt 0.697223 0.571718
vt 0.697159 0.571583
vt 0.728666 0.680746
vt 0.701852 0.690268
vt 0.696905 0.679034
vt 0.720623 0.669675
vt 0.671327 0.699695
vt 0.668334 0.688758
vt 0.717878 0.601902
vt 0.718678 0.601951
vt 0.513589 0.734165
vt 0.513737 0.734563
vt 0.740268 0.717971
vt 0.711861 0.724056
vt 0.708851 0.712823
vt 0.736982 0.705969
vt 0.678836 0.730859
vt 0.676383 0.720429
vt 0.705613 0.701323
vt 0.733413 0.692873
vt 0.673902 0.710014
vt 0.743205 0.729244
vt 0.714570 0.735040
vt 0.681223 0.741279
vt 0.628720 0.534163
vt 0.628610 0.534010
vt 0.628785 0.533943
vt 0.628809 0.534142
vt 0.628466 0.533629
vt 0.628839 0.533465
vt 0.748290 0.754709
vt 0.719251 0.759488
vt 0.717020 0.746789
vt 0.745859 0.741414
vt 0.685936 0.764306
vt 0.683598 0.752384
vt 0.406651 0.689054
vt 0.405890 0.689599
vt 0.404018 0.690323
vt 0.377300 0.643039
vt 0.378559 0.656217
vt 0.408331 0.688584
vt 0.408331 0.688582
vt 0.408332 0.688583
vt 0.408332 0.688584
vt 0.408331 0.688581
vt 0.408332 0.688581
vt 0.408333 0.688583
vt 0.408333 0.688584
vt 0.408333 0.688582
vt 0.408330 0.688584
vt 0.408330 0.688583
vt 0.408331 0.688585
vt 0.408329 0.688582
vt 0.408329 0.688580
vt 0.408330 0.688579
vt 0.408331 0.688579
vt 0.408332 0.688580
vt 0.408334 0.688580
vt 0.408335 0.688582
vt 0.408334 0.688583
vt 0.408334 0.688584
vt 0.408333 0.688585
vt 0.408334 0.688585
vt 0.408332 0.688585
vt 0.408325 0.688576
vt 0.408327 0.688578
vt 0.408327 0.688581
vt 0.408324 0.688579
vt 0.408328 0.688579
vt 0.408328 0.688582
vt 0.408327 0.688583
vt 0.408324 0.688583
vt 0.408329 0.688583
vt 0.408326 0.688569
vt 0.408327 0.688574
vt 0.408322 0.688573
vt 0.408328 0.688576
vt 0.408329 0.688578
vt 0.408329 0.688585
vt 0.408328 0.688586
vt 0.408326 0.688586
vt 0.408340 0.688585
vt 0.408337 0.688585
vt 0.408337 0.688583
vt 0.408341 0.688583
vt 0.408335 0.688584
vt 0.408336 0.688583
vt 0.408338 0.688582
vt 0.408341 0.688581
vt 0.408336 0.688582
vt 0.408338 0.688587
vt 0.408335 0.688586
vt 0.408334 0.688585
vt 0.408345 0.688578
vt 0.408346 0.688581
vt 0.408329 0.688589
vt 0.408330 0.688587
vt 0.408332 0.688587
vt 0.408332 0.688590
vt 0.408331 0.688586
vt 0.408332 0.688586
vt 0.408334 0.688587
vt 0.408335 0.688589
vt 0.408333 0.688586
vt 0.408332 0.688573
vt 0.408332 0.688573
vt 0.408332 0.688574
vt 0.408332 0.688574
vt 0.408333 0.688573
vt 0.408332 0.688574
vt 0.408332 0.688574
vt 0.408332 0.688575
vt 0.408333 0.688574
vt 0.408332 0.688572
vt 0.408333 0.688573
vt 0.408332 0.688573
vt 0.408333 0.688573
vt 0.408333 0.688573
vt 0.408333 0.688573
vt 0.408333 0.688574
vt 0.408333 0.688574
vt 0.408333 0.688575
vt 0.408333 0.688575
vt 0.408333 0.688575
vt 0.408333 0.688575
vt 0.408332 0.688575
vt 0.408332 0.688575
vt 0.408332 0.688575
vt 0.408332 0.688574
vt 0.408341 0.688573
vt 0.408339 0.688574
vt 0.408337 0.688572
vt 0.408339 0.688571
vt 0.408338 0.688574
vt 0.408336 0.688572
vt 0.408332 0.688571
vt 0.408331 0.688569
vt 0.408333 0.688572
vt 0.408344 0.688572
vt 0.408337 0.688574
vt 0.408336 0.688573
vt 0.408334 0.688572
vt 0.408332 0.688572
vt 0.408331 0.688571
vt 0.408329 0.688571
vt 0.287222 0.594144
vt 0.279475 0.600755
vt 0.275641 0.599675
vt 0.281534 0.592173
vt 0.290281 0.597493
vt 0.282110 0.603583
vt 0.291628 0.602152
vt 0.283356 0.607493
vt 0.408329 0.688573
vt 0.408330 0.688573
vt 0.408330 0.688574
vt 0.408329 0.688575
vt 0.408331 0.688573
vt 0.408331 0.688574
vt 0.408330 0.688575
vt 0.408330 0.688576
vt 0.408331 0.688575
vt 0.408332 0.688576
vt 0.408331 0.688576
vt 0.408330 0.688577
vt 0.408331 0.688578
vt 0.408332 0.688577
vt 0.408333 0.688578
vt 0.408333 0.688579
vt 0.408332 0.688576
vt 0.408333 0.688577
vt 0.408334 0.688578
vt 0.408334 0.688579
vt 0.408334 0.688577
vt 0.408333 0.688576
vt 0.408333 0.688577
vt 0.408334 0.688577
vt 0.408336 0.688575
vt 0.408335 0.688575
vt 0.408335 0.688575
vt 0.408335 0.688574
vt 0.408335 0.688576
vt 0.408334 0.688575
vt 0.408334 0.688574
vt 0.408334 0.688574
vt 0.408334 0.688575
vt 0.408336 0.688575
vt 0.408336 0.688575
vt 0.408336 0.688574
vt 0.408336 0.688576
vt 0.408335 0.688576
vt 0.408335 0.688576
vt 0.408335 0.688576
vt 0.408334 0.688576
vt 0.408333 0.688575
vt 0.408334 0.688573
vt 0.408335 0.688574
vt 0.408337 0.688574
vt 0.408336 0.688574
vt 0.408335 0.688573
vt 0.408336 0.688573
vt 0.408336 0.688574
vt 0.408335 0.688573
vt 0.408334 0.688573
vt 0.408334 0.688573
vt 0.408334 0.688573
vt 0.408337 0.688575
vt 0.408337 0.688575
vt 0.408337 0.688575
vt 0.408336 0.688577
vt 0.408336 0.688576
vt 0.408336 0.688576
vt 0.408337 0.688576
vt 0.408336 0.688576
vt 0.408336 0.688576
vt 0.408337 0.688576
vt 0.408337 0.688576
vt 0.408337 0.688575
vt 0.408335 0.688577
vt 0.408335 0.688576
vt 0.408335 0.688576
vt 0.408333 0.688576
vt 0.408333 0.688576
vt 0.408334 0.688576
vt 0.408334 0.688576
vt 0.408333 0.688575
vt 0.408334 0.688576
vt 0.408335 0.688576
vt 0.408334 0.688577
vt 0.408335 0.688576
vt 0.407856 0.688535
vt 0.407857 0.688534
vt 0.407864 0.688539
vt 0.407863 0.688540
vt 0.407859 0.688533
vt 0.407865 0.688538
vt 0.407871 0.688542
vt 0.407870 0.688543
vt 0.407871 0.688540
vt 0.407848 0.688528
vt 0.407850 0.688528
vt 0.407854 0.688536
vt 0.407851 0.688527
vt 0.407853 0.688526
vt 0.407855 0.688525
vt 0.407860 0.688532
vt 0.407866 0.688536
vt 0.407872 0.688538
vt 0.407869 0.688544
vt 0.407862 0.688541
vt 0.827067 0.533482
vt 0.842575 0.529871
vt 0.841048 0.554968
vt 0.825107 0.562320
vt 0.641105 0.564128
vt 0.641102 0.564127
vt 0.641102 0.564121
vt 0.641106 0.564121
vt 0.802649 0.537982
vt 0.822939 0.528551
vt 0.821425 0.557197
vt 0.800313 0.571989
vt 0.567003 0.540297
vt 0.566997 0.540298
vt 0.566996 0.540291
vt 0.567003 0.540287
vt 0.641110 0.564130
vt 0.671554 0.545965
vt 0.671555 0.545965
vt 0.671553 0.545962
vt 0.671555 0.545961
vt 0.652465 0.519386
vt 0.652463 0.519387
vt 0.652462 0.519384
vt 0.652465 0.519383
vt 0.548928 0.529451
vt 0.548926 0.529453
vt 0.548924 0.529450
vt 0.548927 0.529447
vt 0.552918 0.573238
vt 0.552912 0.573241
vt 0.552909 0.573235
vt 0.552915 0.573229
vt 0.753718 0.601730
vt 0.772810 0.589076
vt 0.774899 0.609402
vt 0.756203 0.626446
vt 0.709903 0.574508
vt 0.711884 0.598999
vt 0.778677 0.545081
vt 0.776249 0.583808
vt 0.580941 0.550050
vt 0.580937 0.550059
vt 0.580927 0.550057
vt 0.580927 0.550046
vt 0.608480 0.557436
vt 0.608478 0.557440
vt 0.608474 0.557439
vt 0.608475 0.557434
vt 0.628831 0.534380
vt 0.628831 0.534388
vt 0.628823 0.534389
vt 0.628820 0.534381
vt 0.628830 0.534394
vt 0.628825 0.534395
vt 0.512225 0.546602
vt 0.512207 0.546614
vt 0.512196 0.546603
vt 0.512203 0.546587
vt 0.782816 0.624439
vt 0.766999 0.643342
vt 0.552904 0.573231
vt 0.552908 0.573223
vt 0.580938 0.550069
vt 0.580935 0.550072
vt 0.580932 0.550070
vt 0.580934 0.550066
vt 0.580928 0.550069
vt 0.580928 0.550064
vt 0.628830 0.534399
vt 0.628826 0.534399
vt 0.628823 0.534400
vt 0.628821 0.534397
vt 0.628818 0.534392
vt 0.407729 0.688556
vt 0.407770 0.688539
vt 0.548936 0.529415
vt 0.548930 0.529428
vt 0.548916 0.529424
vt 0.548915 0.529411
vt 0.407862 0.688530
vt 0.407864 0.688528
vt 0.407868 0.688532
vt 0.407867 0.688534
vt 0.407865 0.688527
vt 0.407869 0.688530
vt 0.407873 0.688534
vt 0.407872 0.688536
vt 0.407873 0.688532
vt 0.407857 0.688524
vt 0.407859 0.688522
vt 0.407861 0.688521
vt 0.407863 0.688521
vt 0.407867 0.688525
vt 0.407870 0.688528
vt 0.407874 0.688530
vt 0.878888 0.432188
vt 0.881269 0.432147
vt 0.880641 0.435803
vt 0.878316 0.435629
vt 0.884396 0.432173
vt 0.883560 0.436120
vt 0.407846 0.688504
vt 0.407847 0.688503
vt 0.407847 0.688516
vt 0.407846 0.688517
vt 0.407849 0.688503
vt 0.407849 0.688515
vt 0.796310 0.507473
vt 0.798915 0.507565
vt 0.797307 0.511587
vt 0.794670 0.511503
vt 0.801729 0.507945
vt 0.800012 0.512070
vt 0.805469 0.509174
vt 0.803396 0.513238
vt 0.811592 0.512171
vt 0.807834 0.515484
vt 0.407851 0.688495
vt 0.407853 0.688496
vt 0.407850 0.688503
vt 0.407851 0.688514
vt 0.407844 0.688517
vt 0.407844 0.688505
vt 0.876600 0.432174
vt 0.876021 0.435535
vt 0.836462 0.540795
vt 0.839144 0.540991
vt 0.838205 0.548124
vt 0.835500 0.547926
vt 0.842320 0.541482
vt 0.841453 0.548870
vt 0.837089 0.554447
vt 0.834316 0.554178
vt 0.840576 0.555491
vt 0.834020 0.540850
vt 0.846214 0.542308
vt 0.845466 0.550206
vt 0.845070 0.557380
vt 0.845561 0.563915
vt 0.839426 0.560892
vt 0.835678 0.559647
vt 0.832859 0.559258
vt 0.443481 0.741974
vt 0.443482 0.741975
vt 0.443476 0.741979
vt 0.443474 0.741979
vt 0.443489 0.741971
vt 0.443490 0.741972
vt 0.443499 0.741969
vt 0.443499 0.741971
vt 0.850996 0.543461
vt 0.856377 0.544751
vt 0.855932 0.554176
vt 0.850397 0.552084
vt 0.861994 0.545958
vt 0.861683 0.556113
vt 0.856434 0.562613
vt 0.850542 0.559865
vt 0.862363 0.565210
vt 0.867747 0.546884
vt 0.867580 0.557499
vt 0.868406 0.567035
vt 0.870479 0.574737
vt 0.864483 0.572541
vt 0.858578 0.569425
vt 0.852514 0.566234
vt 0.407854 0.688499
vt 0.407855 0.688502
vt 0.407854 0.688507
vt 0.407852 0.688505
vt 0.407857 0.688505
vt 0.407857 0.688509
vt 0.407856 0.688514
vt 0.407853 0.688514
vt 0.407858 0.688515
vt 0.817643 0.517733
vt 0.813126 0.519227
vt 0.407856 0.688496
vt 0.407857 0.688500
vt 0.407858 0.688503
vt 0.407860 0.688506
vt 0.407859 0.688508
vt 0.407859 0.688511
vt 0.407860 0.688515
vt 0.407863 0.688508
vt 0.407864 0.688508
vt 0.407866 0.688510
vt 0.407865 0.688510
vt 0.407866 0.688508
vt 0.407868 0.688509
vt 0.407869 0.688511
vt 0.407867 0.688512
vt 0.407870 0.688510
vt 0.407861 0.688505
vt 0.407862 0.688508
vt 0.407862 0.688505
vt 0.407864 0.688506
vt 0.407865 0.688506
vt 0.407867 0.688507
vt 0.407869 0.688509
vt 0.407871 0.688510
vt 0.407872 0.688510
vt 0.407871 0.688511
vt 0.407870 0.688512
vt 0.407870 0.688513
vt 0.407867 0.688513
vt 0.407869 0.688514
vt 0.407864 0.688511
vt 0.407871 0.688520
vt 0.407871 0.688518
vt 0.407873 0.688520
vt 0.407873 0.688521
vt 0.407871 0.688517
vt 0.407873 0.688518
vt 0.407875 0.688520
vt 0.407875 0.688522
vt 0.407876 0.688519
vt 0.407870 0.688520
vt 0.407869 0.688519
vt 0.407871 0.688521
vt 0.407869 0.688517
vt 0.407869 0.688516
vt 0.407871 0.688516
vt 0.407873 0.688517
vt 0.407876 0.688518
vt 0.407875 0.688523
vt 0.407873 0.688522
vt 0.407868 0.688524
vt 0.407869 0.688523
vt 0.407872 0.688525
vt 0.407871 0.688526
vt 0.407870 0.688522
vt 0.407872 0.688523
vt 0.407875 0.688526
vt 0.407874 0.688528
vt 0.407875 0.688524
vt 0.407865 0.688521
vt 0.407867 0.688521
vt 0.407869 0.688520
vt 0.407861 0.688510
vt 0.407864 0.688512
vt 0.407864 0.688515
vt 0.407862 0.688513
vt 0.407866 0.688514
vt 0.407867 0.688516
vt 0.407865 0.688517
vt 0.407863 0.688516
vt 0.407868 0.688518
vt 0.868690 0.527198
vt 0.877428 0.527449
vt 0.877509 0.541554
vt 0.868668 0.541896
vt 0.885769 0.527455
vt 0.885642 0.540651
vt 0.878830 0.553875
vt 0.870021 0.555021
vt 0.886359 0.551607
vt 0.860219 0.526508
vt 0.892976 0.527455
vt 0.892533 0.539968
vt 0.892398 0.549972
vt 0.892412 0.556243
vt 0.888470 0.559719
vt 0.881804 0.563803
vt 0.872909 0.565669
vt 0.861117 0.554405
vt 0.863964 0.565050
vt 0.859984 0.541209
vt 0.880296 0.576559
vt 0.887119 0.570513
vt 0.894515 0.574351
vt 0.888663 0.580760
vt 0.892770 0.564574
vt 0.898708 0.567385
vt 0.903540 0.576994
vt 0.899092 0.584332
vt 0.906438 0.569253
vt 0.836478 0.522878
vt 0.842946 0.523328
vt 0.846003 0.529189
vt 0.839646 0.528817
vt 0.885811 0.571461
vt 0.877119 0.573790
vt 0.896034 0.558153
vt 0.901420 0.559907
vt 0.908382 0.561128
vt 0.917210 0.561828
vt 0.916234 0.570320
vt 0.914740 0.578543
vt 0.911937 0.586527
vt 0.407864 0.688504
vt 0.407865 0.688503
vt 0.407866 0.688505
vt 0.407863 0.688502
vt 0.407864 0.688502
vt 0.866706 0.434801
vt 0.870443 0.430671
vt 0.876301 0.431126
vt 0.872810 0.435286
vt 0.407872 0.688514
vt 0.407872 0.688513
vt 0.407874 0.688514
vt 0.407874 0.688515
vt 0.407873 0.688512
vt 0.407875 0.688513
vt 0.407877 0.688515
vt 0.407876 0.688516
vt 0.407877 0.688513
vt 0.407874 0.688511
vt 0.407875 0.688512
vt 0.407877 0.688512
vt 0.407858 0.688497
vt 0.407859 0.688498
vt 0.407860 0.688500
vt 0.407858 0.688500
vt 0.407861 0.688499
vt 0.407861 0.688501
vt 0.407861 0.688503
vt 0.407859 0.688503
vt 0.407862 0.688503
vt 0.818537 0.514461
vt 0.823198 0.519212
vt 0.407858 0.688494
vt 0.407860 0.688496
vt 0.407861 0.688497
vt 0.407862 0.688498
vt 0.407862 0.688500
vt 0.929852 0.529097
vt 0.940129 0.529555
vt 0.939007 0.541577
vt 0.928843 0.541415
vt 0.950309 0.530141
vt 0.948836 0.541853
vt 0.938131 0.552071
vt 0.928006 0.552382
vt 0.947447 0.551625
vt 0.920254 0.528679
vt 0.959908 0.530997
vt 0.957886 0.542719
vt 0.955472 0.552013
vt 0.953467 0.557941
vt 0.947229 0.559489
vt 0.938064 0.560965
vt 0.927584 0.561838
vt 0.918198 0.552285
vt 0.919231 0.541169
vt 0.899072 0.527610
vt 0.905134 0.527898
vt 0.904206 0.540364
vt 0.898351 0.539966
vt 0.912042 0.528267
vt 0.911023 0.540798
vt 0.903083 0.551092
vt 0.897550 0.550168
vt 0.909842 0.551826
vt 0.926583 0.586793
vt 0.927704 0.578585
vt 0.940851 0.576673
vt 0.941502 0.584661
vt 0.927691 0.570308
vt 0.939231 0.568874
vt 0.952574 0.572640
vt 0.955061 0.579877
vt 0.949372 0.566131
vt 0.407868 0.688507
vt 0.957192 0.561656
vt 0.961808 0.566636
vt 0.966065 0.572699
vt 0.407871 0.688509
vt 0.407873 0.688510
vt 0.407869 0.688508
vt 0.974513 0.563015
vt 0.968615 0.558342
vt 0.973764 0.547358
vt 0.980865 0.550511
vt 0.962394 0.554478
vt 0.966172 0.544606
vt 0.977316 0.533881
vt 0.985060 0.535631
vt 0.968903 0.532261
vt 0.407874 0.688510
vt 0.811608 0.425549
vt 0.810903 0.430343
vt 0.800901 0.428852
vt 0.801713 0.424086
vt 0.821091 0.426369
vt 0.820523 0.431205
vt 0.829795 0.426268
vt 0.829318 0.431138
vt 0.400706 0.776016
vt 0.400706 0.776020
vt 0.400689 0.776025
vt 0.400687 0.776021
vt 0.400706 0.776023
vt 0.400691 0.776028
vt 0.400675 0.776033
vt 0.400670 0.776030
vt 0.400678 0.776035
vt 0.400728 0.776008
vt 0.400706 0.776009
vt 0.513065 0.682927
vt 0.513065 0.682926
vt 0.513056 0.682929
vt 0.513056 0.682928
vt 0.513049 0.682933
vt 0.513047 0.682932
vt 0.513042 0.682938
vt 0.513041 0.682937
vt 0.400668 0.776044
vt 0.400663 0.776044
vt 0.372101 0.734325
vt 0.372106 0.734329
vt 0.372094 0.734339
vt 0.372087 0.734336
vt 0.611728 0.520010
vt 0.611726 0.520012
vt 0.611724 0.520009
vt 0.611725 0.520007
vt 0.671552 0.545963
vt 0.671551 0.545961
vt 0.671553 0.545960
vt 0.400684 0.776014
vt 0.267425 0.802831
vt 0.267434 0.802834
vt 0.267433 0.802851
vt 0.267422 0.802850
vt 0.267440 0.802835
vt 0.267438 0.802851
vt 0.407831 0.688505
vt 0.407838 0.688505
vt 0.407838 0.688518
vt 0.407831 0.688519
vt 0.407842 0.688505
vt 0.407842 0.688517
vt 0.580934 0.550074
vt 0.580931 0.550073
vt 0.267432 0.802817
vt 0.267440 0.802822
vt 0.267445 0.802823
vt 0.407850 0.688487
vt 0.407852 0.688487
vt 0.407847 0.688494
vt 0.407845 0.688495
vt 0.407845 0.688528
vt 0.407841 0.688529
vt 0.407835 0.688531
vt 0.407819 0.688522
vt 0.628830 0.534401
vt 0.628827 0.534401
vt 0.580928 0.550072
vt 0.407844 0.688541
vt 0.407848 0.688538
vt 0.407858 0.688545
vt 0.407855 0.688548
vt 0.407852 0.688536
vt 0.407860 0.688542
vt 0.407868 0.688548
vt 0.407867 0.688552
vt 0.407869 0.688546
vt 0.484076 0.355494
vt 0.479928 0.356310
vt 0.479424 0.352736
vt 0.483807 0.352294
vt 0.475381 0.356890
vt 0.474697 0.353231
vt 0.479438 0.349075
vt 0.483541 0.349045
vt 0.474999 0.349459
vt 0.487107 0.357001
vt 0.484643 0.358097
vt 0.487473 0.354910
vt 0.480832 0.359241
vt 0.476417 0.359827
vt 0.475682 0.346310
vt 0.479890 0.345917
vt 0.483647 0.346258
vt 0.486936 0.348990
vt 0.486190 0.346893
vt 0.487484 0.351956
vt 0.475038 0.367463
vt 0.476482 0.364380
vt 0.482847 0.363141
vt 0.483496 0.365472
vt 0.476794 0.362080
vt 0.481897 0.361310
vt 0.487611 0.361074
vt 0.489563 0.362605
vt 0.485928 0.359779
vt 0.488772 0.357688
vt 0.491033 0.358475
vt 0.694827 0.551419
vt 0.695140 0.551027
vt 0.695663 0.551727
vt 0.695472 0.552326
vt 0.694356 0.551837
vt 0.497104 0.355649
vt 0.493147 0.355252
vt 0.493730 0.351468
vt 0.498315 0.351092
vt 0.490238 0.354930
vt 0.490492 0.351707
vt 0.492646 0.347545
vt 0.497138 0.346080
vt 0.489646 0.348465
vt 0.696228 0.552965
vt 0.696314 0.552163
vt 0.487680 0.345802
vt 0.490001 0.344234
vt 0.493692 0.341692
vt 0.697151 0.553222
vt 0.488633 0.338551
vt 0.486177 0.342036
vt 0.481302 0.340991
vt 0.481970 0.336819
vt 0.484575 0.344174
vt 0.480577 0.343516
vt 0.475286 0.341338
vt 0.473608 0.337050
vt 0.475797 0.343940
vt 0.698110 0.446372
vt 0.699700 0.480296
vt 0.688181 0.493967
vt 0.669463 0.446137
vt 0.134898 0.340659
vt 0.239506 0.328679
vt 0.284116 0.371258
vt 0.204260 0.397228
vt 0.685856 0.514396
vt 0.677855 0.501608
vt 0.693335 0.510082
vt 0.689405 0.521807
vt 0.619550 0.500508
vt 0.618784 0.471420
vt 0.642128 0.454765
vt 0.007522 0.214532
vt 0.145815 0.221595
vt -0.034327 0.349311
vt 0.240743 0.254927
vt 0.342881 0.390375
vt 0.386157 0.400643
vt 0.687276 0.530475
vt 0.684940 0.526829
vt 0.680392 0.522459
vt 0.722828 0.531457
vt 0.738257 0.536374
vt 0.742816 0.555299
vt 0.732568 0.553899
vt 0.708636 0.522744
vt 0.724740 0.485726
vt 0.617784 0.017811
vt 0.517037 0.086254
vt 0.340614 -0.026182
vt 0.482492 -0.026053
vt 0.503236 0.169742
vt 0.394268 0.131090
vt 0.867144 0.109557
vt 0.867013 0.120143
vt 0.860701 0.121480
vt 0.860510 0.110802
vt 0.294354 0.163967
vt 0.205615 0.017343
vt 0.621301 0.823413
vt 0.486099 0.866909
vt 0.734030 0.101289
vt 0.627727 0.176560
vt 0.580957 0.228792
vt 0.090718 0.100260
vt 0.210959 0.823366
vt 0.096534 0.740272
vt 0.344645 0.866880
vt 0.863734 0.491930
vt 0.658369 0.407947
vt 0.713312 0.360636
vt 0.862955 0.350460
vt 0.589522 0.382624
vt 0.628698 0.351217
vt 0.693436 0.270446
vt 0.818643 0.215941
vt 0.625235 0.294608
vt 0.666252 0.579186
vt 0.678501 0.576194
vt 0.667966 0.627133
vt 0.649725 0.590305
vt 0.612326 0.442141
vt 0.566240 0.409736
vt 0.535768 0.393427
vt 0.736356 0.740503
vt 0.820093 0.626324
vt 0.683042 0.583393
vt 0.682312 0.559274
vt 0.683778 0.551660
vt 0.684991 0.551025
vt 0.685177 0.556539
vt 0.684094 0.548255
vt 0.684696 0.548275
vt 0.515163 0.410005
vt 0.488035 0.411119
vt 0.482742 0.407029
vt 0.501799 0.401536
vt 0.474485 0.412670
vt 0.472306 0.410350
vt 0.678725 0.559465
vt 0.682258 0.550956
vt 0.683337 0.547419
vt 0.683740 0.545994
vt 0.684128 0.546694
vt 0.684484 0.546884
vt 0.684798 0.546668
vt 0.685171 0.547838
vt 0.466547 0.412242
vt 0.463473 0.410949
vt 0.467759 0.408483
vt 0.475226 0.404252
vt 0.488368 0.397145
vt 0.685154 0.566901
vt 0.686914 0.553837
vt 0.688509 0.560741
vt 0.684163 0.545837
vt 0.684186 0.545232
vt 0.684352 0.545383
vt 0.684396 0.546033
vt 0.459473 0.415330
vt 0.457007 0.415254
vt 0.457434 0.414661
vt 0.460210 0.414505
vt 0.463422 0.414254
vt 0.459819 0.413722
vt 0.462782 0.413176
vt 0.457285 0.414089
vt 0.683935 0.545292
vt 0.684037 0.544837
vt 0.457528 0.416080
vt 0.455827 0.415758
vt 0.454686 0.415531
vt 0.454917 0.415200
vt 0.455072 0.414765
vt 0.455149 0.414333
vt 0.455116 0.414013
vt 0.456399 0.413670
vt 0.458285 0.413118
vt 0.460584 0.412301
vt 0.684616 0.545905
vt 0.470950 0.396056
vt 0.464303 0.402839
vt 0.452033 0.403012
vt 0.453048 0.397031
vt 0.460554 0.407364
vt 0.452096 0.407315
vt 0.441228 0.404298
vt 0.437248 0.398703
vt 0.444445 0.408203
vt 0.458452 0.410180
vt 0.452439 0.410112
vt 0.446721 0.410714
vt 0.442031 0.411891
vt 0.438297 0.409912
vt 0.432344 0.406705
vt 0.422796 0.401630
vt 0.677368 0.536694
vt 0.681447 0.539329
vt 0.680795 0.543019
vt 0.676401 0.544262
vt 0.682906 0.541047
vt 0.682583 0.543037
vt 0.681040 0.547648
vt 0.676617 0.553123
vt 0.682717 0.545444
vt 0.669485 0.519759
vt 0.679700 0.532400
vt 0.668364 0.534732
vt 0.682591 0.537458
vt 0.683458 0.539903
vt 0.683726 0.541119
vt 0.683460 0.541984
vt 0.683331 0.543262
vt 0.683430 0.544722
vt 0.666766 0.561319
vt 0.667142 0.547496
vt 0.686035 0.535576
vt 0.685312 0.538442
vt 0.684547 0.537610
vt 0.684664 0.533796
vt 0.425805 0.410055
vt 0.434011 0.412174
vt 0.431804 0.414518
vt 0.421712 0.413863
vt 0.683666 0.537180
vt 0.682587 0.532321
vt 0.684398 0.539644
vt 0.683952 0.539560
vt 0.411557 0.406598
vt 0.438861 0.413435
vt 0.437335 0.415043
vt 0.437369 0.416452
vt 0.431405 0.416722
vt 0.683997 0.540764
vt 0.449979 0.415347
vt 0.450224 0.414970
vt 0.451724 0.414907
vt 0.451568 0.415270
vt 0.450357 0.414596
vt 0.451872 0.414543
vt 0.453240 0.414843
vt 0.453165 0.415216
vt 0.453413 0.414465
vt 0.448171 0.415786
vt 0.448237 0.415471
vt 0.449515 0.415767
vt 0.448451 0.415043
vt 0.448718 0.414610
vt 0.448993 0.414281
vt 0.450301 0.414192
vt 0.452041 0.414106
vt 0.453792 0.414040
vt 0.453260 0.415620
vt 0.451369 0.415706
vt 0.445772 0.417654
vt 0.447370 0.416857
vt 0.450758 0.416916
vt 0.450346 0.417862
vt 0.448616 0.416273
vt 0.451097 0.416260
vt 0.683689 0.543382
vt 0.683880 0.543467
vt 0.683929 0.544206
vt 0.683759 0.544403
vt 0.453704 0.416090
vt 0.454410 0.416643
vt 0.439140 0.417771
vt 0.442492 0.417014
vt 0.443432 0.419050
vt 0.444894 0.416510
vt 0.446832 0.416095
vt 0.684042 0.544064
vt 0.684105 0.544494
vt 0.683739 0.542459
vt 0.456947 0.411809
vt 0.455665 0.412812
vt 0.452442 0.412812
vt 0.452562 0.411775
vt 0.454581 0.413507
vt 0.452242 0.413540
vt 0.449194 0.413099
vt 0.448211 0.412194
vt 0.449888 0.413714
vt 0.447969 0.414042
vt 0.446449 0.413645
vt 0.444539 0.413006
vt 0.442065 0.414072
vt 0.444602 0.414385
vt 0.443693 0.415195
vt 0.440871 0.415198
vt 0.446803 0.414543
vt 0.446225 0.415129
vt 0.443729 0.415937
vt 0.440960 0.416193
vt 0.446143 0.415685
vt 0.408249 0.688454
vt 0.408290 0.688460
vt 0.408410 0.688523
vt 0.408426 0.688563
vt 0.408111 0.688513
vt 0.408125 0.688492
vt 0.408379 0.688492
vt 0.408337 0.688470
vt 0.408579 0.688602
vt 0.408145 0.688472
vt 0.408212 0.688449
vt 0.408175 0.688456
s 1
usemtl Material.002
f 1263/1/1 1264/2/2 1267/3/3 1266/4/4
f 1264/2/2 1265/5/5 1268/6/6 1267/3/3
f 1266/4/4 1267/3/3 1270/7/7 1269/8/8
f 1267/3/3 1268/6/6 1271/9/9 1270/7/7
f 1/10/10 215/11/11 1263/1/1 518/12/12
f 215/11/11 214/13/13 1264/2/2 1263/1/1
f 214/13/13 213/14/14 1265/5/5 1264/2/2
f 213/14/14 5/15/15 513/16/16 1265/5/5
f 1265/5/5 513/16/16 514/17/17 1268/6/6
f 1268/6/6 514/17/17 515/18/18 1271/9/9
f 1271/9/9 515/18/18 60/19/19 510/20/20
f 1270/7/7 1271/9/9 510/20/20 511/21/21
f 1269/8/8 1270/7/7 511/21/21 512/22/22
f 516/23/23 1269/8/8 512/22/22 59/24/24
f 517/25/25 1266/4/4 1269/8/8 516/23/23
f 518/12/12 1263/1/1 1266/4/4 517/25/25
f 1272/26/26 1273/27/27 1276/28/28 1275/29/29
f 1273/27/27 1274/30/30 1277/31/31 1276/28/28
f 1275/32/29 1276/33/28 1279/34/32 1278/35/33
f 1276/36/28 1277/37/31 1280/38/34 1279/39/32
f 27/40/35 320/41/36 1272/26/26 330/42/37
f 320/41/36 319/43/38 1273/27/27 1272/26/26
f 319/43/38 318/44/39 1274/30/30 1273/27/27
f 318/44/39 3/45/40 201/46/41 1274/30/30
f 1274/30/30 201/46/41 202/47/42 1277/31/31
f 1277/37/31 202/48/42 203/49/43 1280/38/34
f 1280/38/34 203/49/43 7/50/44 194/51/45
f 1279/39/32 1280/38/34 194/51/45 193/52/46
f 1278/53/33 1279/39/32 193/52/46 192/54/47
f 332/55/48 1278/53/33 192/54/47 26/56/49
f 331/57/50 1275/32/29 1278/35/33 332/58/48
f 330/42/37 1272/26/26 1275/29/29 331/59/50
f 1281/60/51 1282/61/52 1285/62/53 1284/63/54
f 1282/61/52 1283/64/55 1286/65/56 1285/62/53
f 1284/63/54 1285/62/53 1288/66/57 1287/67/58
f 1285/62/53 1286/65/56 1289/68/59 1288/66/57
f 6/69/60 188/70/61 1281/60/51 236/71/62
f 188/70/61 187/72/63 1282/61/52 1281/60/51
f 187/72/63 186/73/64 1283/64/55 1282/61/52
f 186/73/64 2/74/65 231/75/66 1283/64/55
f 1283/64/55 231/75/66 232/76/67 1286/65/56
f 1286/65/56 232/76/67 233/77/68 1289/68/59
f 1289/68/59 233/77/68 9/78/69 222/79/70
f 1288/66/57 1289/68/59 222/79/70 223/80/71
f 1287/67/58 1288/66/57 223/80/71 224/81/72
f 234/82/73 1287/67/58 224/81/72 11/83/74
f 235/84/75 1284/63/54 1287/67/58 234/82/73
f 236/71/62 1281/60/51 1284/63/54 235/84/75
f 1290/85/76 1291/86/77 1294/87/78 1293/88/79
f 1291/89/77 1292/90/80 1295/91/81 1294/92/78
f 1293/88/79 1294/87/78 1297/93/82 1296/94/83
f 1294/92/78 1295/91/81 1298/95/84 1297/96/82
f 1/10/10 204/97/85 1290/85/76 350/98/86
f 204/97/85 205/99/87 1291/86/77 1290/85/76
f 205/100/87 206/101/88 1292/90/80 1291/89/77
f 206/102/88 3/103/40 345/104/89 1292/105/80
f 1292/106/80 345/107/89 346/108/90 1295/109/81
f 1295/109/81 346/108/90 347/110/91 1298/111/84
f 1298/111/84 347/110/91 30/112/92 335/113/93
f 1297/114/82 1298/111/84 335/113/93 334/115/94
f 1296/94/83 1297/93/82 334/116/94 333/117/95
f 348/118/96 1296/94/83 333/117/95 29/119/97
f 349/120/98 1293/88/79 1296/94/83 348/118/96
f 350/98/86 1290/85/76 1293/88/79 349/120/98
f 1299/121/99 1300/122/100 1303/123/101 1302/124/102
f 1300/122/100 1301/125/103 1304/126/104 1303/123/101
f 1302/124/102 1303/123/101 1306/127/105 1305/128/106
f 1303/123/101 1304/126/104 1307/129/107 1306/127/105
f 28/130/108 323/131/109 1299/121/99 324/132/110
f 323/131/109 322/133/111 1300/122/100 1299/121/99
f 322/133/111 321/134/112 1301/125/103 1300/122/100
f 321/134/112 5/15/15 213/14/14 1301/125/103
f 1301/125/103 213/14/14 214/13/13 1304/126/104
f 1304/126/104 214/13/13 215/11/11 1307/129/107
f 1307/129/107 215/11/11 1/10/10 312/135/113
f 1306/127/105 1307/129/107 312/135/113 313/136/114
f 1305/128/106 1306/127/105 313/136/114 314/137/115
f 326/138/116 1305/128/106 314/137/115 25/139/117
f 325/140/118 1302/124/102 1305/128/106 326/138/116
f 324/132/110 1299/121/99 1302/124/102 325/140/118
f 1308/141/119 1309/142/120 1312/143/121 1311/144/122
f 1309/142/120 1310/145/123 1313/146/124 1312/143/121
f 1311/144/122 1312/143/121 1315/147/125 1314/148/126
f 1312/143/121 1313/146/124 1316/149/127 1315/147/125
f 10/150/128 227/151/129 1308/141/119 257/152/130
f 227/151/129 226/153/131 1309/142/120 1308/141/119
f 226/153/131 225/154/132 1310/145/123 1309/142/120
f 225/154/132 12/155/133 252/156/134 1310/145/123
f 1310/145/123 252/156/134 253/157/135 1313/146/124
f 1313/146/124 253/157/135 254/158/136 1316/149/127
f 1316/149/127 254/158/136 16/159/137 246/160/138
f 1315/147/125 1316/149/127 246/160/138 247/161/139
f 1314/148/126 1315/147/125 247/161/139 248/162/140
f 255/163/141 1314/148/126 248/162/140 14/164/142
f 256/165/143 1311/144/122 1314/148/126 255/163/141
f 257/152/130 1308/141/119 1311/144/122 256/165/143
f 1317/166/144 1318/167/145 1321/168/146 1320/169/147
f 1318/170/145 1319/171/148 1322/172/149 1321/173/146
f 1320/174/147 1321/175/146 1324/176/150 1323/177/151
f 1321/175/146 1322/178/149 1325/179/152 1324/176/150
f 4/180/153 209/181/154 1317/166/144 242/182/155
f 209/181/154 208/183/156 1318/167/145 1317/166/144
f 208/184/156 207/185/157 1319/171/148 1318/170/145
f 207/185/157 8/186/158 237/187/159 1319/171/148
f 1319/171/148 237/187/159 238/188/160 1322/172/149
f 1322/178/149 238/189/160 239/190/161 1325/179/152
f 1325/179/162 239/190/163 12/191/133 225/192/132
f 1324/176/164 1325/179/162 225/192/132 226/193/131
f 1323/177/165 1324/176/164 226/193/131 227/194/129
f 240/195/166 1323/177/165 227/194/129 10/196/128
f 241/197/167 1320/174/147 1323/177/151 240/195/168
f 242/182/155 1317/166/144 1320/169/147 241/198/167
f 1326/199/169 1327/200/170 1330/201/171 1329/202/172
f 1327/203/173 1328/204/174 1331/205/175 1330/206/176
f 1329/202/172 1330/201/171 1333/207/177 1332/208/178
f 1330/209/176 1331/210/175 1334/211/179 1333/212/180
f 2/74/65 218/213/181 1326/199/169 231/75/66
f 218/213/181 217/214/182 1327/200/170 1326/199/169
f 217/215/182 216/216/183 1328/204/174 1327/203/173
f 216/216/183 4/217/153 242/218/155 1328/204/174
f 1328/204/174 242/218/155 241/219/167 1331/205/175
f 1331/210/175 241/197/167 240/195/168 1334/211/179
f 1334/211/184 240/195/166 10/196/128 228/220/185
f 1333/212/177 1334/211/184 228/220/185 229/221/186
f 1332/208/178 1333/207/177 229/222/186 230/223/187
f 233/77/68 1332/208/178 230/223/187 9/78/69
f 232/76/67 1329/202/172 1332/208/178 233/77/68
f 231/75/66 1326/199/169 1329/202/172 232/76/67
f 1335/224/188 1336/225/189 1339/226/190 1338/227/191
f 1336/225/189 1337/228/192 1340/229/193 1339/226/190
f 1338/227/191 1339/226/190 1342/230/194 1341/231/195
f 1339/226/190 1340/229/193 1343/232/196 1342/230/194
f 15/233/197 245/234/198 1335/224/188 281/235/199
f 245/234/198 244/236/200 1336/225/189 1335/224/188
f 244/236/200 243/237/201 1337/228/192 1336/225/189
f 243/237/201 13/238/202 276/239/203 1337/228/192
f 1337/228/192 276/239/203 277/240/204 1340/229/193
f 1340/229/193 277/240/204 278/241/205 1343/232/196
f 1343/232/196 278/241/205 19/242/206 267/243/207
f 1342/230/194 1343/232/196 267/243/207 268/244/208
f 1341/231/195 1342/230/194 268/244/208 269/245/209
f 279/246/210 1341/231/195 269/245/209 17/247/211
f 280/248/212 1338/227/191 1341/231/195 279/246/210
f 281/235/199 1335/224/188 1338/227/191 280/248/212
f 1344/249/213 1345/250/214 1348/251/215 1347/252/216
f 1345/253/214 1346/254/217 1349/255/218 1348/256/215
f 1347/257/216 1348/258/215 1351/259/219 1350/260/220
f 1348/256/215 1349/255/218 1352/261/221 1351/262/219
f 12/155/133 221/263/222 1344/264/213 252/156/134
f 221/265/222 220/266/223 1345/250/214 1344/249/213
f 220/267/223 219/268/224 1346/254/217 1345/253/214
f 219/268/224 11/83/74 258/269/225 1346/254/217
f 1346/254/217 258/269/225 259/270/226 1349/255/218
f 1349/255/218 259/270/226 260/271/227 1352/261/221
f 1352/261/221 260/271/227 15/233/197 183/272/228
f 1351/273/219 1352/274/221 183/275/228 184/276/229
f 1350/260/220 1351/259/219 184/277/229 185/278/230
f 254/158/136 1350/260/220 185/278/230 16/159/137
f 253/157/135 1347/257/216 1350/260/220 254/158/136
f 252/156/134 1344/264/213 1347/257/216 253/157/135
f 1353/279/231 1354/280/232 1357/281/233 1356/282/234
f 1354/283/232 1355/284/235 1358/285/236 1357/286/233
f 1356/282/234 1357/281/233 1360/287/237 1359/288/238
f 1357/286/233 1358/285/236 1361/289/239 1360/290/237
f 9/78/69 230/223/187 1353/291/231 263/292/240
f 230/293/187 229/294/186 1354/280/232 1353/279/231
f 229/295/186 228/296/185 1355/284/235 1354/283/232
f 228/296/185 10/150/128 257/152/130 1355/284/235
f 1355/284/235 257/152/130 256/165/143 1358/285/236
f 1358/285/236 256/165/143 255/163/141 1361/289/239
f 1361/289/239 255/163/141 14/164/142 249/297/241
f 1360/290/237 1361/289/239 249/297/241 250/298/242
f 1359/299/238 1360/300/237 250/301/242 251/302/243
f 261/303/244 1359/299/238 251/302/243 13/238/202
f 262/304/245 1356/305/234 1359/299/238 261/303/244
f 263/292/240 1353/291/231 1356/305/234 262/304/245
f 1362/306/246 1363/307/247 1366/308/248 1365/309/249
f 1363/307/247 1364/310/250 1367/311/251 1366/308/248
f 1365/309/249 1366/308/248 1369/312/252 1368/313/253
f 1366/308/248 1367/311/251 1370/314/254 1369/312/252
f 11/83/74 224/81/72 1362/306/246 258/269/225
f 224/81/72 223/80/71 1363/307/247 1362/306/246
f 223/80/71 222/79/70 1364/310/250 1363/307/247
f 222/79/70 9/78/69 263/292/240 1364/310/250
f 1364/310/250 263/292/240 262/304/245 1367/311/251
f 1367/311/251 262/304/245 261/303/244 1370/314/254
f 1370/314/254 261/303/244 13/238/202 243/237/201
f 1369/312/252 1370/314/254 243/237/201 244/236/200
f 1368/313/253 1369/312/252 244/236/200 245/234/198
f 260/271/227 1368/313/253 245/234/198 15/233/197
f 259/270/226 1365/309/249 1368/313/253 260/271/227
f 258/269/225 1362/306/246 1365/309/249 259/270/226
f 1371/315/255 1372/316/256 1375/317/257 1374/318/258
f 1372/316/256 1373/319/259 1376/320/260 1375/317/257
f 1374/318/258 1375/317/257 1378/321/261 1377/322/262
f 1375/317/257 1376/320/260 1379/323/263 1378/321/261
f 20/324/264 272/325/265 1371/315/255 305/326/266
f 272/325/265 271/327/267 1372/316/256 1371/315/255
f 271/327/267 270/328/268 1373/319/259 1372/316/256
f 270/328/268 18/329/269 300/330/270 1373/319/259
f 1373/319/259 300/330/270 301/331/271 1376/320/260
f 1376/320/260 301/331/271 302/332/272 1379/323/263
f 1379/323/263 302/332/272 22/333/273 294/334/274
f 1378/321/261 1379/323/263 294/334/274 295/335/275
f 1377/322/262 1378/321/261 295/335/275 296/336/276
f 303/337/277 1377/322/262 296/336/276 24/338/278
f 304/339/279 1374/318/258 1377/322/262 303/337/277
f 305/326/266 1371/315/255 1374/318/258 304/339/279
f 1380/340/280 1381/341/281 1384/342/282 1383/343/283
f 1381/341/281 1382/344/284 1385/345/285 1384/342/282
f 1383/343/283 1384/342/282 1387/346/286 1386/347/287
f 1384/342/282 1385/345/285 1388/348/288 1387/346/286
f 14/164/142 248/162/140 1380/340/280 287/349/289
f 248/162/140 247/161/139 1381/341/281 1380/340/280
f 247/161/139 246/160/138 1382/344/284 1381/341/281
f 246/160/138 16/159/137 282/350/290 1382/344/284
f 1382/344/284 282/350/290 283/351/291 1385/345/285
f 1385/345/285 283/351/291 284/352/292 1388/348/288
f 1388/353/288 284/354/292 18/355/269 270/356/268
f 1387/357/286 1388/353/288 270/356/268 271/358/267
f 1386/359/287 1387/357/286 271/358/267 272/360/265
f 285/361/293 1386/359/287 272/360/265 20/362/264
f 286/363/294 1383/343/283 1386/347/287 285/364/293
f 287/349/289 1380/340/280 1383/343/283 286/363/294
f 1389/365/295 1390/366/296 1393/367/297 1392/368/298
f 1390/369/296 1391/370/299 1394/371/300 1393/372/297
f 1392/368/298 1393/367/297 1396/373/301 1395/374/302
f 1393/372/297 1394/371/300 1397/375/303 1396/376/301
f 16/159/137 185/278/230 1389/365/295 282/350/290
f 185/278/230 184/277/229 1390/366/296 1389/365/295
f 184/276/229 183/275/228 1391/370/299 1390/369/296
f 183/275/228 15/377/197 281/378/199 1391/370/299
f 1391/370/299 281/378/199 280/379/212 1394/371/300
f 1394/371/300 280/379/212 279/380/210 1397/375/303
f 1397/375/303 279/380/210 17/381/211 264/382/304
f 1396/376/301 1397/375/303 264/382/304 265/383/305
f 1395/384/302 1396/385/301 265/386/305 266/387/306
f 284/354/292 1395/384/302 266/387/306 18/355/269
f 283/351/291 1392/368/298 1395/374/302 284/352/292
f 282/350/290 1389/365/295 1392/368/298 283/351/291
f 1398/388/307 1399/389/308 1402/390/309 1401/391/310
f 1399/392/308 1400/393/311 1403/394/312 1402/395/309
f 1401/391/310 1402/390/309 1405/396/313 1404/397/314
f 1402/395/309 1403/394/312 1406/398/315 1405/399/313
f 13/238/202 251/302/243 1398/388/307 276/239/203
f 251/302/243 250/301/242 1399/389/308 1398/388/307
f 250/298/242 249/297/241 1400/393/311 1399/392/308
f 249/297/241 14/164/142 287/349/289 1400/393/311
f 1400/393/311 287/349/289 286/363/294 1403/394/312
f 1403/394/312 286/363/294 285/364/293 1406/398/315
f 1406/400/315 285/361/293 20/362/264 273/401/316
f 1405/402/313 1406/400/315 273/401/316 274/403/317
f 1404/397/314 1405/396/313 274/404/317 275/405/318
f 278/241/205 1404/397/314 275/405/318 19/242/206
f 277/240/204 1401/391/310 1404/397/314 278/241/205
f 276/239/203 1398/388/307 1401/391/310 277/240/204
f 1407/406/319 1408/407/320 1411/408/321 1410/409/322
f 1408/407/320 1409/410/323 1412/411/324 1411/408/321
f 1410/409/322 1411/408/321 1414/412/325 1413/413/326
f 1411/408/321 1412/411/324 1415/414/327 1414/412/325
f 48/415/328 444/416/329 1407/406/319 470/417/330
f 444/416/329 445/418/331 1408/407/320 1407/406/319
f 445/418/331 446/419/332 1409/410/323 1408/407/320
f 446/419/332 24/420/278 465/421/333 1409/410/323
f 1409/410/323 465/421/333 466/422/334 1412/411/324
f 1412/411/324 466/422/334 467/423/335 1415/414/327
f 1415/414/327 467/423/335 50/424/336 464/425/337
f 1414/412/325 1415/414/327 464/425/337 463/426/338
f 1413/413/326 1414/412/325 463/426/338 462/427/339
f 468/428/340 1413/413/326 462/427/339 52/429/341
f 469/430/342 1410/409/322 1413/413/326 468/428/340
f 470/417/330 1407/406/319 1410/409/322 469/430/342
f 1416/431/343 1417/432/344 1420/433/345 1419/434/346
f 1417/435/344 1418/436/347 1421/437/348 1420/438/345
f 1419/434/346 1420/433/345 1423/439/349 1422/440/350
f 1420/438/345 1421/437/348 1424/441/351 1423/442/349
f 18/329/269 266/443/306 1416/431/343 300/330/270
f 266/443/306 265/444/305 1417/432/344 1416/431/343
f 265/445/305 264/446/304 1418/436/347 1417/435/344
f 264/382/304 17/381/211 306/447/352 1418/448/347
f 1418/448/347 306/447/352 307/449/353 1421/450/348
f 1421/450/348 307/449/353 308/451/354 1424/452/351
f 1424/452/351 308/451/354 21/453/355 288/454/356
f 1423/442/349 1424/441/351 288/455/356 289/456/357
f 1422/440/350 1423/439/349 289/457/357 290/458/358
f 302/332/272 1422/440/350 290/458/358 22/333/273
f 301/331/271 1419/434/346 1422/440/350 302/332/272
f 300/330/270 1416/431/343 1419/434/346 301/331/271
f 1425/459/359 1426/460/360 1429/461/361 1428/462/362
f 1426/463/360 1427/464/363 1430/465/364 1429/466/361
f 1428/462/362 1429/461/361 1432/467/365 1431/468/366
f 1429/466/361 1430/465/364 1433/469/367 1432/470/365
f 19/242/206 275/405/318 1425/459/359 311/471/368
f 275/405/318 274/404/317 1426/460/360 1425/459/359
f 274/472/317 273/473/316 1427/464/363 1426/463/360
f 273/473/316 20/324/264 305/326/266 1427/464/363
f 1427/464/363 305/326/266 304/339/279 1430/465/364
f 1430/465/364 304/339/279 303/337/277 1433/469/367
f 1433/469/367 303/337/277 24/338/278 297/474/369
f 1432/470/365 1433/469/367 297/474/369 298/475/370
f 1431/468/366 1432/467/365 298/476/370 299/477/371
f 309/478/372 1431/468/366 299/477/371 23/479/373
f 310/480/374 1428/462/362 1431/468/366 309/478/372
f 311/471/368 1425/459/359 1428/462/362 310/480/374
f 1434/481/375 1435/482/376 1438/483/377 1437/484/378
f 1435/482/376 1436/485/379 1439/486/380 1438/483/377
f 1437/484/378 1438/483/377 1441/487/381 1440/488/382
f 1438/483/377 1439/486/380 1442/489/383 1441/487/381
f 17/247/211 269/245/209 1434/481/375 306/490/352
f 269/245/209 268/244/208 1435/482/376 1434/481/375
f 268/244/208 267/243/207 1436/485/379 1435/482/376
f 267/243/207 19/242/206 311/471/368 1436/485/379
f 1436/485/379 311/471/368 310/480/374 1439/486/380
f 1439/486/380 310/480/374 309/478/372 1442/489/383
f 1442/489/383 309/478/372 23/479/373 291/491/384
f 1441/487/381 1442/489/383 291/491/384 292/492/385
f 1440/488/382 1441/487/381 292/492/385 293/493/386
f 308/494/354 1440/488/382 293/493/386 21/495/355
f 307/496/353 1437/484/378 1440/488/382 308/494/354
f 306/490/352 1434/481/375 1437/484/378 307/496/353
f 1443/497/387 1444/498/388 1447/499/389 1446/500/390
f 1444/498/388 1445/501/391 1448/502/392 1447/499/389
f 1446/500/390 1447/499/389 1450/503/393 1449/504/394
f 1447/499/389 1448/502/392 1451/505/395 1450/503/393
f 6/69/60 200/506/396 1443/497/387 188/70/61
f 200/506/396 199/507/397 1444/498/388 1443/497/387
f 199/507/397 198/508/398 1445/501/391 1444/498/388
f 198/508/398 28/130/108 324/132/110 1445/501/391
f 1445/501/391 324/132/110 325/140/118 1448/502/392
f 1448/502/392 325/140/118 326/138/116 1451/505/395
f 1451/505/395 326/138/116 25/139/117 189/509/399
f 1450/503/393 1451/505/395 189/509/399 190/510/400
f 1449/504/394 1450/503/393 190/510/400 191/511/401
f 186/73/64 1449/504/394 191/511/401 2/74/65
f 187/72/63 1446/500/390 1449/504/394 186/73/64
f 188/70/61 1443/497/387 1446/500/390 187/72/63
f 1452/512/402 1453/513/403 1456/514/404 1455/515/405
f 1453/513/403 1454/516/406 1457/517/407 1456/514/404
f 1455/518/405 1456/519/404 1459/520/408 1458/521/409
f 1456/522/404 1457/523/407 1460/524/410 1459/525/408
f 2/74/65 191/511/401 1452/512/402 218/213/181
f 191/511/401 190/510/400 1453/513/403 1452/512/402
f 190/510/400 189/509/399 1454/516/406 1453/513/403
f 189/509/399 25/139/117 327/526/411 1454/516/406
f 1454/516/406 327/526/411 328/527/412 1457/517/407
f 1457/528/407 328/529/412 329/530/413 1460/531/410
f 1460/532/410 329/533/413 27/534/35 195/535/414
f 1459/520/408 1460/532/410 195/535/414 196/536/415
f 1458/521/409 1459/520/408 196/536/415 197/537/416
f 216/216/183 1458/521/409 197/537/416 4/217/153
f 217/215/182 1455/518/405 1458/521/409 216/216/183
f 218/213/181 1452/512/402 1455/515/405 217/214/182
f 1461/538/417 1462/539/418 1465/540/419 1464/541/420
f 1462/539/418 1463/542/421 1466/543/422 1465/540/419
f 1464/544/420 1465/545/419 1468/546/423 1467/547/424
f 1465/548/419 1466/549/422 1469/550/425 1468/551/423
f 4/180/153 197/552/416 1461/538/417 209/181/154
f 197/552/416 196/553/415 1462/539/418 1461/538/417
f 196/553/415 195/554/414 1463/542/421 1462/539/418
f 195/555/414 27/40/35 330/42/37 1463/556/421
f 1463/556/421 330/42/37 331/59/50 1466/557/422
f 1466/558/422 331/57/50 332/58/48 1469/559/425
f 1469/559/425 332/58/48 26/560/49 317/561/426
f 1468/551/423 1469/550/425 317/562/426 316/563/427
f 1467/547/424 1468/546/423 316/564/427 315/565/428
f 207/185/157 1467/547/424 315/565/428 8/186/158
f 208/184/156 1464/544/420 1467/547/424 207/185/157
f 209/181/154 1461/538/417 1464/541/420 208/183/156
f 1470/566/429 1471/567/430 1474/568/431 1473/569/432
f 1471/567/430 1472/570/433 1475/571/434 1474/568/431
f 1473/572/432 1474/573/431 1477/574/435 1476/575/436
f 1474/573/431 1475/576/434 1478/577/437 1477/574/435
f 31/578/438 338/579/439 1470/580/429 342/581/440
f 338/579/439 337/582/441 1471/583/430 1470/580/429
f 337/582/441 336/584/442 1472/585/433 1471/583/430
f 336/584/442 29/119/97 333/117/95 1472/585/433
f 1472/570/433 333/586/95 334/587/94 1475/571/434
f 1475/576/434 334/115/94 335/113/93 1478/577/437
f 1478/577/437 335/113/93 30/112/92 339/588/443
f 1477/574/435 1478/577/437 339/588/443 340/589/444
f 1476/575/436 1477/574/435 340/589/444 341/590/445
f 344/591/446 1476/575/436 341/590/445 32/592/447
f 343/593/448 1473/572/432 1476/575/436 344/591/446
f 342/594/440 1470/566/429 1473/569/432 343/595/448
f 1479/596/449 1480/597/450 1483/598/451 1482/599/452
f 1480/597/450 1481/600/453 1484/601/454 1483/598/451
f 1482/599/452 1483/598/451 1486/602/455 1485/603/456
f 1483/598/451 1484/601/454 1487/604/457 1486/602/455
f 3/103/40 318/605/39 1479/606/449 345/104/89
f 318/605/39 319/607/38 1480/608/450 1479/606/449
f 319/607/38 320/609/36 1481/610/453 1480/608/450
f 320/609/36 27/611/35 351/612/458 1481/610/453
f 1481/600/453 351/613/458 352/614/459 1484/601/454
f 1484/601/454 352/614/459 353/615/460 1487/604/457
f 1487/604/457 353/615/460 32/592/447 341/590/445
f 1486/602/455 1487/604/457 341/590/445 340/589/444
f 1485/603/456 1486/602/455 340/589/444 339/588/443
f 347/110/91 1485/603/456 339/588/443 30/112/92
f 346/108/90 1482/599/452 1485/603/456 347/110/91
f 345/107/89 1479/596/449 1482/599/452 346/108/90
f 1488/616/461 1489/617/462 1492/618/463 1491/619/464
f 1489/617/462 1490/620/465 1493/621/466 1492/618/463
f 1491/619/464 1492/618/463 1495/622/467 1494/623/468
f 1492/618/463 1493/621/466 1496/624/469 1495/622/467
f 25/139/117 314/137/115 1488/616/461 356/625/470
f 314/137/115 313/136/114 1489/617/462 1488/616/461
f 313/136/114 312/135/113 1490/620/465 1489/617/462
f 312/135/113 1/10/10 350/98/86 1490/620/465
f 1490/620/465 350/98/86 349/120/98 1493/621/466
f 1493/621/466 349/120/98 348/118/96 1496/624/469
f 1496/624/469 348/118/96 29/119/97 336/584/442
f 1495/622/467 1496/624/469 336/584/442 337/582/441
f 1494/623/468 1495/622/467 337/582/441 338/579/439
f 354/626/471 1494/623/468 338/579/439 31/578/438
f 355/627/472 1491/619/464 1494/623/468 354/626/471
f 356/625/470 1488/616/461 1491/619/464 355/627/472
f 1497/628/473 1498/629/474 1501/630/475 1500/631/476
f 1498/632/474 1499/633/477 1502/634/478 1501/635/475
f 1500/631/476 1501/630/475 1504/636/479 1503/637/480
f 1501/635/475 1502/634/478 1505/638/481 1504/639/479
f 42/640/482 428/641/483 1497/628/473 410/642/484
f 428/643/483 427/644/485 1498/645/474 1497/646/473
f 427/647/485 426/648/486 1499/649/477 1498/650/474
f 426/648/486 41/651/487 369/652/488 1499/649/477
f 1499/649/477 369/652/488 370/653/489 1502/654/478
f 1502/654/478 370/653/489 371/655/490 1505/656/481
f 1505/656/481 371/655/490 36/657/491 362/658/492
f 1504/639/479 1505/638/481 362/659/492 361/660/493
f 1503/637/480 1504/636/479 361/661/493 360/662/494
f 408/663/495 1503/637/480 360/662/494 35/664/496
f 409/665/497 1500/631/476 1503/637/480 408/663/495
f 410/642/484 1497/628/473 1500/631/476 409/665/497
f 1506/666/498 1507/667/499 1510/668/500 1509/669/501
f 1507/667/499 1508/670/502 1511/671/503 1510/668/500
f 1509/669/501 1510/668/500 1513/672/504 1512/673/505
f 1510/668/500 1511/671/503 1514/674/506 1513/672/504
f 92/675/507 707/676/508 1506/666/498 689/677/509
f 707/676/508 706/678/510 1507/667/499 1506/666/498
f 706/678/510 705/679/511 1508/670/502 1507/667/499
f 705/679/511 91/680/512 393/681/513 1508/670/502
f 1508/670/502 393/681/513 394/682/514 1511/671/503
f 1511/683/503 394/684/514 395/685/515 1514/686/506
f 1514/687/506 395/688/515 38/689/516 387/690/517
f 1513/672/504 1514/674/506 387/691/517 388/692/518
f 1512/673/505 1513/672/504 388/692/518 389/693/519
f 687/694/520 1512/673/505 389/693/519 40/695/521
f 688/696/522 1509/669/501 1512/673/505 687/694/520
f 689/677/509 1506/666/498 1509/669/501 688/696/522
f 1515/697/523 1516/698/524 1519/699/525 1518/700/526
f 1516/698/524 1517/701/527 1520/702/528 1519/699/525
f 1518/700/526 1519/699/525 1522/703/529 1521/704/530
f 1519/699/525 1520/702/528 1523/705/531 1522/703/529
f 41/651/487 425/706/532 1515/697/523 369/652/488
f 425/706/532 424/707/533 1516/698/524 1515/697/523
f 424/707/533 423/708/534 1517/701/527 1516/698/524
f 423/708/534 43/709/535 375/710/536 1517/701/527
f 1517/701/527 375/710/536 376/711/537 1520/702/528
f 1520/702/528 376/711/537 377/712/538 1523/705/531
f 1523/713/531 377/714/538 34/715/539 363/716/540
f 1522/703/529 1523/705/531 363/717/540 364/718/541
f 1521/704/530 1522/703/529 364/718/541 365/719/542
f 371/655/490 1521/704/530 365/719/542 36/657/491
f 370/653/489 1518/700/526 1521/704/530 371/655/490
f 369/652/488 1515/697/523 1518/700/526 370/653/489
f 1524/720/543 1525/721/544 1528/722/545 1527/723/546
f 1525/724/544 1526/725/547 1529/726/548 1528/727/545
f 1527/723/546 1528/722/545 1531/728/549 1530/729/550
f 1528/727/545 1529/726/548 1532/730/551 1531/731/549
f 43/709/535 422/732/552 1524/733/543 375/710/536
f 422/732/552 421/734/553 1525/735/544 1524/733/543
f 421/736/553 420/737/554 1526/725/547 1525/724/544
f 420/737/554 44/738/555 378/739/556 1526/725/547
f 1526/725/547 378/739/556 379/740/557 1529/726/548
f 1529/726/548 379/740/557 380/741/558 1532/730/551
f 1532/730/551 380/741/558 33/742/559 357/743/560
f 1531/731/549 1532/730/551 357/743/560 358/744/561
f 1530/745/550 1531/746/549 358/747/561 359/748/562
f 377/714/538 1530/729/550 359/749/562 34/715/539
f 376/711/537 1527/750/546 1530/751/550 377/712/538
f 375/710/536 1524/733/543 1527/750/546 376/711/537
f 1533/752/563 1534/753/564 1537/754/565 1536/755/566
f 1534/753/564 1535/756/567 1538/757/568 1537/754/565
f 1536/755/566 1537/754/565 1540/758/569 1539/759/570
f 1537/754/565 1538/757/568 1541/760/571 1540/758/569
f 44/761/555 419/762/572 1533/752/563 378/763/556
f 419/762/572 418/764/573 1534/753/564 1533/752/563
f 418/764/573 417/765/574 1535/756/567 1534/753/564
f 417/765/574 42/640/482 410/642/484 1535/756/567
f 1535/756/567 410/642/484 409/665/497 1538/757/568
f 1538/757/568 409/665/497 408/663/495 1541/760/571
f 1541/760/571 408/663/495 35/664/496 366/766/575
f 1540/758/569 1541/760/571 366/766/575 367/767/576
f 1539/759/570 1540/758/569 367/767/576 368/768/577
f 380/769/558 1539/759/570 368/768/577 33/770/559
f 379/771/557 1536/755/566 1539/759/570 380/769/558
f 378/763/556 1533/752/563 1536/755/566 379/771/557
f 1542/772/578 1543/773/579 1546/774/580 1545/775/581
f 1543/773/579 1544/776/582 1547/777/583 1546/774/580
f 1545/775/581 1546/774/580 1549/778/584 1548/779/585
f 1546/774/580 1547/777/583 1550/780/586 1549/778/584
f 39/781/587 384/782/588 1542/772/578 677/783/589
f 384/782/588 385/784/590 1543/773/579 1542/772/578
f 385/784/590 386/785/591 1544/776/582 1543/773/579
f 386/785/591 40/695/521 672/786/592 1544/776/582
f 1544/776/582 672/786/592 673/787/593 1547/777/583
f 1547/777/583 673/787/593 674/788/594 1550/780/586
f 1550/780/586 674/788/594 90/789/595 665/790/596
f 1549/778/584 1550/780/586 665/790/596 664/791/597
f 1548/779/585 1549/778/584 664/791/597 663/792/598
f 675/793/599 1548/779/585 663/792/598 89/794/600
f 676/795/601 1545/775/581 1548/779/585 675/793/599
f 677/783/589 1542/772/578 1545/775/581 676/795/601
f 1551/796/602 1552/797/603 1555/798/604 1554/799/605
f 1552/797/603 1553/800/606 1556/801/607 1555/798/604
f 1554/799/605 1555/798/604 1558/802/608 1557/803/609
f 1555/798/604 1556/801/607 1559/804/610 1558/802/608
f 91/805/512 704/806/611 1551/807/602 393/808/513
f 704/809/611 703/810/612 1552/797/603 1551/796/602
f 703/810/612 702/811/613 1553/800/606 1552/797/603
f 702/812/613 93/813/614 399/814/615 1553/815/606
f 1553/815/606 399/814/615 400/816/616 1556/817/607
f 1556/817/607 400/816/616 401/818/617 1559/819/610
f 1559/819/610 401/818/617 37/820/618 381/821/619
f 1558/802/608 1559/804/610 381/822/619 382/823/620
f 1557/803/609 1558/802/608 382/823/620 383/824/621
f 395/688/515 1557/803/609 383/824/621 38/689/516
f 394/825/514 1554/799/605 1557/803/609 395/688/515
f 393/826/513 1551/796/602 1554/799/605 394/825/514
f 1560/827/622 1561/828/623 1564/829/624 1563/830/625
f 1561/828/623 1562/831/626 1565/832/627 1564/829/624
f 1563/830/625 1564/829/624 1567/833/628 1566/834/629
f 1564/829/624 1565/832/627 1568/835/630 1567/833/628
f 93/836/614 701/837/631 1560/827/622 399/838/615
f 701/837/631 700/839/632 1561/828/623 1560/827/622
f 700/839/632 699/840/633 1562/831/626 1561/828/623
f 699/840/633 94/841/634 402/842/635 1562/831/626
f 1562/831/626 402/842/635 403/843/636 1565/832/627
f 1565/832/627 403/843/636 404/844/637 1568/835/630
f 1568/835/630 404/844/637 39/781/587 390/845/638
f 1567/833/628 1568/835/630 390/845/638 391/846/639
f 1566/834/629 1567/833/628 391/846/639 392/847/640
f 401/848/617 1566/849/629 392/850/640 37/851/618
f 400/852/616 1563/853/625 1566/849/629 401/848/617
f 399/854/615 1560/855/622 1563/853/625 400/852/616
f 1569/856/641 1570/857/642 1573/858/643 1572/859/644
f 1570/857/642 1571/860/645 1574/861/646 1573/858/643
f 1572/859/644 1573/858/643 1576/862/647 1575/863/648
f 1573/858/643 1574/861/646 1577/864/649 1576/862/647
f 94/841/634 698/865/650 1569/856/641 402/842/635
f 698/865/650 697/866/651 1570/857/642 1569/856/641
f 697/866/651 696/867/652 1571/860/645 1570/857/642
f 696/867/652 92/675/507 689/677/509 1571/860/645
f 1571/860/645 689/677/509 688/696/522 1574/861/646
f 1574/861/646 688/696/522 687/694/520 1577/864/649
f 1577/864/649 687/694/520 40/695/521 386/785/591
f 1576/862/647 1577/864/649 386/785/591 385/784/590
f 1575/863/648 1576/862/647 385/784/590 384/782/588
f 404/844/637 1575/863/648 384/782/588 39/781/587
f 403/843/636 1572/859/644 1575/863/648 404/844/637
f 402/842/635 1569/856/641 1572/859/644 403/843/636
f 1578/868/653 1579/869/654 1582/870/655 1581/871/656
f 1579/869/654 1580/872/657 1583/873/658 1582/870/655
f 1581/871/656 1582/870/655 1585/874/659 1584/875/660
f 1582/870/655 1583/873/658 1586/876/661 1585/874/659
f 25/139/117 356/625/470 1578/868/653 414/877/662
f 356/625/470 355/627/472 1579/869/654 1578/868/653
f 355/627/472 354/626/471 1580/872/657 1579/869/654
f 354/626/471 31/578/438 374/878/663 1580/872/657
f 1580/872/657 374/878/663 373/879/664 1583/873/658
f 1583/873/658 373/879/664 372/880/665 1586/876/661
f 1586/876/661 372/880/665 42/640/482 417/765/574
f 1585/874/659 1586/876/661 417/765/574 418/764/573
f 1584/875/660 1585/874/659 418/764/573 419/762/572
f 416/881/666 1584/875/660 419/762/572 44/761/555
f 415/882/667 1581/871/656 1584/875/660 416/881/666
f 414/877/662 1578/868/653 1581/871/656 415/882/667
f 1587/883/668 1588/884/669 1591/885/670 1590/886/671
f 1588/887/669 1589/888/672 1592/889/673 1591/890/670
f 1590/891/671 1591/892/670 1594/893/674 1593/894/675
f 1591/895/670 1592/896/673 1595/897/676 1594/898/674
f 27/899/35 329/900/413 1587/901/668 411/902/677
f 329/903/413 328/904/412 1588/905/669 1587/906/668
f 328/527/412 327/526/411 1589/888/672 1588/887/669
f 327/526/411 25/139/117 414/877/662 1589/888/672
f 1589/888/672 414/877/662 415/882/667 1592/889/673
f 1592/889/673 415/882/667 416/881/666 1595/907/676
f 1595/897/676 416/908/666 44/738/555 420/737/554
f 1594/898/674 1595/897/676 420/737/554 421/736/553
f 1593/894/675 1594/893/674 421/734/553 422/732/552
f 413/909/678 1593/894/675 422/732/552 43/709/535
f 412/910/679 1590/891/671 1593/894/675 413/909/678
f 411/911/677 1587/912/668 1590/891/671 412/910/679
f 1596/913/680 1597/914/681 1600/915/682 1599/916/683
f 1597/914/681 1598/917/684 1601/918/685 1600/915/682
f 1599/916/683 1600/915/682 1603/919/686 1602/920/687
f 1600/915/682 1601/918/685 1604/921/688 1603/919/686
f 32/592/447 353/615/460 1596/913/680 405/922/689
f 353/615/460 352/614/459 1597/914/681 1596/913/680
f 352/614/459 351/613/458 1598/917/684 1597/914/681
f 351/612/458 27/611/35 411/923/677 1598/924/684
f 1598/917/684 411/911/677 412/910/679 1601/918/685
f 1601/918/685 412/910/679 413/909/678 1604/921/688
f 1604/921/688 413/909/678 43/709/535 423/708/534
f 1603/919/686 1604/921/688 423/708/534 424/707/533
f 1602/920/687 1603/919/686 424/707/533 425/706/532
f 407/925/690 1602/920/687 425/706/532 41/651/487
f 406/926/691 1599/916/683 1602/920/687 407/925/690
f 405/922/689 1596/913/680 1599/916/683 406/926/691
f 1605/927/692 1606/928/693 1609/929/694 1608/930/695
f 1606/931/693 1607/932/696 1610/933/697 1609/934/694
f 1608/930/695 1609/929/694 1612/935/698 1611/936/699
f 1609/934/694 1610/933/697 1613/937/700 1612/938/698
f 31/578/438 342/581/440 1605/939/692 374/878/663
f 342/594/440 343/595/448 1606/928/693 1605/927/692
f 343/593/448 344/591/446 1607/932/696 1606/931/693
f 344/591/446 32/592/447 405/922/689 1607/932/696
f 1607/932/696 405/922/689 406/926/691 1610/933/697
f 1610/933/697 406/926/691 407/925/690 1613/937/700
f 1613/937/700 407/925/690 41/651/487 426/648/486
f 1612/938/698 1613/937/700 426/648/486 427/647/485
f 1611/936/699 1612/935/698 427/644/485 428/643/483
f 372/880/665 1611/940/699 428/641/483 42/640/482
f 373/879/664 1608/941/695 1611/940/699 372/880/665
f 374/878/663 1605/939/692 1608/941/695 373/879/664
f 1614/942/701 1615/943/702 1618/944/703 1617/945/704
f 1615/943/702 1616/946/705 1619/947/706 1618/944/703
f 1617/945/704 1618/944/703 1621/948/707 1620/949/708
f 1618/944/703 1619/947/706 1622/950/709 1621/948/707
f 45/951/710 434/952/711 1614/942/701 429/953/712
f 434/952/711 433/954/713 1615/943/702 1614/942/701
f 433/954/713 432/955/714 1616/946/705 1615/943/702
f 432/955/714 47/956/715 440/957/716 1616/946/705
f 1616/946/705 440/957/716 439/958/717 1619/947/706
f 1619/947/706 439/958/717 438/959/718 1622/950/709
f 1622/950/709 438/959/718 48/415/328 437/960/719
f 1621/948/707 1622/950/709 437/960/719 436/961/720
f 1620/949/708 1621/948/707 436/961/720 435/962/721
f 431/963/722 1620/949/708 435/962/721 46/964/723
f 430/965/724 1617/945/704 1620/949/708 431/963/722
f 429/953/712 1614/942/701 1617/945/704 430/965/724
f 1623/966/725 1624/967/726 1627/968/727 1626/969/728
f 1624/967/726 1625/970/729 1628/971/730 1627/968/727
f 1626/969/728 1627/968/727 1630/972/731 1629/973/732
f 1627/968/727 1628/971/730 1631/974/733 1630/972/731
f 22/975/273 290/976/358 1623/966/725 441/977/734
f 290/978/358 289/979/357 1624/980/726 1623/981/725
f 289/982/357 288/454/356 1625/983/729 1624/984/726
f 288/454/356 21/453/355 447/985/735 1625/983/729
f 1625/970/729 447/986/735 448/987/736 1628/971/730
f 1628/971/730 448/987/736 449/988/737 1631/974/733
f 1631/974/733 449/988/737 45/951/710 429/953/712
f 1630/972/731 1631/974/733 429/953/712 430/965/724
f 1629/973/732 1630/972/731 430/965/724 431/963/722
f 443/989/738 1629/973/732 431/963/722 46/964/723
f 442/990/739 1626/969/728 1629/973/732 443/989/738
f 441/977/734 1623/966/725 1626/969/728 442/990/739
f 1632/991/740 1633/992/741 1636/993/742 1635/994/743
f 1633/992/741 1634/995/744 1637/996/745 1636/993/742
f 1635/994/743 1636/993/742 1639/997/746 1638/998/747
f 1636/993/742 1637/996/745 1640/999/748 1639/997/746
f 23/479/373 299/477/371 1632/991/740 452/1000/749
f 299/477/371 298/476/370 1633/992/741 1632/991/740
f 298/476/370 297/1001/369 1634/995/744 1633/992/741
f 297/1001/369 24/420/278 446/419/332 1634/995/744
f 1634/995/744 446/419/332 445/418/331 1637/996/745
f 1637/996/745 445/418/331 444/416/329 1640/999/748
f 1640/999/748 444/416/329 48/415/328 438/959/718
f 1639/997/746 1640/999/748 438/959/718 439/958/717
f 1638/998/747 1639/997/746 439/958/717 440/957/716
f 450/1002/750 1638/998/747 440/957/716 47/956/715
f 451/1003/751 1635/994/743 1638/998/747 450/1002/750
f 452/1000/749 1632/991/740 1635/994/743 451/1003/751
f 1641/1004/752 1642/1005/753 1645/1006/754 1644/1007/755
f 1642/1005/753 1643/1008/756 1646/1009/757 1645/1006/754
f 1644/1007/755 1645/1006/754 1648/1010/758 1647/1011/759
f 1645/1006/754 1646/1009/757 1649/1012/760 1648/1010/758
f 21/495/355 293/493/386 1641/1004/752 447/986/735
f 293/493/386 292/492/385 1642/1005/753 1641/1004/752
f 292/492/385 291/491/384 1643/1008/756 1642/1005/753
f 291/491/384 23/479/373 452/1000/749 1643/1008/756
f 1643/1008/756 452/1000/749 451/1003/751 1646/1009/757
f 1646/1009/757 451/1003/751 450/1002/750 1649/1012/760
f 1649/1012/760 450/1002/750 47/956/715 432/955/714
f 1648/1010/758 1649/1012/760 432/955/714 433/954/713
f 1647/1011/759 1648/1010/758 433/954/713 434/952/711
f 449/988/737 1647/1011/759 434/952/711 45/951/710
f 448/987/736 1644/1007/755 1647/1011/759 449/988/737
f 447/986/735 1641/1004/752 1644/1007/755 448/987/736
f 1650/1013/761 1651/1014/762 1654/1015/763 1653/1016/764
f 1651/1014/762 1652/1017/765 1655/1018/766 1654/1015/763
f 1653/1016/764 1654/1015/763 1657/1019/767 1656/1020/768
f 1654/1015/763 1655/1018/766 1658/1021/769 1657/1019/767
f 49/1022/770 459/1023/771 1650/1013/761 494/1024/772
f 459/1023/771 460/1025/773 1651/1014/762 1650/1013/761
f 460/1025/773 461/1026/774 1652/1017/765 1651/1014/762
f 461/1026/774 51/1027/775 489/1028/776 1652/1017/765
f 1652/1017/765 489/1028/776 490/1029/777 1655/1018/766
f 1655/1018/766 490/1029/777 491/1030/778 1658/1021/769
f 1658/1021/769 491/1030/778 55/1031/779 485/1032/780
f 1657/1019/767 1658/1021/769 485/1032/780 484/1033/781
f 1656/1020/768 1657/1019/767 484/1033/781 483/1034/782
f 492/1035/783 1656/1020/768 483/1034/782 53/1036/784
f 493/1037/785 1653/1016/764 1656/1020/768 492/1035/783
f 494/1024/772 1650/1013/761 1653/1016/764 493/1037/785
f 1659/1038/786 1660/1039/787 1663/1040/788 1662/1041/789
f 1660/1039/787 1661/1042/790 1664/1043/791 1663/1040/788
f 1662/1041/789 1663/1040/788 1666/1044/792 1665/1045/793
f 1663/1040/788 1664/1043/791 1667/1046/794 1666/1044/792
f 24/1047/278 296/1048/276 1659/1049/786 465/1050/333
f 296/1048/276 295/1051/275 1660/1052/787 1659/1049/786
f 295/1051/275 294/1053/274 1661/1054/790 1660/1052/787
f 294/1055/274 22/975/273 471/1056/795 1661/1042/790
f 1661/1042/790 471/1056/795 472/1057/796 1664/1043/791
f 1664/1043/791 472/1057/796 473/1058/797 1667/1046/794
f 1667/1046/794 473/1058/797 49/1022/770 453/1059/798
f 1666/1044/792 1667/1046/794 453/1059/798 454/1060/799
f 1665/1045/793 1666/1044/792 454/1060/799 455/1061/800
f 467/423/335 1665/1045/793 455/1061/800 50/424/336
f 466/422/334 1662/1041/789 1665/1045/793 467/423/335
f 465/421/333 1659/1038/786 1662/1041/789 466/422/334
f 1668/1062/801 1669/1063/802 1672/1064/803 1671/1065/804
f 1669/1063/802 1670/1066/805 1673/1067/806 1672/1064/803
f 1671/1065/804 1672/1064/803 1675/1068/807 1674/1069/808
f 1672/1064/803 1673/1067/806 1676/1070/809 1675/1068/807
f 22/975/273 441/977/734 1668/1062/801 471/1056/795
f 441/977/734 442/990/739 1669/1063/802 1668/1062/801
f 442/990/739 443/989/738 1670/1066/805 1669/1063/802
f 443/989/738 46/964/723 474/1071/810 1670/1066/805
f 1670/1066/805 474/1071/810 475/1072/811 1673/1067/806
f 1673/1067/806 475/1072/811 476/1073/812 1676/1070/809
f 1676/1070/809 476/1073/812 51/1027/775 461/1026/774
f 1675/1068/807 1676/1070/809 461/1026/774 460/1025/773
f 1674/1069/808 1675/1068/807 460/1025/773 459/1023/771
f 473/1058/797 1674/1069/808 459/1023/771 49/1022/770
f 472/1057/796 1671/1065/804 1674/1069/808 473/1058/797
f 471/1056/795 1668/1062/801 1671/1065/804 472/1057/796
f 1677/1074/813 1678/1075/814 1681/1076/815 1680/1077/816
f 1678/1075/814 1679/1078/817 1682/1079/818 1681/1076/815
f 1680/1077/816 1681/1076/815 1684/1080/819 1683/1081/820
f 1681/1076/815 1682/1079/818 1685/1082/821 1684/1080/819
f 46/964/723 435/962/721 1677/1074/813 474/1071/810
f 435/962/721 436/961/720 1678/1075/814 1677/1074/813
f 436/961/720 437/960/719 1679/1078/817 1678/1075/814
f 437/960/719 48/415/328 470/417/330 1679/1078/817
f 1679/1078/817 470/417/330 469/430/342 1682/1079/818
f 1682/1079/818 469/430/342 468/428/340 1685/1082/821
f 1685/1082/821 468/428/340 52/429/341 458/1083/822
f 1684/1080/819 1685/1082/821 458/1083/822 457/1084/823
f 1683/1081/820 1684/1080/819 457/1084/823 456/1085/824
f 476/1073/812 1683/1081/820 456/1085/824 51/1027/775
f 475/1072/811 1680/1077/816 1683/1081/820 476/1073/812
f 474/1071/810 1677/1074/813 1680/1077/816 475/1072/811
f 1686/1086/825 1687/1087/826 1690/1088/826 1689/1089/826
f 1687/1087/826 1688/1090/826 1691/1091/826 1690/1088/826
f 1689/1089/826 1690/1088/826 1693/1092/825 1692/1093/826
f 1690/1088/826 1691/1091/826 1694/1094/825 1693/1092/825
f 54/1095/827 479/1096/828 1686/1086/825 488/1097/829
f 479/1096/828 478/1098/830 1687/1087/826 1686/1086/825
f 478/1098/830 477/1099/831 1688/1090/826 1687/1087/826
f 477/1099/831 53/1036/784 483/1034/782 1688/1090/826
f 1688/1090/826 483/1034/782 484/1033/781 1691/1091/826
f 1691/1091/826 484/1033/781 485/1032/780 1694/1094/825
f 1694/1094/825 485/1032/780 55/1031/779 480/1100/832
f 1693/1092/825 1694/1094/825 480/1100/832 481/1101/833
f 1692/1093/826 1693/1092/825 481/1101/833 482/1102/834
f 486/1103/835 1692/1093/826 482/1102/834 56/1104/836
f 487/1105/837 1689/1089/826 1692/1093/826 486/1103/835
f 488/1097/829 1686/1086/825 1689/1089/826 487/1105/837
f 1695/1106/838 1696/1107/839 1699/1108/840 1698/1109/841
f 1696/1107/839 1697/1110/842 1700/1111/843 1699/1108/840
f 1698/1109/841 1699/1108/840 1702/1112/844 1701/1113/845
f 1699/1108/840 1700/1111/843 1703/1114/846 1702/1112/844
f 50/424/336 455/1061/800 1695/1106/838 497/1115/847
f 455/1061/800 454/1060/799 1696/1107/839 1695/1106/838
f 454/1060/799 453/1059/798 1697/1110/842 1696/1107/839
f 453/1059/798 49/1022/770 494/1024/772 1697/1110/842
f 1697/1110/842 494/1024/772 493/1037/785 1700/1111/843
f 1700/1111/843 493/1037/785 492/1035/783 1703/1114/846
f 1703/1114/846 492/1035/783 53/1036/784 477/1099/831
f 1702/1112/844 1703/1114/846 477/1099/831 478/1098/830
f 1701/1113/845 1702/1112/844 478/1098/830 479/1096/828
f 495/1116/848 1701/1113/845 479/1096/828 54/1095/827
f 496/1117/849 1698/1109/841 1701/1113/845 495/1116/848
f 497/1115/847 1695/1106/838 1698/1109/841 496/1117/849
f 1704/1118/850 1705/1119/851 1708/1120/852 1707/1121/853
f 1705/1119/851 1706/1122/854 1709/1123/855 1708/1120/852
f 1707/1121/853 1708/1120/852 1711/1124/856 1710/1125/857
f 1708/1120/852 1709/1123/855 1712/1126/858 1711/1124/856
f 52/429/341 462/427/339 1704/1118/850 500/1127/859
f 462/427/339 463/426/338 1705/1119/851 1704/1118/850
f 463/426/338 464/425/337 1706/1122/854 1705/1119/851
f 464/425/337 50/424/336 497/1115/847 1706/1122/854
f 1706/1122/854 497/1115/847 496/1117/849 1709/1123/855
f 1709/1123/855 496/1117/849 495/1116/848 1712/1126/858
f 1712/1126/858 495/1116/848 54/1095/827 488/1097/829
f 1711/1124/856 1712/1126/858 488/1097/829 487/1105/837
f 1710/1125/857 1711/1124/856 487/1105/837 486/1103/835
f 498/1128/860 1710/1125/857 486/1103/835 56/1104/836
f 499/1129/861 1707/1121/853 1710/1125/857 498/1128/860
f 500/1127/859 1704/1118/850 1707/1121/853 499/1129/861
f 1713/1130/862 1714/1131/863 1717/1132/864 1716/1133/865
f 1714/1131/863 1715/1134/866 1718/1135/867 1717/1132/864
f 1716/1133/865 1717/1132/864 1720/1136/868 1719/1137/869
f 1717/1132/864 1718/1135/867 1721/1138/870 1720/1136/868
f 51/1027/775 456/1085/824 1713/1130/862 489/1028/776
f 456/1085/824 457/1084/823 1714/1131/863 1713/1130/862
f 457/1084/823 458/1083/822 1715/1134/866 1714/1131/863
f 458/1083/822 52/429/341 500/1127/859 1715/1134/866
f 1715/1134/866 500/1127/859 499/1129/861 1718/1135/867
f 1718/1135/867 499/1129/861 498/1128/860 1721/1138/870
f 1721/1138/870 498/1128/860 56/1104/836 482/1102/834
f 1720/1136/868 1721/1138/870 482/1102/834 481/1101/833
f 1719/1137/869 1720/1136/868 481/1101/833 480/1100/832
f 491/1030/778 1719/1137/869 480/1100/832 55/1031/779
f 490/1029/777 1716/1133/865 1719/1137/869 491/1030/778
f 489/1028/776 1713/1130/862 1716/1133/865 490/1029/777
f 1722/1139/871 1723/1140/872 1726/1141/873 1725/1142/874
f 1723/1140/872 1724/1143/875 1727/1144/876 1726/1141/873
f 1725/1142/874 1726/1141/873 1729/1145/877 1728/1146/878
f 1726/1141/873 1727/1144/876 1730/1147/879 1729/1145/877
f 85/1148/880 659/1149/881 1722/1139/871 647/1150/882
f 659/1149/881 658/1151/883 1723/1140/872 1722/1139/871
f 658/1151/883 657/1152/884 1724/1143/875 1723/1140/872
f 657/1152/884 84/1153/885 534/1154/886 1724/1143/875
f 1724/1143/875 534/1154/886 535/1155/887 1727/1144/876
f 1727/1144/876 535/1155/887 536/1156/888 1730/1147/879
f 1730/1147/879 536/1156/888 64/1157/889 531/1158/890
f 1729/1145/877 1730/1147/879 531/1158/890 532/1159/891
f 1728/1146/878 1729/1145/877 532/1159/891 533/1160/892
f 645/1161/893 1728/1146/878 533/1160/892 63/1162/894
f 646/1163/895 1725/1142/874 1728/1146/878 645/1161/893
f 647/1150/882 1722/1139/871 1725/1142/874 646/1163/895
f 1731/1164/896 1732/1165/897 1735/1166/898 1734/1167/899
f 1732/1168/897 1733/1169/900 1736/1170/901 1735/1171/898
f 1734/1172/899 1735/1173/898 1738/1174/902 1737/1175/903
f 1735/1176/898 1736/1177/901 1739/1178/904 1738/1179/902
f 7/50/44 203/49/43 1731/1164/896 524/1180/905
f 203/49/43 202/48/42 1732/1165/897 1731/1164/896
f 202/47/42 201/46/41 1733/1181/900 1732/1182/897
f 201/46/41 3/45/40 519/1183/906 1733/1181/900
f 1733/1184/900 519/1185/906 520/1186/907 1736/1187/901
f 1736/1187/901 520/1186/907 521/1188/908 1739/1189/904
f 1739/1189/904 521/1188/908 57/1190/909 501/1191/910
f 1738/1192/902 1739/1193/904 501/1194/910 502/1195/911
f 1737/1196/903 1738/1197/902 502/1198/911 503/1199/912
f 522/1200/913 1737/1196/903 503/1199/912 58/1201/914
f 523/1202/915 1734/1172/899 1737/1175/903 522/1203/913
f 524/1204/905 1731/1205/896 1734/1172/899 523/1202/915
f 1740/1206/916 1741/1207/917 1744/1208/918 1743/1209/919
f 1741/1210/917 1742/1211/920 1745/1212/921 1744/1213/918
f 1743/1209/919 1744/1208/918 1747/1214/922 1746/1215/923
f 1744/1213/918 1745/1212/921 1748/1216/924 1747/1217/922
f 3/45/40 206/1218/88 1740/1219/916 519/1183/906
f 206/1220/88 205/1221/87 1741/1222/917 1740/1223/916
f 205/99/87 204/97/85 1742/1211/920 1741/1210/917
f 204/97/85 1/10/10 518/12/12 1742/1211/920
f 1742/1211/920 518/12/12 517/25/25 1745/1212/921
f 1745/1212/921 517/25/25 516/23/23 1748/1216/924
f 1748/1216/924 516/23/23 59/24/24 504/1224/925
f 1747/1217/922 1748/1216/924 504/1224/925 505/1225/926
f 1746/1226/923 1747/1227/922 505/1228/926 506/1229/927
f 521/1188/908 1746/1230/923 506/1231/927 57/1190/909
f 520/1186/907 1743/1232/919 1746/1230/923 521/1188/908
f 519/1233/906 1740/1234/916 1743/1235/919 520/1236/907
f 1749/1237/928 1750/1238/929 1753/1239/930 1752/1240/931
f 1750/1238/929 1751/1241/932 1754/1242/933 1753/1239/930
f 1752/1240/931 1753/1239/930 1756/1243/934 1755/1244/935
f 1753/1239/930 1754/1242/933 1757/1245/936 1756/1243/934
f 63/1162/894 533/1160/892 1749/1237/928 560/1246/937
f 533/1160/892 532/1159/891 1750/1238/929 1749/1237/928
f 532/1159/891 531/1158/890 1751/1241/932 1750/1238/929
f 531/1158/890 64/1157/889 555/1247/938 1751/1241/932
f 1751/1241/932 555/1247/938 556/1248/939 1754/1242/933
f 1754/1242/933 556/1248/939 557/1249/940 1757/1245/936
f 1757/1245/936 557/1249/940 68/1250/941 552/1251/942
f 1756/1243/934 1757/1245/936 552/1251/942 553/1252/943
f 1755/1244/935 1756/1243/934 553/1252/943 554/1253/944
f 558/1254/945 1755/1244/935 554/1253/944 67/1255/946
f 559/1256/947 1752/1240/931 1755/1244/935 558/1254/945
f 560/1246/937 1749/1237/928 1752/1240/931 559/1256/947
f 1758/1257/948 1759/1258/949 1762/1259/950 1761/1260/951
f 1759/1258/949 1760/1261/952 1763/1262/953 1762/1259/950
f 1761/1260/951 1762/1259/950 1765/1263/954 1764/1264/955
f 1762/1259/950 1763/1262/953 1766/1265/956 1765/1263/954
f 86/1266/957 656/1267/958 1758/1257/948 650/1268/959
f 656/1267/958 655/1269/960 1759/1258/949 1758/1257/948
f 655/1269/960 654/1270/961 1760/1261/952 1759/1258/949
f 654/1270/961 85/1148/880 647/1150/882 1760/1261/952
f 1760/1261/952 647/1150/882 646/1163/895 1763/1262/953
f 1763/1262/953 646/1163/895 645/1161/893 1766/1265/956
f 1766/1265/956 645/1161/893 63/1162/894 525/1271/962
f 1765/1263/954 1766/1265/956 525/1271/962 526/1272/963
f 1764/1264/955 1765/1263/954 526/1272/963 527/1273/964
f 648/1274/965 1764/1264/955 527/1273/964 61/1275/966
f 649/1276/967 1761/1260/951 1764/1264/955 648/1274/965
f 650/1268/959 1758/1257/948 1761/1260/951 649/1276/967
f 1767/1277/968 1768/1278/969 1771/1279/970 1770/1280/971
f 1768/1278/969 1769/1281/972 1772/1282/973 1771/1279/970
f 1770/1280/971 1771/1279/970 1774/1283/974 1773/1284/975
f 1771/1279/970 1772/1282/973 1775/1285/976 1774/1283/974
f 78/1286/977 653/1287/978 1767/1277/968 641/1288/979
f 653/1287/978 652/1289/980 1768/1278/969 1767/1277/968
f 652/1289/980 651/1290/981 1769/1281/972 1768/1278/969
f 651/1291/981 86/1292/957 650/1293/959 1769/1294/972
f 1769/1294/972 650/1293/959 649/1295/967 1772/1296/973
f 1772/1296/973 649/1295/967 648/1297/965 1775/1298/976
f 1775/1299/976 648/1274/965 61/1275/966 210/1300/982
f 1774/1283/974 1775/1285/976 210/1301/982 211/1302/983
f 1773/1284/975 1774/1283/974 211/1302/983 212/1303/984
f 639/1304/985 1773/1284/975 212/1303/984 62/1305/986
f 640/1306/987 1770/1280/971 1773/1284/975 639/1304/985
f 641/1288/979 1767/1277/968 1770/1280/971 640/1306/987
f 1776/1307/988 1777/1308/989 1780/1309/990 1779/1310/991
f 1777/1308/989 1778/1311/992 1781/1312/993 1780/1309/990
f 1779/1310/991 1780/1309/990 1783/1313/994 1782/1314/995
f 1780/1309/990 1781/1312/993 1784/1315/996 1783/1313/994
f 62/1305/986 212/1303/984 1776/1307/988 578/1316/997
f 212/1303/984 211/1302/983 1777/1308/989 1776/1307/988
f 211/1302/983 210/1301/982 1778/1311/992 1777/1308/989
f 210/1300/982 61/1275/966 564/1317/998 1778/1318/992
f 1778/1318/992 564/1317/998 565/1319/999 1781/1320/993
f 1781/1312/993 565/1321/999 566/1322/1000 1784/1315/996
f 1784/1315/996 566/1322/1000 73/1323/1001 585/1324/1002
f 1783/1313/994 1784/1315/996 585/1324/1002 586/1325/1003
f 1782/1314/995 1783/1313/994 586/1325/1003 587/1326/1004
f 576/1327/1005 1782/1314/995 587/1326/1004 74/1328/1006
f 577/1329/1007 1779/1310/991 1782/1314/995 576/1327/1005
f 578/1316/997 1776/1307/988 1779/1310/991 577/1329/1007
f 1785/1330/1008 1786/1331/1009 1789/1332/1010 1788/1333/1011
f 1786/1331/1009 1787/1334/1012 1790/1335/1013 1789/1332/1010
f 1788/1333/1011 1789/1332/1010 1792/1336/1014 1791/1337/1015
f 1789/1332/1010 1790/1335/1013 1793/1338/1016 1792/1336/1014
f 61/1275/966 527/1273/964 1785/1330/1008 563/1339/1017
f 527/1273/964 526/1272/963 1786/1331/1009 1785/1330/1008
f 526/1272/963 525/1271/962 1787/1334/1012 1786/1331/1009
f 525/1271/962 63/1162/894 560/1246/937 1787/1334/1012
f 1787/1334/1012 560/1246/937 559/1256/947 1790/1335/1013
f 1790/1335/1013 559/1256/947 558/1254/945 1793/1338/1016
f 1793/1338/1016 558/1254/945 67/1255/946 546/1340/1018
f 1792/1336/1014 1793/1338/1016 546/1340/1018 547/1341/1019
f 1791/1337/1015 1792/1336/1014 547/1341/1019 548/1342/1020
f 561/1343/1021 1791/1337/1015 548/1342/1020 65/1344/1022
f 562/1345/1023 1788/1333/1011 1791/1337/1015 561/1343/1021
f 563/1339/1017 1785/1330/1008 1788/1333/1011 562/1345/1023
f 1794/1346/1024 1795/1347/1025 1798/1348/1026 1797/1349/1027
f 1795/1347/1025 1796/1350/1028 1799/1351/1029 1798/1348/1026
f 1797/1349/1027 1798/1348/1026 1801/1352/1030 1800/1353/1031
f 1798/1348/1026 1799/1351/1029 1802/1354/1032 1801/1352/1030
f 65/1344/1022 549/1355/1033 1794/1346/1024 608/1356/1034
f 549/1355/1033 550/1357/1035 1795/1347/1025 1794/1346/1024
f 550/1357/1035 551/1358/1036 1796/1350/1028 1795/1347/1025
f 551/1358/1036 69/1359/1037 543/1360/1038 1796/1350/1028
f 1796/1350/1028 543/1360/1038 544/1361/1039 1799/1351/1029
f 1799/1351/1029 544/1361/1039 545/1362/1040 1802/1354/1032
f 1802/1354/1032 545/1362/1040 75/1363/1041 596/1364/1042
f 1801/1352/1030 1802/1354/1032 596/1364/1042 595/1365/1043
f 1800/1353/1031 1801/1352/1030 595/1365/1043 594/1366/1044
f 606/1367/1045 1800/1353/1031 594/1366/1044 77/1368/1046
f 607/1369/1047 1797/1349/1027 1800/1353/1031 606/1367/1045
f 608/1356/1034 1794/1346/1024 1797/1349/1027 607/1369/1047
f 1803/1370/1048 1804/1371/1049 1807/1372/1050 1806/1373/1051
f 1804/1371/1049 1805/1374/1052 1808/1375/1053 1807/1372/1050
f 1806/1373/1051 1807/1372/1050 1810/1376/1054 1809/1377/1055
f 1807/1372/1050 1808/1375/1053 1811/1378/1056 1810/1376/1054
f 71/1379/1057 575/1380/1058 1803/1370/1048 567/1381/1059
f 575/1380/1058 574/1382/1060 1804/1371/1049 1803/1370/1048
f 574/1382/1060 573/1383/1061 1805/1374/1052 1804/1371/1049
f 573/1383/1061 72/1384/1062 572/1385/1063 1805/1374/1052
f 1805/1374/1052 572/1385/1063 571/1386/1064 1808/1375/1053
f 1808/1375/1053 571/1386/1064 570/1387/1065 1811/1378/1056
f 1811/1378/1056 570/1387/1065 70/1388/1066 530/1389/1067
f 1810/1376/1054 1811/1378/1056 530/1389/1067 529/1390/1068
f 1809/1377/1055 1810/1376/1054 529/1390/1068 528/1391/1069
f 569/1392/1070 1809/1377/1055 528/1391/1069 69/1359/1037
f 568/1393/1071 1806/1373/1051 1809/1377/1055 569/1392/1070
f 567/1381/1059 1803/1370/1048 1806/1373/1051 568/1393/1071
f 1812/1394/1072 1813/1395/1073 1816/1396/1074 1815/1397/1075
f 1813/1395/1073 1814/1398/1076 1817/1399/1077 1816/1396/1074
f 1815/1397/1075 1816/1396/1074 1819/1400/1078 1818/1401/1079
f 1816/1396/1074 1817/1399/1077 1820/1402/1080 1819/1400/1078
f 67/1255/946 554/1253/944 1812/1394/1072 584/1403/1081
f 554/1253/944 553/1252/943 1813/1395/1073 1812/1394/1072
f 553/1252/943 552/1251/942 1814/1398/1076 1813/1395/1073
f 552/1251/942 68/1250/941 579/1404/1082 1814/1398/1076
f 1814/1398/1076 579/1404/1082 580/1405/1083 1817/1399/1077
f 1817/1399/1077 580/1405/1083 581/1406/1084 1820/1402/1080
f 1820/1402/1080 581/1406/1084 72/1384/1062 573/1383/1061
f 1819/1400/1078 1820/1402/1080 573/1383/1061 574/1382/1060
f 1818/1401/1079 1819/1400/1078 574/1382/1060 575/1380/1058
f 582/1407/1085 1818/1401/1079 575/1380/1058 71/1379/1057
f 583/1408/1086 1815/1397/1075 1818/1401/1079 582/1407/1085
f 584/1403/1081 1812/1394/1072 1815/1397/1075 583/1408/1086
f 1821/1409/1087 1822/1410/1088 1825/1411/1089 1824/1412/1090
f 1822/1410/1088 1823/1413/1091 1826/1414/1092 1825/1411/1089
f 1824/1412/1090 1825/1411/1089 1828/1415/1093 1827/1416/1094
f 1825/1411/1089 1826/1414/1092 1829/1417/1095 1828/1415/1093
f 65/1344/1022 548/1342/1020 1821/1409/1087 549/1355/1033
f 548/1342/1020 547/1341/1019 1822/1410/1088 1821/1409/1087
f 547/1341/1019 546/1340/1018 1823/1413/1091 1822/1410/1088
f 546/1340/1018 67/1255/946 584/1403/1081 1823/1413/1091
f 1823/1413/1091 584/1403/1081 583/1408/1086 1826/1414/1092
f 1826/1414/1092 583/1408/1086 582/1407/1085 1829/1417/1095
f 1829/1417/1095 582/1407/1085 71/1379/1057 567/1381/1059
f 1828/1415/1093 1829/1417/1095 567/1381/1059 568/1393/1071
f 1827/1416/1094 1828/1415/1093 568/1393/1071 569/1392/1070
f 551/1358/1036 1827/1416/1094 569/1392/1070 69/1359/1037
f 550/1357/1035 1824/1412/1090 1827/1416/1094 551/1358/1036
f 549/1355/1033 1821/1409/1087 1824/1412/1090 550/1357/1035
f 1830/1418/1096 1831/1419/1097 1834/1420/1098 1833/1421/1099
f 1831/1419/1097 1832/1422/1100 1835/1423/1101 1834/1420/1098
f 1833/1421/1099 1834/1420/1098 1837/1424/1102 1836/1425/1103
f 1834/1420/1098 1835/1423/1101 1838/1426/1104 1837/1424/1102
f 74/1427/1006 587/1428/1004 1830/1418/1096 635/1429/1105
f 587/1428/1004 586/1430/1003 1831/1419/1097 1830/1418/1096
f 586/1430/1003 585/1431/1002 1832/1422/1100 1831/1419/1097
f 585/1432/1002 73/1433/1001 593/1434/1106 1832/1435/1100
f 1832/1422/1100 593/1436/1106 592/1437/1107 1835/1423/1101
f 1835/1423/1101 592/1437/1107 591/1438/1108 1838/1426/1104
f 1838/1426/1104 591/1438/1108 66/1439/1109 612/1440/1110
f 1837/1424/1102 1838/1426/1104 612/1440/1110 613/1441/1111
f 1836/1425/1103 1837/1424/1102 613/1441/1111 614/1442/1112
f 633/1443/1113 1836/1425/1103 614/1442/1112 79/1444/1114
f 634/1445/1115 1833/1421/1099 1836/1425/1103 633/1443/1113
f 635/1429/1105 1830/1418/1096 1833/1421/1099 634/1445/1115
f 1839/1446/1116 1840/1447/1117 1843/1448/1118 1842/1449/1119
f 1840/1447/1117 1841/1450/1120 1844/1451/1121 1843/1448/1118
f 1842/1449/1119 1843/1448/1118 1846/1452/1122 1845/1453/1123
f 1843/1448/1118 1844/1451/1121 1847/1454/1124 1846/1452/1122
f 73/1455/1001 599/1456/1125 1839/1457/1116 593/1458/1106
f 599/1456/1125 598/1459/1126 1840/1460/1117 1839/1457/1116
f 598/1459/1126 597/1461/1127 1841/1462/1120 1840/1460/1117
f 597/1461/1127 77/1368/1046 603/1463/1128 1841/1462/1120
f 1841/1450/1120 603/1464/1128 604/1465/1129 1844/1451/1121
f 1844/1451/1121 604/1465/1129 605/1466/1130 1847/1454/1124
f 1847/1454/1124 605/1466/1130 82/1467/1131 624/1468/1132
f 1846/1452/1122 1847/1454/1124 624/1468/1132 625/1469/1133
f 1845/1453/1123 1846/1452/1122 625/1469/1133 626/1470/1134
f 591/1438/1108 1845/1453/1123 626/1470/1134 66/1439/1109
f 592/1437/1107 1842/1449/1119 1845/1453/1123 591/1438/1108
f 593/1436/1106 1839/1446/1116 1842/1449/1119 592/1437/1107
f 1848/1471/1135 1849/1472/1136 1852/1473/1137 1851/1474/1138
f 1849/1472/1136 1850/1475/1139 1853/1476/1140 1852/1473/1137
f 1851/1474/1138 1852/1473/1137 1855/1477/1141 1854/1478/1142
f 1852/1473/1137 1853/1476/1140 1856/1479/1143 1855/1477/1141
f 69/1359/1037 528/1391/1069 1848/1471/1135 543/1360/1038
f 528/1391/1069 529/1390/1068 1849/1472/1136 1848/1471/1135
f 529/1390/1068 530/1389/1067 1850/1475/1139 1849/1472/1136
f 530/1389/1067 70/1388/1066 609/1480/1144 1850/1475/1139
f 1850/1475/1139 609/1480/1144 610/1481/1145 1853/1476/1140
f 1853/1476/1140 610/1481/1145 611/1482/1146 1856/1479/1143
f 1856/1479/1143 611/1482/1146 76/1483/1147 590/1484/1148
f 1855/1477/1141 1856/1479/1143 590/1484/1148 589/1485/1149
f 1854/1478/1142 1855/1477/1141 589/1485/1149 588/1486/1150
f 545/1362/1040 1854/1478/1142 588/1486/1150 75/1363/1041
f 544/1361/1039 1851/1474/1138 1854/1478/1142 545/1362/1040
f 543/1360/1038 1848/1471/1135 1851/1474/1138 544/1361/1039
f 1857/1487/1151 1858/1488/1152 1861/1489/1153 1860/1490/1154
f 1858/1488/1152 1859/1491/1155 1862/1492/1156 1861/1489/1153
f 1860/1490/1154 1861/1489/1153 1864/1493/1157 1863/1494/1158
f 1861/1489/1153 1862/1492/1156 1865/1495/1159 1864/1493/1157
f 61/1275/966 563/1339/1017 1857/1487/1151 564/1317/998
f 563/1339/1017 562/1345/1023 1858/1488/1152 1857/1487/1151
f 562/1345/1023 561/1343/1021 1859/1491/1155 1858/1488/1152
f 561/1343/1021 65/1344/1022 608/1356/1034 1859/1491/1155
f 1859/1491/1155 608/1356/1034 607/1369/1047 1862/1492/1156
f 1862/1492/1156 607/1369/1047 606/1367/1045 1865/1495/1159
f 1865/1495/1159 606/1367/1045 77/1368/1046 597/1461/1127
f 1864/1493/1157 1865/1495/1159 597/1461/1127 598/1459/1126
f 1863/1494/1158 1864/1493/1157 598/1459/1126 599/1456/1125
f 566/1496/1000 1863/1494/1158 599/1456/1125 73/1455/1001
f 565/1497/999 1860/1498/1154 1863/1499/1158 566/1500/1000
f 564/1317/998 1857/1487/1151 1860/1490/1154 565/1319/999
f 1866/1501/1160 1867/1502/1161 1870/1503/1162 1869/1504/1163
f 1867/1502/1161 1868/1505/1164 1871/1506/1165 1870/1503/1162
f 1869/1504/1163 1870/1503/1162 1873/1507/1166 1872/1508/1167
f 1870/1503/1162 1871/1506/1165 1874/1509/1168 1873/1507/1166
f 83/1510/1169 620/1511/1170 1866/1501/1160 632/1512/1171
f 620/1511/1170 619/1513/1172 1867/1502/1161 1866/1501/1160
f 619/1513/1172 618/1514/1173 1868/1505/1164 1867/1502/1161
f 618/1514/1173 82/1467/1131 621/1515/1174 1868/1505/1164
f 1868/1505/1164 621/1515/1174 622/1516/1175 1871/1506/1165
f 1871/1506/1165 622/1516/1175 623/1517/1176 1874/1509/1168
f 1874/1509/1168 623/1517/1176 80/1518/1177 615/1519/1178
f 1873/1507/1166 1874/1509/1168 615/1519/1178 616/1520/1179
f 1872/1508/1167 1873/1507/1166 616/1520/1179 617/1521/1180
f 630/1522/1181 1872/1508/1167 617/1521/1180 81/1523/1182
f 631/1524/1183 1869/1504/1163 1872/1508/1167 630/1522/1181
f 632/1512/1171 1866/1501/1160 1869/1504/1163 631/1524/1183
f 1875/1525/1184 1876/1526/1185 1879/1527/1186 1878/1528/1187
f 1876/1526/1185 1877/1529/1188 1880/1530/1189 1879/1527/1186
f 1878/1528/1187 1879/1527/1186 1882/1531/1190 1881/1532/1191
f 1879/1527/1186 1880/1530/1189 1883/1533/1192 1882/1531/1190
f 79/1444/1114 614/1442/1112 1875/1525/1184 629/1534/1193
f 614/1442/1112 613/1441/1111 1876/1526/1185 1875/1525/1184
f 613/1441/1111 612/1440/1110 1877/1529/1188 1876/1526/1185
f 612/1440/1110 66/1439/1109 626/1470/1134 1877/1529/1188
f 1877/1529/1188 626/1470/1134 625/1469/1133 1880/1530/1189
f 1880/1530/1189 625/1469/1133 624/1468/1132 1883/1533/1192
f 1883/1533/1192 624/1468/1132 82/1467/1131 618/1514/1173
f 1882/1531/1190 1883/1533/1192 618/1514/1173 619/1513/1172
f 1881/1532/1191 1882/1531/1190 619/1513/1172 620/1511/1170
f 627/1535/1194 1881/1532/1191 620/1511/1170 83/1510/1169
f 628/1536/1195 1878/1528/1187 1881/1532/1191 627/1535/1194
f 629/1534/1193 1875/1525/1184 1878/1528/1187 628/1536/1195
f 1884/1537/1196 1885/1538/1197 1888/1539/1198 1887/1540/1199
f 1885/1538/1197 1886/1541/1200 1889/1542/1201 1888/1539/1198
f 1887/1540/1199 1888/1539/1198 1891/1543/1202 1890/1544/1203
f 1888/1539/1198 1889/1542/1201 1892/1545/1204 1891/1543/1202
f 77/1368/1046 594/1366/1044 1884/1546/1196 603/1463/1128
f 594/1366/1044 595/1365/1043 1885/1547/1197 1884/1546/1196
f 595/1365/1043 596/1364/1042 1886/1548/1200 1885/1547/1197
f 596/1549/1042 75/1550/1041 600/1551/1205 1886/1552/1200
f 1886/1541/1200 600/1553/1205 601/1554/1206 1889/1542/1201
f 1889/1542/1201 601/1554/1206 602/1555/1207 1892/1545/1204
f 1892/1545/1204 602/1555/1207 80/1518/1177 623/1517/1176
f 1891/1543/1202 1892/1545/1204 623/1517/1176 622/1516/1175
f 1890/1544/1203 1891/1543/1202 622/1516/1175 621/1515/1174
f 605/1466/1130 1890/1544/1203 621/1515/1174 82/1467/1131
f 604/1465/1129 1887/1540/1199 1890/1544/1203 605/1466/1130
f 603/1464/1128 1884/1537/1196 1887/1540/1199 604/1465/1129
f 1893/1556/1208 1894/1557/1209 1897/1558/1210 1896/1559/1211
f 1894/1557/1209 1895/1560/1212 1898/1561/1213 1897/1558/1210
f 1896/1559/1211 1897/1558/1210 1900/1562/1214 1899/1563/1215
f 1897/1558/1210 1898/1561/1213 1901/1564/1216 1900/1562/1214
f 75/1550/1041 588/1565/1150 1893/1566/1208 600/1551/1205
f 588/1565/1150 589/1567/1149 1894/1568/1209 1893/1566/1208
f 589/1485/1149 590/1484/1148 1895/1569/1212 1894/1570/1209
f 590/1484/1148 76/1483/1147 636/1571/1217 1895/1569/1212
f 1895/1560/1212 636/1572/1217 637/1573/1218 1898/1561/1213
f 1898/1561/1213 637/1573/1218 638/1574/1219 1901/1564/1216
f 1901/1564/1216 638/1574/1219 81/1523/1182 617/1521/1180
f 1900/1562/1214 1901/1564/1216 617/1521/1180 616/1520/1179
f 1899/1563/1215 1900/1562/1214 616/1520/1179 615/1519/1178
f 602/1555/1207 1899/1563/1215 615/1519/1178 80/1518/1177
f 601/1554/1206 1896/1559/1211 1899/1563/1215 602/1555/1207
f 600/1553/1205 1893/1556/1208 1896/1559/1211 601/1554/1206
f 1902/1575/1220 1903/1576/1221 1906/1577/1222 1905/1578/1223
f 1903/1576/1221 1904/1579/1224 1907/1580/1225 1906/1577/1222
f 1905/1578/1223 1906/1577/1222 1909/1581/1226 1908/1582/1227
f 1906/1577/1222 1907/1580/1225 1910/1583/1228 1909/1581/1226
f 58/1201/914 503/1199/912 1902/1584/1220 509/1585/1229
f 503/1199/912 502/1198/911 1903/1586/1221 1902/1584/1220
f 502/1587/911 501/1588/910 1904/1589/1224 1903/1590/1221
f 501/1591/910 57/1592/909 542/1593/1230 1904/1594/1224
f 1904/1595/1224 542/1596/1230 541/1597/1231 1907/1598/1225
f 1907/1599/1225 541/1600/1231 540/1601/1232 1910/1602/1228
f 1910/1603/1228 540/1604/1232 86/1605/957 651/1606/981
f 1909/1607/1226 1910/1608/1228 651/1609/981 652/1610/980
f 1908/1611/1227 1909/1612/1226 652/1613/980 653/1614/978
f 507/1615/1233 1908/1611/1227 653/1614/978 78/1616/977
f 508/1617/1234 1905/1578/1223 1908/1582/1227 507/1618/1233
f 509/1619/1229 1902/1575/1220 1905/1578/1223 508/1617/1234
f 1911/1620/1235 1912/1621/1236 1915/1622/1237 1914/1623/1238
f 1912/1624/1236 1913/1625/1239 1916/1626/1240 1915/1627/1237
f 1914/1623/1238 1915/1622/1237 1918/1628/1241 1917/1629/1242
f 1915/1627/1237 1916/1626/1240 1919/1630/1243 1918/1631/1241
f 57/1632/909 506/1633/927 1911/1634/1235 542/1635/1230
f 506/1229/927 505/1228/926 1912/1636/1236 1911/1637/1235
f 505/1225/926 504/1224/925 1913/1625/1239 1912/1624/1236
f 504/1224/925 59/24/24 539/1638/1244 1913/1625/1239
f 1913/1625/1239 539/1638/1244 538/1639/1245 1916/1626/1240
f 1916/1626/1240 538/1639/1245 537/1640/1246 1919/1630/1243
f 1919/1630/1243 537/1640/1246 85/1148/880 654/1270/961
f 1918/1631/1241 1919/1630/1243 654/1270/961 655/1269/960
f 1917/1641/1242 1918/1631/1241 655/1269/960 656/1267/958
f 540/1642/1232 1917/1641/1242 656/1267/958 86/1266/957
f 541/1643/1231 1914/1623/1238 1917/1629/1242 540/1644/1232
f 542/1645/1230 1911/1620/1235 1914/1623/1238 541/1643/1231
f 1920/1646/1247 1921/1647/1248 1924/1648/1249 1923/1649/1250
f 1921/1647/1248 1922/1650/1251 1925/1651/1252 1924/1648/1249
f 1923/1649/1250 1924/1648/1249 1927/1652/1253 1926/1653/1254
f 1924/1648/1249 1925/1651/1252 1928/1654/1255 1927/1652/1253
f 59/24/24 512/22/22 1920/1646/1247 539/1638/1244
f 512/22/22 511/21/21 1921/1647/1248 1920/1646/1247
f 511/21/21 510/20/20 1922/1650/1251 1921/1647/1248
f 510/20/20 60/19/19 642/1655/1256 1922/1650/1251
f 1922/1650/1251 642/1655/1256 643/1656/1257 1925/1651/1252
f 1925/1651/1252 643/1656/1257 644/1657/1258 1928/1654/1255
f 1928/1654/1255 644/1657/1258 84/1153/885 657/1152/884
f 1927/1652/1253 1928/1654/1255 657/1152/884 658/1151/883
f 1926/1653/1254 1927/1652/1253 658/1151/883 659/1149/881
f 537/1640/1246 1926/1653/1254 659/1149/881 85/1148/880
f 538/1639/1245 1923/1649/1250 1926/1653/1254 537/1640/1246
f 539/1638/1244 1920/1646/1247 1923/1649/1250 538/1639/1245
f 1929/1658/1259 1930/1659/1260 1933/1660/1261 1932/1661/1262
f 1930/1659/1260 1931/1662/1263 1934/1663/1264 1933/1660/1261
f 1932/1661/1262 1933/1660/1261 1936/1664/1265 1935/1665/1266
f 1933/1660/1261 1934/1663/1264 1937/1666/1267 1936/1664/1265
f 88/1667/1268 662/1668/1269 1929/1669/1259 666/1670/1270
f 662/1671/1269 661/1672/1271 1930/1673/1260 1929/1674/1259
f 661/1675/1271 660/1676/1272 1931/1662/1263 1930/1659/1260
f 660/1676/1272 87/1677/1273 671/1678/1274 1931/1662/1263
f 1931/1662/1263 671/1678/1274 670/1679/1275 1934/1663/1264
f 1934/1663/1264 670/1679/1275 669/1680/1276 1937/1666/1267
f 1937/1666/1267 669/1680/1276 89/794/600 663/792/598
f 1936/1664/1265 1937/1666/1267 663/792/598 664/791/597
f 1935/1665/1266 1936/1664/1265 664/791/597 665/790/596
f 668/1681/1277 1935/1665/1266 665/790/596 90/789/595
f 667/1682/1278 1932/1661/1262 1935/1665/1266 668/1681/1277
f 666/1683/1270 1929/1658/1259 1932/1661/1262 667/1682/1278
f 1938/1684/1279 1939/1685/1280 1942/1686/1281 1941/1687/1282
f 1939/1688/1280 1940/1689/1283 1943/1690/1284 1942/1691/1281
f 1941/1687/1282 1942/1686/1281 1945/1692/1285 1944/1693/1286
f 1942/1691/1281 1943/1690/1284 1946/1694/1287 1945/1695/1285
f 40/695/521 389/693/519 1938/1696/1279 672/786/592
f 389/693/519 388/692/518 1939/1697/1280 1938/1696/1279
f 388/1698/518 387/1699/517 1940/1700/1283 1939/1685/1280
f 387/690/517 38/689/516 678/1701/1288 1940/1689/1283
f 1940/1689/1283 678/1701/1288 679/1702/1289 1943/1690/1284
f 1943/1690/1284 679/1702/1289 680/1703/1290 1946/1694/1287
f 1946/1694/1287 680/1703/1290 88/1704/1268 666/1705/1270
f 1945/1706/1285 1946/1707/1287 666/1670/1270 667/1708/1278
f 1944/1709/1286 1945/1706/1285 667/1708/1278 668/1710/1277
f 674/1711/594 1944/1712/1286 668/1713/1277 90/1714/595
f 673/1715/593 1941/1716/1282 1944/1712/1286 674/1711/594
f 672/786/592 1938/1696/1279 1941/1717/1282 673/787/593
f 1947/1718/1291 1948/1719/1292 1951/1720/1293 1950/1721/1294
f 1948/1722/1292 1949/1723/1295 1952/1724/1296 1951/1725/1293
f 1950/1721/1294 1951/1720/1293 1954/1726/1297 1953/1727/1298
f 1951/1725/1293 1952/1724/1296 1955/1728/1299 1954/1729/1297
f 38/689/516 383/824/621 1947/1718/1291 678/1701/1288
f 383/824/621 382/823/620 1948/1719/1292 1947/1718/1291
f 382/1730/620 381/821/619 1949/1731/1295 1948/1732/1292
f 381/1733/619 37/851/618 681/1734/1300 1949/1723/1295
f 1949/1723/1295 681/1734/1300 682/1735/1301 1952/1724/1296
f 1952/1724/1296 682/1735/1301 683/1736/1302 1955/1728/1299
f 1955/1737/1299 683/1738/1302 87/1677/1273 660/1676/1272
f 1954/1739/1297 1955/1740/1299 660/1741/1272 661/1742/1271
f 1953/1743/1298 1954/1739/1297 661/1742/1271 662/1744/1269
f 680/1703/1290 1953/1727/1298 662/1745/1269 88/1704/1268
f 679/1702/1289 1950/1721/1294 1953/1727/1298 680/1703/1290
f 678/1701/1288 1947/1718/1291 1950/1721/1294 679/1702/1289
f 1956/1746/1303 1957/1747/1304 1960/1748/1305 1959/1749/1306
f 1957/1747/1304 1958/1750/1307 1961/1751/1308 1960/1748/1305
f 1959/1749/1306 1960/1748/1305 1963/1752/1309 1962/1753/1310
f 1960/1748/1305 1961/1751/1308 1964/1754/1311 1963/1752/1309
f 37/1755/618 392/847/640 1956/1746/1303 681/1756/1300
f 392/847/640 391/846/639 1957/1747/1304 1956/1746/1303
f 391/846/639 390/845/638 1958/1750/1307 1957/1747/1304
f 390/845/638 39/781/587 677/783/589 1958/1750/1307
f 1958/1750/1307 677/783/589 676/795/601 1961/1751/1308
f 1961/1751/1308 676/795/601 675/793/599 1964/1754/1311
f 1964/1754/1311 675/793/599 89/794/600 669/1680/1276
f 1963/1752/1309 1964/1754/1311 669/1680/1276 670/1679/1275
f 1962/1753/1310 1963/1752/1309 670/1679/1275 671/1678/1274
f 683/1738/1302 1962/1753/1310 671/1678/1274 87/1677/1273
f 682/1757/1301 1959/1749/1306 1962/1753/1310 683/1738/1302
f 681/1756/1300 1956/1746/1303 1959/1749/1306 682/1757/1301
f 1965/1758/1312 1966/1759/1313 1969/1760/1314 1968/1761/1315
f 1966/1759/1313 1967/1762/1316 1970/1763/1317 1969/1760/1314
f 1968/1761/1315 1969/1760/1314 1972/1764/1318 1971/1765/1319
f 1969/1760/1314 1970/1763/1317 1973/1766/1320 1972/1764/1318
f 35/1767/496 360/1768/494 1965/1758/1312 693/1769/1321
f 360/1768/494 361/1770/493 1966/1759/1313 1965/1758/1312
f 361/1770/493 362/1771/492 1967/1762/1316 1966/1759/1313
f 362/1771/492 36/1772/491 398/1773/1322 1967/1762/1316
f 1967/1774/1316 398/1775/1322 397/1776/1323 1970/1777/1317
f 1970/1763/1317 397/1778/1323 396/1779/1324 1973/1766/1320
f 1973/1766/1320 396/1779/1324 92/675/507 696/867/652
f 1972/1764/1318 1973/1766/1320 696/867/652 697/866/651
f 1971/1765/1319 1972/1764/1318 697/866/651 698/865/650
f 695/1780/1325 1971/1765/1319 698/865/650 94/841/634
f 694/1781/1326 1968/1761/1315 1971/1765/1319 695/1780/1325
f 693/1769/1321 1965/1758/1312 1968/1761/1315 694/1781/1326
f 1974/1782/1327 1975/1783/1328 1978/1784/1329 1977/1785/1330
f 1975/1783/1328 1976/1786/1331 1979/1787/1332 1978/1784/1329
f 1977/1785/1330 1978/1784/1329 1981/1788/1333 1980/1789/1334
f 1978/1784/1329 1979/1787/1332 1982/1790/1335 1981/1788/1333
f 33/1791/559 368/1792/577 1974/1782/1327 690/1793/1336
f 368/1792/577 367/1794/576 1975/1783/1328 1974/1782/1327
f 367/1794/576 366/1795/575 1976/1786/1331 1975/1783/1328
f 366/1795/575 35/1767/496 693/1769/1321 1976/1786/1331
f 1976/1786/1331 693/1769/1321 694/1781/1326 1979/1787/1332
f 1979/1787/1332 694/1781/1326 695/1780/1325 1982/1790/1335
f 1982/1790/1335 695/1780/1325 94/841/634 699/840/633
f 1981/1788/1333 1982/1790/1335 699/840/633 700/839/632
f 1980/1789/1334 1981/1788/1333 700/839/632 701/837/631
f 692/1796/1337 1980/1789/1334 701/837/631 93/836/614
f 691/1797/1338 1977/1798/1330 1980/1799/1334 692/1800/1337
f 690/1793/1336 1974/1782/1327 1977/1785/1330 691/1801/1338
f 1983/1802/1339 1984/1803/1340 1987/1804/1341 1986/1805/1342
f 1984/1806/1340 1985/1807/1343 1988/1808/1344 1987/1809/1341
f 1986/1805/1342 1987/1804/1341 1990/1810/1345 1989/1811/1346
f 1987/1804/1341 1988/1812/1344 1991/1813/1347 1990/1810/1345
f 34/1814/539 359/1815/562 1983/1816/1339 684/1817/1348
f 359/1815/562 358/1818/561 1984/1806/1340 1983/1816/1339
f 358/1818/561 357/1819/560 1985/1807/1343 1984/1806/1340
f 357/1819/560 33/1820/559 690/1821/1336 1985/1807/1343
f 1985/1807/1343 690/1821/1336 691/1797/1338 1988/1808/1344
f 1988/1808/1344 691/1797/1338 692/1800/1337 1991/1822/1347
f 1991/1822/1347 692/1800/1337 93/1823/614 702/1824/613
f 1990/1810/1345 1991/1813/1347 702/812/613 703/1825/612
f 1989/1826/1346 1990/1827/1345 703/810/612 704/809/611
f 686/1828/1349 1989/1811/1346 704/806/611 91/805/512
f 685/1829/1350 1986/1830/1342 1989/1831/1346 686/1832/1349
f 684/1833/1348 1983/1834/1339 1986/1830/1342 685/1829/1350
f 1992/1835/1351 1993/1836/1352 1996/1837/1353 1995/1838/1354
f 1993/1839/1352 1994/1840/1355 1997/1841/1356 1996/1842/1353
f 1995/1838/1354 1996/1837/1353 1999/1843/1357 1998/1844/1358
f 1996/1842/1353 1997/1841/1356 2000/1845/1359 1999/1846/1357
f 34/1847/539 684/1848/1348 1992/1849/1351 725/1850/1360
f 684/1833/1348 685/1829/1350 1993/1836/1352 1992/1835/1351
f 685/1829/1350 686/1832/1349 1994/1851/1355 1993/1836/1352
f 686/1828/1349 91/805/512 720/1852/1361 1994/1840/1355
f 1994/1840/1355 720/1852/1361 721/1853/1362 1997/1841/1356
f 1997/1854/1356 721/1855/1362 722/1856/1363 2000/1857/1359
f 2000/1857/1359 722/1856/1363 98/1858/1364 716/1859/1365
f 1999/1843/1357 2000/1860/1359 716/1861/1365 715/1862/1366
f 1998/1844/1358 1999/1843/1357 715/1862/1366 714/1863/1367
f 723/1864/1368 1998/1844/1358 714/1863/1367 95/1865/1369
f 724/1866/1370 1995/1838/1354 1998/1844/1358 723/1864/1368
f 725/1867/1360 1992/1835/1351 1995/1838/1354 724/1866/1370
f 2001/1868/1371 2002/1869/1372 2005/1870/1373 2004/1871/1374
f 2002/1869/1372 2003/1872/1375 2006/1873/1376 2005/1870/1373
f 2004/1871/1374 2005/1870/1373 2008/1874/1377 2007/1875/1378
f 2005/1870/1373 2006/1873/1376 2009/1876/1379 2008/1874/1377
f 95/1865/1369 714/1863/1367 2001/1877/1371 749/1878/1380
f 714/1863/1367 715/1862/1366 2002/1879/1372 2001/1877/1371
f 715/1862/1366 716/1861/1365 2003/1880/1375 2002/1879/1372
f 716/1859/1365 98/1858/1364 744/1881/1381 2003/1882/1375
f 2003/1883/1375 744/1884/1381 745/1885/1382 2006/1886/1376
f 2006/1886/1376 745/1885/1382 746/1887/1383 2009/1888/1379
f 2009/1888/1379 746/1887/1383 102/1889/1384 740/1890/1385
f 2008/1891/1377 2009/1888/1379 740/1890/1385 739/1892/1386
f 2007/1893/1378 2008/1891/1377 739/1892/1386 738/1894/1387
f 747/1895/1388 2007/1893/1378 738/1894/1387 99/1896/1389
f 748/1897/1390 2004/1898/1374 2007/1899/1378 747/1900/1388
f 749/1878/1380 2001/1877/1371 2004/1901/1374 748/1902/1390
f 2010/1903/1391 2011/1904/1392 2014/1905/1393 2013/1906/1394
f 2011/1904/1392 2012/1907/1395 2015/1908/1396 2014/1905/1393
f 2013/1906/1394 2014/1905/1393 2017/1909/1397 2016/1910/1398
f 2014/1905/1393 2015/1908/1396 2018/1911/1399 2017/1909/1397
f 91/680/512 705/679/511 2010/1903/1391 720/1912/1361
f 705/679/511 706/678/510 2011/1904/1392 2010/1903/1391
f 706/678/510 707/676/508 2012/1907/1395 2011/1904/1392
f 707/676/508 92/675/507 726/1913/1400 2012/1907/1395
f 2012/1907/1395 726/1913/1400 727/1914/1401 2015/1908/1396
f 2015/1908/1396 727/1914/1401 728/1915/1402 2018/1911/1399
f 2018/1911/1399 728/1915/1402 97/1916/1403 719/1917/1404
f 2017/1909/1397 2018/1911/1399 719/1917/1404 718/1918/1405
f 2016/1910/1398 2017/1909/1397 718/1918/1405 717/1919/1406
f 722/1920/1363 2016/1910/1398 717/1919/1406 98/1921/1364
f 721/1922/1362 2013/1906/1394 2016/1910/1398 722/1920/1363
f 720/1912/1361 2010/1903/1391 2013/1906/1394 721/1922/1362
f 2019/1923/1407 2020/1924/1408 2023/1925/1409 2022/1926/1410
f 2020/1924/1408 2021/1927/1411 2024/1928/1412 2023/1925/1409
f 2022/1926/1410 2023/1925/1409 2026/1929/1413 2025/1930/1414
f 2023/1925/1409 2024/1928/1412 2027/1931/1415 2026/1929/1413
f 36/1932/491 365/1933/542 2019/1934/1407 731/1935/1416
f 365/1933/542 364/1936/541 2020/1937/1408 2019/1934/1407
f 364/1936/541 363/1938/540 2021/1939/1411 2020/1937/1408
f 363/1938/540 34/1847/539 725/1850/1360 2021/1939/1411
f 2021/1927/1411 725/1867/1360 724/1866/1370 2024/1928/1412
f 2024/1928/1412 724/1866/1370 723/1864/1368 2027/1931/1415
f 2027/1931/1415 723/1864/1368 95/1865/1369 708/1940/1417
f 2026/1929/1413 2027/1931/1415 708/1940/1417 709/1941/1418
f 2025/1930/1414 2026/1929/1413 709/1941/1418 710/1942/1419
f 729/1943/1420 2025/1930/1414 710/1942/1419 96/1944/1421
f 730/1945/1422 2022/1926/1410 2025/1930/1414 729/1943/1420
f 731/1946/1416 2019/1923/1407 2022/1926/1410 730/1945/1422
f 2028/1947/1423 2029/1948/1424 2032/1949/1425 2031/1950/1426
f 2029/1951/1424 2030/1952/1427 2033/1953/1428 2032/1954/1425
f 2031/1950/1426 2032/1949/1425 2035/1955/1429 2034/1956/1430
f 2032/1954/1425 2033/1953/1428 2036/1957/1431 2035/1958/1429
f 92/675/507 396/1779/1324 2028/1947/1423 726/1913/1400
f 396/1779/1324 397/1778/1323 2029/1948/1424 2028/1947/1423
f 397/1776/1323 398/1775/1322 2030/1952/1427 2029/1951/1424
f 398/1959/1322 36/1960/491 731/1961/1416 2030/1962/1427
f 2030/1963/1427 731/1946/1416 730/1945/1422 2033/1964/1428
f 2033/1953/1428 730/1965/1422 729/1966/1420 2036/1957/1431
f 2036/1957/1431 729/1966/1420 96/1967/1421 713/1968/1432
f 2035/1958/1429 2036/1957/1431 713/1968/1432 712/1969/1433
f 2034/1956/1430 2035/1955/1429 712/1970/1433 711/1971/1434
f 728/1915/1402 2034/1956/1430 711/1971/1434 97/1916/1403
f 727/1914/1401 2031/1950/1426 2034/1956/1430 728/1915/1402
f 726/1913/1400 2028/1947/1423 2031/1950/1426 727/1914/1401
f 2037/1972/1435 2038/1973/1436 2041/1974/1437 2040/1975/1438
f 2038/1973/1436 2039/1976/1439 2042/1977/1440 2041/1974/1437
f 2040/1975/1438 2041/1974/1437 2044/1978/1441 2043/1979/1442
f 2041/1974/1437 2042/1977/1440 2045/1980/1443 2044/1978/1441
f 100/1981/1444 734/1982/1445 2037/1972/1435 737/1983/1446
f 734/1982/1445 733/1984/1447 2038/1973/1436 2037/1972/1435
f 733/1984/1447 732/1985/1448 2039/1976/1439 2038/1973/1436
f 732/1985/1448 99/1896/1389 738/1894/1387 2039/1976/1439
f 2039/1976/1439 738/1894/1387 739/1892/1386 2042/1977/1440
f 2042/1977/1440 739/1892/1386 740/1890/1385 2045/1980/1443
f 2045/1980/1443 740/1890/1385 102/1889/1384 741/1986/1449
f 2044/1978/1441 2045/1980/1443 741/1986/1449 742/1987/1450
f 2043/1979/1442 2044/1978/1441 742/1987/1450 743/1988/1451
f 735/1989/1452 2043/1979/1442 743/1988/1451 101/1990/1453
f 736/1991/1454 2040/1975/1438 2043/1979/1442 735/1989/1452
f 737/1983/1446 2037/1972/1435 2040/1975/1438 736/1991/1454
f 2046/1992/1455 2047/1993/1456 2050/1994/1457 2049/1995/1458
f 2047/1993/1456 2048/1996/1459 2051/1997/1460 2050/1994/1457
f 2049/1995/1458 2050/1994/1457 2053/1998/1461 2052/1999/1462
f 2050/2000/1457 2051/2001/1460 2054/2002/1463 2053/2003/1461
f 96/1944/1421 710/1942/1419 2046/1992/1455 752/2004/1464
f 710/1942/1419 709/1941/1418 2047/1993/1456 2046/1992/1455
f 709/1941/1418 708/1940/1417 2048/1996/1459 2047/1993/1456
f 708/1940/1417 95/1865/1369 749/1878/1380 2048/1996/1459
f 2048/1996/1459 749/1878/1380 748/1902/1390 2051/1997/1460
f 2051/2005/1460 748/2006/1390 747/1895/1388 2054/2007/1463
f 2054/2007/1463 747/1895/1388 99/1896/1389 732/1985/1448
f 2053/2003/1461 2054/2002/1463 732/2008/1448 733/2009/1447
f 2052/2010/1462 2053/2003/1461 733/2009/1447 734/2011/1445
f 750/2012/1465 2052/2010/1462 734/2011/1445 100/2013/1444
f 751/2014/1466 2049/1995/1458 2052/1999/1462 750/2015/1465
f 752/2004/1464 2046/1992/1455 2049/1995/1458 751/2014/1466
f 2055/2016/1467 2056/2017/1468 2059/2018/1469 2058/2019/1470
f 2056/2017/1468 2057/2020/1471 2060/2021/1472 2059/2018/1469
f 2058/2019/1470 2059/2018/1469 2062/2022/1473 2061/2023/1474
f 2059/2018/1469 2060/2021/1472 2063/2024/1475 2062/2022/1473
f 98/1921/1364 717/1919/1406 2055/2016/1467 744/1884/1381
f 717/1919/1406 718/1918/1405 2056/2017/1468 2055/2016/1467
f 718/1918/1405 719/1917/1404 2057/2020/1471 2056/2017/1468
f 719/1917/1404 97/1916/1403 753/2025/1476 2057/2020/1471
f 2057/2020/1471 753/2025/1476 754/2026/1477 2060/2021/1472
f 2060/2021/1472 754/2026/1477 755/2027/1478 2063/2024/1475
f 2063/2024/1475 755/2027/1478 101/1990/1453 743/1988/1451
f 2062/2022/1473 2063/2024/1475 743/1988/1451 742/1987/1450
f 2061/2023/1474 2062/2022/1473 742/1987/1450 741/1986/1449
f 746/1887/1383 2061/2023/1474 741/1986/1449 102/1889/1384
f 745/1885/1382 2058/2019/1470 2061/2023/1474 746/1887/1383
f 744/1884/1381 2055/2016/1467 2058/2019/1470 745/1885/1382
f 2064/2028/1479 2065/2029/1480 2068/2030/1481 2067/2031/1482
f 2065/2032/1480 2066/2033/1483 2069/2034/1484 2068/2035/1481
f 2067/2031/1482 2068/2030/1481 2071/2036/1485 2070/2037/1486
f 2068/2030/1481 2069/2038/1484 2072/2039/1487 2071/2036/1485
f 97/1916/1403 711/1971/1434 2064/2028/1479 753/2025/1476
f 711/1971/1434 712/1970/1433 2065/2029/1480 2064/2028/1479
f 712/1969/1433 713/1968/1432 2066/2033/1483 2065/2032/1480
f 713/2040/1432 96/1944/1421 752/2004/1464 2066/2041/1483
f 2066/2041/1483 752/2004/1464 751/2014/1466 2069/2042/1484
f 2069/2034/1484 751/2043/1466 750/2012/1465 2072/2044/1487
f 2072/2039/1487 750/2045/1465 100/1981/1444 737/1983/1446
f 2071/2036/1485 2072/2039/1487 737/1983/1446 736/1991/1454
f 2070/2037/1486 2071/2036/1485 736/1991/1454 735/1989/1452
f 755/2027/1478 2070/2037/1486 735/1989/1452 101/1990/1453
f 754/2026/1477 2067/2031/1482 2070/2037/1486 755/2027/1478
f 753/2025/1476 2064/2028/1479 2067/2031/1482 754/2026/1477
f 2073/2046/1488 2074/2047/1489 2077/2048/1490 2076/2049/1491
f 2074/2047/1489 2075/2050/1492 2078/2051/1493 2077/2048/1490
f 2076/2049/1491 2077/2048/1490 2080/2052/1494 2079/2053/1495
f 2077/2048/1490 2078/2051/1493 2081/2054/1496 2080/2052/1494
f 103/2055/1497 1064/2056/1498 2073/2046/1488 782/2057/1499
f 1064/2056/1498 1063/2058/1500 2074/2047/1489 2073/2046/1488
f 1063/2058/1500 1062/2059/1501 2075/2050/1492 2074/2047/1489
f 1062/2059/1501 152/2060/1502 1061/2061/1503 2075/2050/1492
f 2075/2050/1492 1061/2061/1503 1060/2062/1504 2078/2051/1493
f 2078/2051/1493 1060/2062/1504 1059/2063/1505 2081/2054/1496
f 2081/2054/1496 1059/2063/1505 60/19/19 515/18/18
f 2080/2052/1494 2081/2054/1496 515/18/18 514/17/17
f 2079/2053/1495 2080/2052/1494 514/17/17 513/16/16
f 780/2064/1506 2079/2053/1495 513/16/16 5/15/15
f 781/2065/1507 2076/2049/1491 2079/2053/1495 780/2064/1506
f 782/2057/1499 2073/2046/1488 2076/2049/1491 781/2065/1507
f 2082/2066/1508 2083/2067/1509 2086/2068/1510 2085/2069/1511
f 2083/2067/1509 2084/2070/1512 2087/2071/1513 2086/2068/1510
f 2085/2069/1511 2086/2068/1510 2089/2072/1514 2088/2073/1515
f 2086/2074/1510 2087/2075/1513 2090/2076/1516 2089/2077/1514
f 122/2078/1517 882/2079/1518 2082/2066/1508 875/2080/1519
f 882/2079/1518 883/2081/1520 2083/2067/1509 2082/2066/1508
f 883/2081/1520 884/2082/1521 2084/2070/1512 2083/2067/1509
f 884/2083/1521 26/56/49 192/54/47 2084/2084/1512
f 2084/2084/1512 192/54/47 193/52/46 2087/2075/1513
f 2087/2075/1513 193/52/46 194/51/45 2090/2076/1516
f 2090/2076/1516 194/51/45 7/50/44 770/2085/1522
f 2089/2077/1514 2090/2076/1516 770/2085/1522 769/2086/1523
f 2088/2073/1515 2089/2072/1514 769/2087/1523 768/2088/1524
f 873/2089/1525 2088/2073/1515 768/2088/1524 105/2090/1526
f 874/2091/1527 2085/2069/1511 2088/2073/1515 873/2089/1525
f 875/2080/1519 2082/2066/1508 2085/2069/1511 874/2091/1527
f 2091/2092/1528 2092/2093/1529 2095/2094/1530 2094/2095/1531
f 2092/2093/1529 2093/2096/1532 2096/2097/1533 2095/2094/1530
f 2094/2095/1531 2095/2094/1530 2098/2098/1534 2097/2099/1535
f 2095/2094/1530 2096/2097/1533 2099/2100/1536 2098/2098/1534
f 6/69/60 236/71/62 2091/2092/1528 761/2101/1537
f 236/71/62 235/84/75 2092/2093/1529 2091/2092/1528
f 235/84/75 234/82/73 2093/2096/1532 2092/2093/1529
f 234/82/73 11/83/74 788/2102/1538 2093/2096/1532
f 2093/2096/1532 788/2102/1538 787/2103/1539 2096/2097/1533
f 2096/2097/1533 787/2103/1539 786/2104/1540 2099/2100/1536
f 2099/2100/1536 786/2104/1540 107/2105/1541 797/2106/1542
f 2098/2098/1534 2099/2100/1536 797/2106/1542 796/2107/1543
f 2097/2099/1535 2098/2098/1534 796/2107/1543 795/2108/1544
f 759/2109/1545 2097/2099/1535 795/2108/1544 104/2110/1546
f 760/2111/1547 2094/2095/1531 2097/2099/1535 759/2109/1545
f 761/2101/1537 2091/2092/1528 2094/2095/1531 760/2111/1547
f 2100/2112/1548 2101/2113/1549 2104/2114/1550 2103/2115/1551
f 2101/2113/1549 2102/2116/1552 2105/2117/1553 2104/2114/1550
f 2103/2118/1551 2104/2119/1550 2107/2120/1554 2106/2121/1555
f 2104/2119/1550 2105/2122/1553 2108/2123/1556 2107/2120/1554
f 103/2055/1497 902/2124/1557 2100/2125/1548 771/2126/1558
f 902/2124/1557 901/2127/1559 2101/2128/1549 2100/2125/1548
f 901/2127/1559 900/2129/1560 2102/2130/1552 2101/2128/1549
f 900/2129/1560 123/2131/1561 885/2132/1562 2102/2130/1552
f 2102/2116/1552 885/2133/1562 886/2134/1563 2105/2117/1553
f 2105/2135/1553 886/2136/1563 887/2137/1564 2108/2138/1556
f 2108/2123/1556 887/2139/1564 124/2140/1565 899/2141/1566
f 2107/2120/1554 2108/2123/1556 899/2141/1566 898/2142/1567
f 2106/2121/1555 2107/2120/1554 898/2142/1567 897/2143/1568
f 773/2144/1569 2106/2121/1555 897/2143/1568 105/2145/1526
f 772/2146/1570 2103/2147/1551 2106/2148/1555 773/2149/1569
f 771/2150/1558 2100/2112/1548 2103/2115/1551 772/2151/1570
f 2109/2152/1571 2110/2153/1572 2113/2154/1573 2112/2155/1574
f 2110/2153/1572 2111/2156/1575 2114/2157/1576 2113/2154/1573
f 2112/2155/1574 2113/2154/1573 2116/2158/1577 2115/2159/1578
f 2113/2154/1573 2114/2157/1576 2117/2160/1579 2116/2158/1577
f 28/130/108 876/2161/1580 2109/2152/1571 323/131/109
f 876/2161/1580 877/2162/1581 2110/2153/1572 2109/2152/1571
f 877/2162/1581 878/2163/1582 2111/2156/1575 2110/2153/1572
f 878/2163/1582 121/2164/1583 872/2165/1584 2111/2156/1575
f 2111/2156/1575 872/2165/1584 871/2166/1585 2114/2157/1576
f 2114/2157/1576 871/2166/1585 870/2167/1586 2117/2160/1579
f 2117/2160/1579 870/2167/1586 103/2055/1497 782/2057/1499
f 2116/2158/1577 2117/2160/1579 782/2057/1499 781/2065/1507
f 2115/2159/1578 2116/2158/1577 781/2065/1507 780/2064/1506
f 321/134/112 2115/2159/1578 780/2064/1506 5/15/15
f 322/133/111 2112/2155/1574 2115/2159/1578 321/134/112
f 323/131/109 2109/2152/1571 2112/2155/1574 322/133/111
f 2118/2168/1587 2119/2169/1588 2122/2170/1589 2121/2171/1590
f 2119/2169/1588 2120/2172/1591 2123/2173/1592 2122/2170/1589
f 2121/2171/1590 2122/2170/1589 2125/2174/1593 2124/2175/1594
f 2122/2170/1589 2123/2173/1592 2126/2176/1595 2125/2174/1593
f 108/2177/1596 815/2178/1597 2118/2168/1587 791/2179/1598
f 815/2178/1597 814/2180/1599 2119/2169/1588 2118/2168/1587
f 814/2180/1599 813/2181/1600 2120/2172/1591 2119/2169/1588
f 813/2181/1600 110/2182/1601 806/2183/1602 2120/2172/1591
f 2120/2172/1591 806/2183/1602 805/2184/1603 2123/2173/1592
f 2123/2173/1592 805/2184/1603 804/2185/1604 2126/2176/1595
f 2126/2176/1595 804/2185/1604 112/2186/1605 812/2187/1606
f 2125/2174/1593 2126/2176/1595 812/2187/1606 811/2188/1607
f 2124/2175/1594 2125/2174/1593 811/2188/1607 810/2189/1608
f 789/2190/1609 2124/2175/1594 810/2189/1608 12/2191/133
f 790/2192/1610 2121/2171/1590 2124/2175/1594 789/2190/1609
f 791/2179/1598 2118/2168/1587 2121/2171/1590 790/2192/1610
f 2127/2193/1611 2128/2194/1612 2131/2195/1613 2130/2196/1614
f 2128/2197/1612 2129/2198/1615 2132/2199/1616 2131/2200/1613
f 2130/2196/1614 2131/2195/1613 2134/2201/1617 2133/2202/1618
f 2131/2200/1613 2132/2199/1616 2135/2203/1619 2134/2204/1617
f 106/2205/1620 800/2206/1621 2127/2193/1611 776/2207/1622
f 800/2206/1621 799/2208/1623 2128/2194/1612 2127/2193/1611
f 799/2209/1623 798/2210/1624 2129/2198/1615 2128/2197/1612
f 798/2210/1625 108/2211/1596 791/2212/1598 2129/2198/1626
f 2129/2198/1626 791/2212/1598 790/2213/1610 2132/2199/1627
f 2132/2199/1627 790/2213/1610 789/2214/1609 2135/2203/1628
f 2135/2203/1628 789/2214/1609 12/191/133 239/190/163
f 2134/2204/1617 2135/2203/1619 239/190/161 238/189/160
f 2133/2202/1618 2134/2201/1617 238/188/160 237/187/159
f 774/2215/1629 2133/2202/1618 237/187/159 8/186/158
f 775/2216/1630 2130/2196/1614 2133/2202/1618 774/2215/1629
f 776/2207/1622 2127/2193/1611 2130/2196/1614 775/2216/1630
f 2136/2217/1631 2137/2218/1632 2140/2219/1633 2139/2220/1634
f 2137/2218/1632 2138/2221/1635 2141/2222/1636 2140/2219/1633
f 2139/2223/1637 2140/2224/1638 2143/2225/1639 2142/2226/1640
f 2140/2227/1638 2141/2228/1641 2144/2229/1642 2143/2230/1639
f 104/2231/1546 795/2232/1544 2136/2233/1631 785/2234/1643
f 795/2232/1544 796/2235/1543 2137/2236/1632 2136/2233/1631
f 796/2107/1543 797/2106/1542 2138/2221/1635 2137/2218/1632
f 797/2106/1542 107/2105/1541 794/2237/1644 2138/2221/1635
f 2138/2221/1635 794/2237/1644 793/2238/1645 2141/2222/1636
f 2141/2228/1636 793/2239/1645 792/2240/1646 2144/2229/1647
f 2144/2229/1647 792/2240/1646 108/2211/1596 798/2210/1625
f 2143/2230/1639 2144/2229/1642 798/2210/1624 799/2209/1623
f 2142/2241/1640 2143/2242/1639 799/2243/1623 800/2244/1621
f 783/2245/1648 2142/2241/1640 800/2244/1621 106/2246/1620
f 784/2247/1649 2139/2223/1637 2142/2226/1640 783/2248/1648
f 785/2249/1643 2136/2217/1631 2139/2220/1634 784/2250/1650
f 2145/2251/1651 2146/2252/1652 2149/2253/1653 2148/2254/1654
f 2146/2252/1652 2147/2255/1655 2150/2256/1656 2149/2253/1653
f 2148/2254/1654 2149/2253/1653 2152/2257/1657 2151/2258/1658
f 2149/2253/1653 2150/2256/1656 2153/2259/1659 2152/2257/1657
f 111/2260/1660 839/2261/1661 2145/2251/1651 803/2262/1662
f 839/2261/1661 838/2263/1663 2146/2252/1652 2145/2251/1651
f 838/2263/1663 837/2264/1664 2147/2255/1655 2146/2252/1652
f 837/2264/1664 113/2265/1665 827/2266/1666 2147/2255/1655
f 2147/2255/1655 827/2266/1666 826/2267/1667 2150/2256/1656
f 2150/2256/1656 826/2267/1667 825/2268/1668 2153/2259/1659
f 2153/2259/1659 825/2268/1668 115/2269/1669 836/2270/1670
f 2152/2257/1657 2153/2259/1659 836/2270/1670 835/2271/1671
f 2151/2258/1658 2152/2257/1657 835/2271/1671 834/2272/1672
f 801/2273/1673 2151/2258/1658 834/2272/1672 109/2274/1674
f 802/2275/1675 2148/2254/1654 2151/2258/1658 801/2273/1673
f 803/2262/1662 2145/2251/1651 2148/2254/1654 802/2275/1675
f 2154/2276/1676 2155/2277/1677 2158/2278/1678 2157/2279/1679
f 2155/2280/1677 2156/2281/1680 2159/2282/1681 2158/2283/1678
f 2157/2284/1679 2158/2285/1678 2161/2286/1682 2160/2287/1683
f 2158/2288/1678 2159/2289/1681 2162/2290/1684 2161/2291/1682
f 12/2191/133 810/2189/1608 2154/2292/1676 221/2293/222
f 810/2189/1608 811/2188/1607 2155/2280/1677 2154/2292/1676
f 811/2188/1607 812/2187/1606 2156/2281/1680 2155/2280/1677
f 812/2187/1606 112/2186/1605 758/2294/1685 2156/2281/1680
f 2156/2281/1680 758/2294/1685 757/2295/1686 2159/2282/1681
f 2159/2289/1681 757/2296/1686 756/2297/1687 2162/2290/1684
f 2162/2290/1684 756/2297/1687 111/2298/1660 818/2299/1688
f 2161/2291/1682 2162/2290/1684 818/2299/1688 817/2300/1689
f 2160/2287/1683 2161/2286/1682 817/2301/1689 816/2302/1690
f 219/268/224 2160/2287/1683 816/2302/1690 11/83/74
f 220/267/223 2157/2284/1679 2160/2287/1683 219/268/224
f 221/2303/222 2154/2276/1676 2157/2279/1679 220/2304/223
f 2163/2305/1691 2164/2306/1692 2167/2307/1693 2166/2308/1694
f 2164/2309/1692 2165/2310/1695 2168/2311/1696 2167/2312/1693
f 2166/2313/1694 2167/2314/1693 2170/2315/1697 2169/2316/1698
f 2167/2314/1693 2168/2317/1696 2171/2318/1699 2170/2315/1697
f 107/2105/1541 821/2319/1700 2163/2305/1691 794/2237/1644
f 821/2319/1700 820/2320/1701 2164/2306/1692 2163/2305/1691
f 820/2320/1701 819/2321/1702 2165/2322/1695 2164/2306/1692
f 819/2323/1702 109/2324/1674 809/2325/1703 2165/2310/1695
f 2165/2310/1695 809/2325/1703 808/2326/1704 2168/2311/1696
f 2168/2317/1696 808/2327/1704 807/2328/1705 2171/2318/1699
f 2171/2329/1699 807/2330/1705 110/2182/1601 813/2181/1600
f 2170/2331/1697 2171/2329/1699 813/2181/1600 814/2180/1599
f 2169/2332/1698 2170/2331/1697 814/2180/1599 815/2178/1597
f 792/2333/1646 2169/2332/1698 815/2178/1597 108/2177/1596
f 793/2334/1645 2166/2313/1694 2169/2316/1698 792/2335/1646
f 794/2237/1644 2163/2305/1691 2166/2308/1694 793/2238/1645
f 2172/2336/1706 2173/2337/1707 2176/2338/1708 2175/2339/1709
f 2173/2337/1707 2174/2340/1710 2177/2341/1711 2176/2338/1708
f 2175/2339/1709 2176/2338/1708 2179/2342/1712 2178/2343/1713
f 2176/2338/1708 2177/2341/1711 2180/2344/1714 2179/2342/1712
f 11/83/74 816/2302/1690 2172/2336/1706 788/2102/1538
f 816/2302/1690 817/2301/1689 2173/2337/1707 2172/2336/1706
f 817/2301/1689 818/2345/1688 2174/2340/1710 2173/2337/1707
f 818/2345/1688 111/2260/1660 803/2262/1662 2174/2340/1710
f 2174/2340/1710 803/2262/1662 802/2275/1675 2177/2341/1711
f 2177/2341/1711 802/2275/1675 801/2273/1673 2180/2344/1714
f 2180/2344/1714 801/2273/1673 109/2274/1674 819/2321/1702
f 2179/2342/1712 2180/2344/1714 819/2321/1702 820/2320/1701
f 2178/2343/1713 2179/2342/1712 820/2320/1701 821/2319/1700
f 786/2104/1540 2178/2343/1713 821/2319/1700 107/2105/1541
f 787/2103/1539 2175/2339/1709 2178/2343/1713 786/2104/1540
f 788/2102/1538 2172/2336/1706 2175/2339/1709 787/2103/1539
f 2181/2346/1715 2182/2347/1716 2185/2348/1717 2184/2349/1718
f 2182/2347/1716 2183/2350/1719 2186/2351/1720 2185/2348/1717
f 2184/2349/1718 2185/2348/1717 2188/2352/1721 2187/2353/1722
f 2185/2348/1717 2186/2351/1720 2189/2354/1723 2188/2352/1721
f 116/2355/1724 863/2356/1725 2181/2346/1715 830/2357/1726
f 863/2356/1725 862/2358/1727 2182/2347/1716 2181/2346/1715
f 862/2358/1727 861/2359/1728 2183/2350/1719 2182/2347/1716
f 861/2359/1728 120/2360/1729 854/2361/1730 2183/2350/1719
f 2183/2350/1719 854/2361/1730 853/2362/1731 2186/2351/1720
f 2186/2351/1720 853/2362/1731 852/2363/1732 2189/2354/1723
f 2189/2354/1723 852/2363/1732 118/2364/1733 860/2365/1734
f 2188/2352/1721 2189/2354/1723 860/2365/1734 859/2366/1735
f 2187/2353/1722 2188/2352/1721 859/2366/1735 858/2367/1736
f 828/2368/1737 2187/2353/1722 858/2367/1736 114/2369/1738
f 829/2370/1739 2184/2349/1718 2187/2353/1722 828/2368/1737
f 830/2357/1726 2181/2346/1715 2184/2349/1718 829/2370/1739
f 2190/2371/1740 2191/2372/1741 2194/2373/1742 2193/2374/1743
f 2191/2372/1741 2192/2375/1744 2195/2376/1745 2194/2373/1742
f 2193/2374/1743 2194/2373/1742 2197/2377/1746 2196/2378/1747
f 2194/2373/1742 2195/2376/1745 2198/2379/1748 2197/2377/1746
f 110/2182/1601 845/2380/1749 2190/2371/1740 806/2183/1602
f 845/2380/1749 844/2381/1750 2191/2372/1741 2190/2371/1740
f 844/2381/1750 843/2382/1751 2192/2375/1744 2191/2372/1741
f 843/2383/1751 116/2384/1724 830/2385/1726 2192/2386/1744
f 2192/2386/1744 830/2385/1726 829/2387/1739 2195/2388/1745
f 2195/2388/1745 829/2387/1739 828/2389/1737 2198/2390/1748
f 2198/2390/1748 828/2389/1737 114/2391/1738 842/2392/1752
f 2197/2377/1746 2198/2379/1748 842/2393/1752 841/2394/1753
f 2196/2378/1747 2197/2377/1746 841/2394/1753 840/2395/1754
f 804/2185/1604 2196/2378/1747 840/2395/1754 112/2186/1605
f 805/2184/1603 2193/2374/1743 2196/2378/1747 804/2185/1604
f 806/2183/1602 2190/2371/1740 2193/2374/1743 805/2184/1603
f 2199/2396/1755 2200/2397/1756 2203/2398/1757 2202/2399/1758
f 2200/2397/1756 2201/2400/1759 2204/2401/1760 2203/2398/1757
f 2202/2402/1758 2203/2403/1757 2206/2404/1761 2205/2405/1762
f 2203/2403/1757 2204/2406/1760 2207/2407/1763 2206/2404/1761
f 112/2186/1605 840/2395/1754 2199/2408/1755 758/2294/1685
f 840/2395/1754 841/2394/1753 2200/2409/1756 2199/2408/1755
f 841/2394/1753 842/2393/1752 2201/2410/1759 2200/2409/1756
f 842/2392/1752 114/2391/1738 824/2411/1764 2201/2412/1759
f 2201/2413/1759 824/2414/1764 823/2415/1765 2204/2416/1760
f 2204/2406/1760 823/2417/1765 822/2418/1766 2207/2407/1763
f 2207/2407/1763 822/2418/1766 113/2265/1665 837/2264/1664
f 2206/2404/1761 2207/2407/1763 837/2264/1664 838/2263/1663
f 2205/2405/1762 2206/2404/1761 838/2263/1663 839/2261/1661
f 756/2419/1687 2205/2405/1762 839/2261/1661 111/2260/1660
f 757/2296/1686 2202/2420/1758 2205/2421/1762 756/2297/1687
f 758/2294/1685 2199/2408/1755 2202/2422/1758 757/2295/1686
f 2208/2423/1767 2209/2424/1768 2212/2425/1769 2211/2426/1770
f 2209/2427/1768 2210/2428/1771 2213/2429/1772 2212/2430/1769
f 2211/2431/1770 2212/2432/1769 2215/2433/1773 2214/2434/1774
f 2212/2432/1769 2213/2435/1772 2216/2436/1775 2215/2433/1773
f 109/2324/1674 834/2437/1672 2208/2423/1767 809/2325/1703
f 834/2272/1672 835/2271/1671 2209/2427/1768 2208/2438/1767
f 835/2271/1671 836/2270/1670 2210/2428/1771 2209/2427/1768
f 836/2270/1670 115/2269/1669 833/2439/1776 2210/2428/1771
f 2210/2428/1771 833/2439/1776 832/2440/1777 2213/2429/1772
f 2213/2441/1772 832/2442/1777 831/2443/1778 2216/2444/1775
f 2216/2445/1775 831/2446/1778 116/2384/1724 843/2383/1751
f 2215/2447/1773 2216/2448/1775 843/2382/1751 844/2381/1750
f 2214/2449/1774 2215/2447/1773 844/2381/1750 845/2380/1749
f 807/2330/1705 2214/2449/1774 845/2380/1749 110/2182/1601
f 808/2327/1704 2211/2431/1770 2214/2434/1774 807/2328/1705
f 809/2325/1703 2208/2423/1767 2211/2426/1770 808/2326/1704
f 2217/2450/1779 2218/2451/1780 2221/2452/1781 2220/2453/1782
f 2218/2451/1780 2219/2454/1783 2222/2455/1784 2221/2452/1781
f 2220/2453/1782 2221/2452/1781 2224/2456/1785 2223/2457/1786
f 2221/2452/1781 2222/2455/1784 2225/2458/1787 2224/2456/1785
f 142/2459/1788 1022/2460/1789 2217/2450/1779 996/2461/1790
f 1022/2460/1789 1021/2462/1791 2218/2451/1780 2217/2450/1779
f 1021/2462/1791 1020/2463/1792 2219/2454/1783 2218/2451/1780
f 1020/2463/1792 146/2464/1793 1014/2465/1794 2219/2454/1783
f 2219/2454/1783 1014/2465/1794 1015/2466/1795 2222/2455/1784
f 2222/2455/1784 1015/2466/1795 1016/2467/1796 2225/2458/1787
f 2225/2458/1787 1016/2467/1796 144/2468/1797 1019/2469/1798
f 2224/2456/1785 2225/2458/1787 1019/2469/1798 1018/2470/1799
f 2223/2457/1786 2224/2456/1785 1018/2470/1799 1017/2471/1800
f 998/2472/1801 2223/2457/1786 1017/2471/1800 120/2473/1729
f 997/2474/1802 2220/2453/1782 2223/2457/1786 998/2472/1801
f 996/2461/1790 2217/2450/1779 2220/2453/1782 997/2474/1802
f 2226/2475/1803 2227/2476/1804 2230/2477/1805 2229/2478/1806
f 2227/2479/1804 2228/2480/1807 2231/2481/1808 2230/2482/1805
f 2229/2483/1806 2230/2484/1805 2233/2485/1809 2232/2486/1810
f 2230/2484/1805 2231/2487/1808 2234/2488/1811 2233/2485/1809
f 114/2369/1738 858/2367/1736 2226/2475/1803 824/2489/1764
f 858/2367/1736 859/2366/1735 2227/2476/1804 2226/2475/1803
f 859/2490/1735 860/2491/1734 2228/2480/1807 2227/2479/1804
f 860/2491/1734 118/2492/1733 848/2493/1812 2228/2480/1807
f 2228/2480/1807 848/2493/1812 847/2494/1813 2231/2481/1808
f 2231/2495/1808 847/2496/1813 846/2497/1814 2234/2498/1811
f 2234/2498/1811 846/2497/1814 117/2499/1815 866/2500/1816
f 2233/2485/1809 2234/2488/1811 866/2501/1816 865/2502/1817
f 2232/2503/1810 2233/2504/1809 865/2505/1817 864/2506/1818
f 822/2418/1766 2232/2503/1810 864/2506/1818 113/2265/1665
f 823/2417/1765 2229/2507/1806 2232/2503/1810 822/2418/1766
f 824/2489/1764 2226/2475/1803 2229/2478/1806 823/2508/1765
f 2235/2509/1819 2236/2510/1820 2239/2511/1821 2238/2512/1822
f 2236/2510/1820 2237/2513/1823 2240/2514/1824 2239/2511/1821
f 2238/2515/1822 2239/2516/1821 2242/2517/1825 2241/2518/1826
f 2239/2516/1821 2240/2519/1824 2243/2520/1827 2242/2517/1825
f 115/2269/1669 869/2521/1828 2235/2522/1819 833/2439/1776
f 869/2521/1828 868/2523/1829 2236/2524/1820 2235/2522/1819
f 868/2523/1829 867/2525/1830 2237/2526/1823 2236/2524/1820
f 867/2525/1830 119/2527/1831 857/2528/1832 2237/2526/1823
f 2237/2513/1823 857/2529/1832 856/2530/1833 2240/2514/1824
f 2240/2519/1824 856/2531/1833 855/2532/1834 2243/2520/1827
f 2243/2520/1827 855/2532/1834 120/2360/1729 861/2359/1728
f 2242/2517/1825 2243/2520/1827 861/2359/1728 862/2358/1727
f 2241/2518/1826 2242/2517/1825 862/2358/1727 863/2356/1725
f 831/2533/1778 2241/2518/1826 863/2356/1725 116/2355/1724
f 832/2534/1777 2238/2535/1822 2241/2536/1826 831/2537/1778
f 833/2439/1776 2235/2522/1819 2238/2538/1822 832/2440/1777
f 2244/2539/1835 2245/2540/1836 2248/2541/1837 2247/2542/1838
f 2245/2540/1836 2246/2543/1839 2249/2544/1840 2248/2541/1837
f 2247/2542/1838 2248/2541/1837 2251/2545/1841 2250/2546/1842
f 2248/2541/1837 2249/2544/1840 2252/2547/1843 2251/2545/1841
f 113/2265/1665 864/2506/1818 2244/2539/1835 827/2266/1666
f 864/2506/1818 865/2505/1817 2245/2540/1836 2244/2539/1835
f 865/2505/1817 866/2500/1816 2246/2543/1839 2245/2540/1836
f 866/2500/1816 117/2499/1815 851/2548/1844 2246/2543/1839
f 2246/2543/1839 851/2548/1844 850/2549/1845 2249/2544/1840
f 2249/2544/1840 850/2549/1845 849/2550/1846 2252/2547/1843
f 2252/2547/1843 849/2550/1846 119/2527/1831 867/2525/1830
f 2251/2545/1841 2252/2547/1843 867/2525/1830 868/2523/1829
f 2250/2546/1842 2251/2545/1841 868/2523/1829 869/2521/1828
f 825/2268/1668 2250/2546/1842 869/2521/1828 115/2269/1669
f 826/2267/1667 2247/2542/1838 2250/2546/1842 825/2268/1668
f 827/2266/1666 2244/2539/1835 2247/2542/1838 826/2267/1667
f 2253/2551/1847 2254/2552/1848 2257/2553/1849 2256/2554/1850
f 2254/2552/1848 2255/2555/1851 2258/2556/1852 2257/2553/1849
f 2256/2554/1850 2257/2553/1849 2260/2557/1853 2259/2558/1854
f 2257/2553/1849 2258/2556/1852 2261/2559/1855 2260/2557/1853
f 6/69/60 761/2101/1537 2253/2551/1847 200/506/396
f 761/2101/1537 760/2111/1547 2254/2552/1848 2253/2551/1847
f 760/2111/1547 759/2109/1545 2255/2555/1851 2254/2552/1848
f 759/2109/1545 104/2110/1546 764/2560/1856 2255/2555/1851
f 2255/2555/1851 764/2560/1856 763/2561/1857 2258/2556/1852
f 2258/2556/1852 763/2561/1857 762/2562/1858 2261/2559/1855
f 2261/2559/1855 762/2562/1858 121/2164/1583 878/2163/1582
f 2260/2557/1853 2261/2559/1855 878/2163/1582 877/2162/1581
f 2259/2558/1854 2260/2557/1853 877/2162/1581 876/2161/1580
f 198/508/398 2259/2558/1854 876/2161/1580 28/130/108
f 199/507/397 2256/2554/1850 2259/2558/1854 198/508/398
f 200/506/396 2253/2551/1847 2256/2554/1850 199/507/397
f 2262/2563/1859 2263/2564/1860 2266/2565/1861 2265/2566/1862
f 2263/2567/1863 2264/2568/1864 2267/2569/1865 2266/2570/1861
f 2265/2571/1862 2266/2572/1861 2269/2573/1866 2268/2574/1867
f 2266/2575/1861 2267/2576/1865 2270/2577/1868 2269/2578/1866
f 104/2110/1546 785/2249/1643 2262/2579/1859 764/2560/1856
f 785/2580/1643 784/2581/1650 2263/2564/1860 2262/2563/1859
f 784/2247/1649 783/2248/1648 2264/2568/1864 2263/2567/1863
f 783/2245/1648 106/2246/1620 767/2582/1869 2264/2583/1864
f 2264/2583/1864 767/2582/1869 766/2584/1870 2267/2585/1865
f 2267/2585/1865 766/2584/1870 765/2586/1871 2270/2587/1868
f 2270/2588/1868 765/2589/1871 122/2590/1517 881/2591/1872
f 2269/2573/1866 2270/2592/1868 881/2593/1872 880/2594/1873
f 2268/2574/1867 2269/2573/1866 880/2594/1873 879/2595/1874
f 762/2562/1858 2268/2574/1867 879/2595/1874 121/2164/1583
f 763/2561/1857 2265/2571/1862 2268/2574/1867 762/2562/1858
f 764/2560/1856 2262/2579/1859 2265/2571/1862 763/2561/1857
f 2271/2596/1875 2272/2597/1876 2275/2598/1877 2274/2599/1878
f 2272/2597/1876 2273/2600/1879 2276/2601/1880 2275/2598/1877
f 2274/2602/1878 2275/2603/1877 2278/2604/1881 2277/2605/1882
f 2275/2603/1877 2276/2606/1880 2279/2607/1883 2278/2604/1881
f 106/2205/1620 776/2207/1622 2271/2596/1875 767/2608/1869
f 776/2207/1622 775/2216/1630 2272/2597/1876 2271/2596/1875
f 775/2216/1630 774/2215/1629 2273/2600/1879 2272/2597/1876
f 774/2215/1629 8/186/158 315/565/428 2273/2600/1879
f 2273/2600/1879 315/565/428 316/564/427 2276/2601/1880
f 2276/2606/1880 316/563/427 317/562/426 2279/2607/1883
f 2279/2609/1883 317/561/426 26/560/49 884/2082/1521
f 2278/2610/1881 2279/2609/1883 884/2082/1521 883/2081/1520
f 2277/2611/1882 2278/2610/1881 883/2081/1520 882/2079/1518
f 765/2612/1871 2277/2611/1882 882/2079/1518 122/2078/1517
f 766/2584/1870 2274/2602/1878 2277/2605/1882 765/2586/1871
f 767/2608/1869 2271/2596/1875 2274/2599/1878 766/2613/1870
f 2280/2614/1884 2281/2615/1885 2284/2616/1886 2283/2617/1887
f 2281/2618/1885 2282/2619/1888 2285/2620/1889 2284/2621/1886
f 2283/2617/1887 2284/2616/1886 2287/2622/1890 2286/2623/1891
f 2284/2621/1886 2285/2620/1889 2288/2624/1892 2287/2625/1890
f 125/2626/1893 894/2627/1894 2280/2628/1884 890/2629/1895
f 894/2630/1894 895/2631/1896 2281/2615/1885 2280/2614/1884
f 895/2632/1896 896/2633/1897 2282/2619/1888 2281/2618/1885
f 896/2633/1897 126/2634/1898 893/2635/1899 2282/2619/1888
f 2282/2619/1888 893/2635/1899 892/2636/1900 2285/2620/1889
f 2285/2620/1889 892/2636/1900 891/2637/1901 2288/2624/1892
f 2288/2624/1892 891/2637/1901 124/2140/1565 887/2139/1564
f 2287/2638/1890 2288/2639/1892 887/2137/1564 886/2136/1563
f 2286/2623/1891 2287/2622/1890 886/2134/1563 885/2133/1562
f 888/2640/1902 2286/2641/1891 885/2132/1562 123/2131/1561
f 889/2642/1903 2283/2643/1887 2286/2641/1891 888/2640/1902
f 890/2629/1895 2280/2628/1884 2283/2643/1887 889/2642/1903
f 2289/2644/1904 2290/2645/1905 2293/2646/1906 2292/2647/1907
f 2290/2645/1905 2291/2648/1908 2294/2649/1909 2293/2646/1906
f 2292/2647/1907 2293/2646/1906 2296/2650/1910 2295/2651/1911
f 2293/2646/1906 2294/2649/1909 2297/2652/1912 2296/2650/1910
f 105/2145/1526 897/2143/1568 2289/2644/1904 873/2653/1525
f 897/2143/1568 898/2142/1567 2290/2645/1905 2289/2644/1904
f 898/2142/1567 899/2141/1566 2291/2648/1908 2290/2645/1905
f 899/2141/1566 124/2140/1565 891/2637/1901 2291/2648/1908
f 2291/2648/1908 891/2637/1901 892/2636/1900 2294/2649/1909
f 2294/2649/1909 892/2636/1900 893/2635/1899 2297/2652/1912
f 2297/2652/1912 893/2635/1899 126/2634/1898 905/2654/1913
f 2296/2650/1910 2297/2652/1912 905/2654/1913 904/2655/1914
f 2295/2651/1911 2296/2650/1910 904/2655/1914 903/2656/1915
f 875/2657/1519 2295/2651/1911 903/2656/1915 122/2658/1517
f 874/2659/1527 2292/2647/1907 2295/2651/1911 875/2657/1519
f 873/2653/1525 2289/2644/1904 2292/2647/1907 874/2659/1527
f 2298/2660/1916 2299/2661/1917 2302/2662/1918 2301/2663/1919
f 2299/2661/1917 2300/2664/1920 2303/2665/1921 2302/2662/1918
f 2301/2663/1919 2302/2662/1918 2305/2666/1922 2304/2667/1923
f 2302/2662/1918 2303/2665/1921 2306/2668/1924 2305/2666/1922
f 121/2164/1583 908/2669/1925 2298/2660/1916 872/2165/1584
f 908/2669/1925 907/2670/1926 2299/2661/1917 2298/2660/1916
f 907/2670/1926 906/2671/1927 2300/2664/1920 2299/2661/1917
f 906/2671/1927 125/2626/1893 890/2629/1895 2300/2664/1920
f 2300/2664/1920 890/2629/1895 889/2642/1903 2303/2665/1921
f 2303/2665/1921 889/2642/1903 888/2640/1902 2306/2668/1924
f 2306/2668/1924 888/2640/1902 123/2131/1561 900/2129/1560
f 2305/2666/1922 2306/2668/1924 900/2129/1560 901/2127/1559
f 2304/2667/1923 2305/2666/1922 901/2127/1559 902/2124/1557
f 870/2167/1586 2304/2667/1923 902/2124/1557 103/2055/1497
f 871/2166/1585 2301/2663/1919 2304/2667/1923 870/2167/1586
f 872/2165/1584 2298/2660/1916 2301/2663/1919 871/2166/1585
f 2307/2672/1928 2308/2673/1929 2311/2674/1930 2310/2675/1931
f 2308/2676/1929 2309/2677/1932 2312/2678/1933 2311/2679/1930
f 2310/2680/1931 2311/2681/1930 2314/2682/1934 2313/2683/1935
f 2311/2681/1930 2312/2684/1933 2315/2685/1936 2314/2682/1934
f 136/2686/1937 962/2687/1938 2307/2688/1928 980/2689/1939
f 962/2690/1938 961/2691/1940 2308/2676/1929 2307/2692/1928
f 961/2693/1940 960/2694/1941 2309/2695/1932 2308/2696/1929
f 960/2694/1941 129/2697/1942 912/2698/1943 2309/2695/1932
f 2309/2677/1932 912/2699/1943 913/2700/1944 2312/2678/1933
f 2312/2684/1933 913/2701/1944 914/2702/1945 2315/2685/1936
f 2315/2685/1936 914/2702/1945 130/2703/1946 923/2704/1947
f 2314/2682/1934 2315/2685/1936 923/2704/1947 922/2705/1948
f 2313/2683/1935 2314/2682/1934 922/2705/1948 921/2706/1949
f 978/2707/1950 2313/2683/1935 921/2706/1949 135/2708/1951
f 979/2709/1952 2310/2680/1931 2313/2683/1935 978/2707/1950
f 980/2710/1939 2307/2672/1928 2310/2675/1931 979/2711/1952
f 2316/2712/1953 2317/2713/1954 2320/2714/1955 2319/2715/1956
f 2317/2713/1954 2318/2716/1957 2321/2717/1958 2320/2714/1955
f 2319/2715/1956 2320/2714/1955 2323/2718/1959 2322/2719/1960
f 2320/2714/1955 2321/2717/1958 2324/2720/1961 2323/2718/1959
f 172/2721/1962 1196/2722/1963 2316/2712/1953 1214/2723/1964
f 1196/2722/1963 1195/2724/1965 2317/2713/1954 2316/2712/1953
f 1195/2724/1965 1194/2725/1966 2318/2716/1957 2317/2713/1954
f 1194/2725/1966 134/2726/1967 941/2727/1968 2318/2716/1957
f 2318/2716/1957 941/2727/1968 940/2728/1969 2321/2717/1958
f 2321/2717/1958 940/2728/1969 939/2729/1970 2324/2720/1961
f 2324/2720/1961 939/2729/1970 132/2730/1971 947/2731/1972
f 2323/2718/1959 2324/2720/1961 947/2731/1972 946/2732/1973
f 2322/2719/1960 2323/2718/1959 946/2732/1973 945/2733/1974
f 1212/2734/1975 2322/2719/1960 945/2733/1974 171/2735/1976
f 1213/2736/1977 2319/2715/1956 2322/2719/1960 1212/2734/1975
f 1214/2723/1964 2316/2712/1953 2319/2715/1956 1213/2736/1977
f 2325/2737/1978 2326/2738/1979 2329/2739/1980 2328/2740/1981
f 2326/2738/1979 2327/2741/1982 2330/2742/1983 2329/2739/1980
f 2328/2740/1981 2329/2739/1980 2332/2743/1984 2331/2744/1985
f 2329/2739/1980 2330/2742/1983 2333/2745/1986 2332/2743/1984
f 135/2708/1951 921/2706/1949 2325/2737/1978 977/2746/1987
f 921/2706/1949 922/2705/1948 2326/2738/1979 2325/2737/1978
f 922/2705/1948 923/2704/1947 2327/2741/1982 2326/2738/1979
f 923/2704/1947 130/2703/1946 917/2747/1988 2327/2741/1982
f 2327/2741/1982 917/2747/1988 916/2748/1989 2330/2742/1983
f 2330/2742/1983 916/2748/1989 915/2749/1990 2333/2745/1986
f 2333/2745/1986 915/2749/1990 128/2750/1991 929/2751/1992
f 2332/2743/1984 2333/2745/1986 929/2751/1992 928/2752/1993
f 2331/2744/1985 2332/2743/1984 928/2752/1993 927/2753/1994
f 975/2754/1995 2331/2744/1985 927/2753/1994 137/2755/1996
f 976/2756/1997 2328/2740/1981 2331/2744/1985 975/2754/1995
f 977/2746/1987 2325/2737/1978 2328/2740/1981 976/2756/1997
f 2334/2757/1998 2335/2758/1999 2338/2759/2000 2337/2760/2001
f 2335/2758/1999 2336/2761/2002 2339/2762/2003 2338/2759/2000
f 2337/2763/2001 2338/2764/2000 2341/2765/2004 2340/2766/2005
f 2338/2764/2000 2339/2767/2003 2342/2768/2006 2341/2765/2004
f 137/2755/1996 927/2753/1994 2334/2769/1998 974/2770/2007
f 927/2753/1994 928/2752/1993 2335/2771/1999 2334/2769/1998
f 928/2752/1993 929/2751/1992 2336/2772/2002 2335/2771/1999
f 929/2751/1992 128/2750/1991 911/2773/2008 2336/2772/2002
f 2336/2774/2002 911/2775/2008 910/2776/2009 2339/2777/2003
f 2339/2767/2003 910/2778/2009 909/2779/2010 2342/2768/2006
f 2342/2768/2006 909/2779/2010 127/2780/2011 932/2781/2012
f 2341/2765/2004 2342/2768/2006 932/2781/2012 931/2782/2013
f 2340/2766/2005 2341/2765/2004 931/2782/2013 930/2783/2014
f 972/2784/2015 2340/2766/2005 930/2783/2014 138/2785/2016
f 973/2786/2017 2337/2763/2001 2340/2766/2005 972/2784/2015
f 974/2787/2007 2334/2757/1998 2337/2760/2001 973/2788/2017
f 2343/2789/2018 2344/2790/2019 2347/2791/2020 2346/2792/2021
f 2344/2790/2019 2345/2793/2022 2348/2794/2023 2347/2791/2020
f 2346/2792/2021 2347/2791/2020 2350/2795/2024 2349/2796/2025
f 2347/2791/2020 2348/2794/2023 2351/2797/2026 2350/2795/2024
f 138/2785/2016 930/2783/2014 2343/2789/2018 971/2798/2027
f 930/2783/2014 931/2782/2013 2344/2790/2019 2343/2789/2018
f 931/2782/2013 932/2781/2012 2345/2793/2022 2344/2790/2019
f 932/2781/2012 127/2780/2011 920/2799/2028 2345/2793/2022
f 2345/2793/2022 920/2799/2028 919/2800/2029 2348/2794/2023
f 2348/2794/2023 919/2800/2029 918/2801/2030 2351/2797/2026
f 2351/2797/2026 918/2801/2030 129/2697/1942 960/2694/1941
f 2350/2795/2024 2351/2797/2026 960/2694/1941 961/2693/1940
f 2349/2796/2025 2350/2795/2024 961/2693/1940 962/2687/1938
f 969/2802/2031 2349/2796/2025 962/2687/1938 136/2686/1937
f 970/2803/2032 2346/2792/2021 2349/2796/2025 969/2802/2031
f 971/2798/2027 2343/2789/2018 2346/2792/2021 970/2803/2032
f 2352/2804/2033 2353/2805/2034 2356/2806/2035 2355/2807/2036
f 2353/2805/2034 2354/2808/2037 2357/2809/2038 2356/2806/2035
f 2355/2807/2036 2356/2806/2035 2359/2810/2039 2358/2811/2040
f 2356/2806/2035 2357/2809/2038 2360/2812/2041 2359/2810/2039
f 133/2813/2042 1184/2814/2043 2352/2804/2033 936/2815/2044
f 1184/2814/2043 1183/2816/2045 2353/2805/2034 2352/2804/2033
f 1183/2816/2045 1182/2817/2046 2354/2808/2037 2353/2805/2034
f 1182/2817/2046 169/2818/2047 1170/2819/2048 2354/2808/2037
f 2354/2808/2037 1170/2819/2048 1171/2820/2049 2357/2809/2038
f 2357/2809/2038 1171/2820/2049 1172/2821/2050 2360/2812/2041
f 2360/2812/2041 1172/2821/2050 170/2822/2051 1181/2823/2052
f 2359/2810/2039 2360/2812/2041 1181/2823/2052 1180/2824/2053
f 2358/2811/2040 2359/2810/2039 1180/2824/2053 1179/2825/2054
f 938/2826/2055 2358/2811/2040 1179/2825/2054 134/2726/1967
f 937/2827/2056 2355/2807/2036 2358/2811/2040 938/2826/2055
f 936/2815/2044 2352/2804/2033 2355/2807/2036 937/2827/2056
f 2361/2828/2057 2362/2829/2058 2365/2830/2059 2364/2831/2060
f 2362/2832/2058 2363/2833/2061 2366/2834/2062 2365/2835/2059
f 2364/2831/2060 2365/2830/2059 2368/2836/2063 2367/2837/2064
f 2365/2830/2059 2366/2838/2062 2369/2839/2065 2368/2836/2063
f 171/2735/1976 945/2733/1974 2361/2828/2057 1211/2840/2066
f 945/2733/1974 946/2732/1973 2362/2829/2058 2361/2828/2057
f 946/2732/1973 947/2731/1972 2363/2841/2061 2362/2829/2058
f 947/2842/1972 132/2843/1971 935/2844/2067 2363/2833/2061
f 2363/2833/2061 935/2844/2067 934/2845/2068 2366/2834/2062
f 2366/2838/2062 934/2846/2068 933/2847/2069 2369/2839/2065
f 2369/2839/2065 933/2847/2069 131/2848/2070 953/2849/2071
f 2368/2836/2063 2369/2839/2065 953/2849/2071 952/2850/2072
f 2367/2837/2064 2368/2836/2063 952/2850/2072 951/2851/2073
f 1209/2852/2074 2367/2837/2064 951/2851/2073 173/2853/2075
f 1210/2854/2076 2364/2831/2060 2367/2837/2064 1209/2852/2074
f 1211/2840/2066 2361/2828/2057 2364/2831/2060 1210/2854/2076
f 2370/2855/2077 2371/2856/2078 2374/2857/2079 2373/2858/2080
f 2371/2856/2078 2372/2859/2081 2375/2860/2082 2374/2857/2079
f 2373/2858/2080 2374/2857/2079 2377/2861/2083 2376/2862/2084
f 2374/2857/2079 2375/2860/2082 2378/2863/2085 2377/2861/2083
f 173/2853/2075 951/2851/2073 2370/2855/2077 1208/2864/2086
f 951/2851/2073 952/2850/2072 2371/2856/2078 2370/2855/2077
f 952/2850/2072 953/2849/2071 2372/2859/2081 2371/2856/2078
f 953/2849/2071 131/2848/2070 944/2865/2087 2372/2859/2081
f 2372/2859/2081 944/2865/2087 943/2866/2088 2375/2860/2082
f 2375/2860/2082 943/2866/2088 942/2867/2089 2378/2863/2085
f 2378/2863/2085 942/2867/2089 133/2813/2042 956/2868/2090
f 2377/2861/2083 2378/2863/2085 956/2868/2090 955/2869/2091
f 2376/2862/2084 2377/2861/2083 955/2869/2091 954/2870/2092
f 1206/2871/2093 2376/2862/2084 954/2870/2092 174/2872/2094
f 1207/2873/2095 2373/2858/2080 2376/2862/2084 1206/2871/2093
f 1208/2864/2086 2370/2855/2077 2373/2858/2080 1207/2873/2095
f 2379/2874/2096 2380/2875/2097 2383/2876/2098 2382/2877/2099
f 2380/2875/2097 2381/2878/2100 2384/2879/2101 2383/2876/2098
f 2382/2877/2099 2383/2876/2098 2386/2880/2102 2385/2881/2103
f 2383/2876/2098 2384/2879/2101 2387/2882/2104 2386/2880/2102
f 174/2872/2094 954/2870/2092 2379/2874/2096 1205/2883/2105
f 954/2870/2092 955/2869/2091 2380/2875/2097 2379/2874/2096
f 955/2869/2091 956/2868/2090 2381/2878/2100 2380/2875/2097
f 956/2868/2090 133/2813/2042 936/2815/2044 2381/2878/2100
f 2381/2878/2100 936/2815/2044 937/2827/2056 2384/2879/2101
f 2384/2879/2101 937/2827/2056 938/2826/2055 2387/2882/2104
f 2387/2882/2104 938/2826/2055 134/2726/1967 1194/2725/1966
f 2386/2880/2102 2387/2882/2104 1194/2725/1966 1195/2724/1965
f 2385/2881/2103 2386/2880/2102 1195/2724/1965 1196/2722/1963
f 1203/2884/2106 2385/2881/2103 1196/2722/1963 172/2721/1962
f 1204/2885/2107 2382/2877/2099 2385/2881/2103 1203/2884/2106
f 1205/2883/2105 2379/2874/2096 2382/2877/2099 1204/2885/2107
f 2388/2886/2108 2389/2887/2109 2392/2888/2110 2391/2889/2111
f 2389/2887/2109 2390/2890/2112 2393/2891/2113 2392/2888/2110
f 2391/2889/2111 2392/2888/2110 2395/2892/2114 2394/2893/2115
f 2392/2888/2110 2393/2891/2113 2396/2894/2116 2395/2892/2114
f 121/2164/1583 966/2895/2117 2388/2886/2108 908/2669/1925
f 966/2895/2117 967/2896/2118 2389/2887/2109 2388/2886/2108
f 967/2896/2118 968/2897/2119 2390/2890/2112 2389/2887/2109
f 968/2897/2119 138/2785/2016 971/2798/2027 2390/2890/2112
f 2390/2890/2112 971/2798/2027 970/2803/2032 2393/2891/2113
f 2393/2891/2113 970/2803/2032 969/2802/2031 2396/2894/2116
f 2396/2894/2116 969/2802/2031 136/2686/1937 924/2898/2120
f 2395/2892/2114 2396/2894/2116 924/2898/2120 925/2899/2121
f 2394/2893/2115 2395/2892/2114 925/2899/2121 926/2900/2122
f 906/2671/1927 2394/2893/2115 926/2900/2122 125/2626/1893
f 907/2670/1926 2391/2889/2111 2394/2893/2115 906/2671/1927
f 908/2669/1925 2388/2886/2108 2391/2889/2111 907/2670/1926
f 2397/2901/2123 2398/2902/2124 2401/2903/2125 2400/2904/2126
f 2398/2902/2124 2399/2905/2127 2402/2906/2128 2401/2903/2125
f 2400/2907/2126 2401/2908/2125 2404/2909/2129 2403/2910/2130
f 2401/2908/2125 2402/2911/2128 2405/2912/2131 2404/2909/2129
f 122/2913/1517 963/2914/2132 2397/2915/2123 881/2916/1872
f 963/2917/2132 964/2918/2133 2398/2919/2124 2397/2920/2123
f 964/2918/2133 965/2921/2134 2399/2922/2127 2398/2919/2124
f 965/2921/2134 137/2755/1996 974/2770/2007 2399/2922/2127
f 2399/2923/2127 974/2787/2007 973/2788/2017 2402/2924/2128
f 2402/2911/2128 973/2786/2017 972/2784/2015 2405/2912/2131
f 2405/2912/2131 972/2784/2015 138/2785/2016 968/2897/2119
f 2404/2909/2129 2405/2912/2131 968/2897/2119 967/2896/2118
f 2403/2910/2130 2404/2909/2129 967/2896/2118 966/2895/2117
f 879/2595/1874 2403/2910/2130 966/2895/2117 121/2164/1583
f 880/2594/1873 2400/2907/2126 2403/2910/2130 879/2595/1874
f 881/2925/1872 2397/2901/2123 2400/2904/2126 880/2926/1873
f 2406/2927/2135 2407/2928/2136 2410/2929/2137 2409/2930/2138
f 2407/2928/2136 2408/2931/2139 2411/2932/2140 2410/2929/2137
f 2409/2930/2138 2410/2929/2137 2413/2933/2141 2412/2934/2142
f 2410/2929/2137 2411/2932/2140 2414/2935/2143 2413/2933/2141
f 126/2634/1898 957/2936/2144 2406/2927/2135 905/2654/1913
f 957/2936/2144 958/2937/2145 2407/2928/2136 2406/2927/2135
f 958/2937/2145 959/2938/2146 2408/2931/2139 2407/2928/2136
f 959/2938/2146 135/2708/1951 977/2746/1987 2408/2931/2139
f 2408/2931/2139 977/2746/1987 976/2756/1997 2411/2932/2140
f 2411/2932/2140 976/2756/1997 975/2754/1995 2414/2935/2143
f 2414/2935/2143 975/2754/1995 137/2755/1996 965/2921/2134
f 2413/2933/2141 2414/2935/2143 965/2921/2134 964/2918/2133
f 2412/2934/2142 2413/2933/2141 964/2918/2133 963/2917/2132
f 903/2656/1915 2412/2934/2142 963/2917/2132 122/2658/1517
f 904/2655/1914 2409/2930/2138 2412/2934/2142 903/2656/1915
f 905/2654/1913 2406/2927/2135 2409/2930/2138 904/2655/1914
f 2415/2939/2147 2416/2940/2148 2419/2941/2149 2418/2942/2150
f 2416/2940/2148 2417/2943/2151 2420/2944/2152 2419/2941/2149
f 2418/2945/2150 2419/2946/2149 2422/2947/2153 2421/2948/2154
f 2419/2946/2149 2420/2949/2152 2423/2950/2155 2422/2947/2153
f 125/2626/1893 926/2900/2122 2415/2951/2147 894/2627/1894
f 926/2900/2122 925/2899/2121 2416/2952/2148 2415/2951/2147
f 925/2899/2121 924/2898/2120 2417/2953/2151 2416/2952/2148
f 924/2898/2120 136/2686/1937 980/2689/1939 2417/2953/2151
f 2417/2954/2151 980/2710/1939 979/2711/1952 2420/2955/2152
f 2420/2949/2152 979/2709/1952 978/2707/1950 2423/2950/2155
f 2423/2950/2155 978/2707/1950 135/2708/1951 959/2938/2146
f 2422/2947/2153 2423/2950/2155 959/2938/2146 958/2937/2145
f 2421/2948/2154 2422/2947/2153 958/2937/2145 957/2936/2144
f 896/2633/1897 2421/2948/2154 957/2936/2144 126/2634/1898
f 895/2632/1896 2418/2945/2150 2421/2948/2154 896/2633/1897
f 894/2630/1894 2415/2939/2147 2418/2942/2150 895/2631/1896
f 2424/2956/2156 2425/2957/2157 2428/2958/2158 2427/2959/2159
f 2425/2957/2157 2426/2960/2160 2429/2961/2161 2428/2958/2158
f 2427/2959/2159 2428/2958/2158 2431/2962/2162 2430/2963/2163
f 2428/2958/2158 2429/2961/2161 2432/2964/2164 2431/2962/2162
f 139/2965/2165 981/2966/2166 2424/2956/2156 986/2967/2167
f 981/2966/2166 982/2968/2168 2425/2957/2157 2424/2956/2156
f 982/2968/2168 983/2969/2169 2426/2960/2160 2425/2957/2157
f 983/2969/2169 140/2970/2170 987/2971/2171 2426/2960/2160
f 2426/2960/2160 987/2971/2171 988/2972/2172 2429/2961/2161
f 2429/2961/2161 988/2972/2172 989/2973/2173 2432/2964/2164
f 2432/2964/2164 989/2973/2173 142/2459/1788 990/2974/2174
f 2431/2962/2162 2432/2964/2164 990/2974/2174 991/2975/2175
f 2430/2963/2163 2431/2962/2162 991/2975/2175 992/2976/2176
f 984/2977/2177 2430/2963/2163 992/2976/2176 141/2978/2178
f 985/2979/2179 2427/2959/2159 2430/2963/2163 984/2977/2177
f 986/2967/2167 2424/2956/2156 2427/2959/2159 985/2979/2179
f 2433/2980/2180 2434/2981/2181 2437/2982/2182 2436/2983/2183
f 2434/2981/2181 2435/2984/2184 2438/2985/2185 2437/2982/2182
f 2436/2983/2183 2437/2982/2182 2440/2986/2186 2439/2987/2187
f 2437/2982/2182 2438/2985/2185 2441/2988/2188 2440/2986/2186
f 118/2989/1733 993/2990/2189 2433/2980/2180 848/2991/1812
f 993/2990/2189 994/2992/2190 2434/2981/2181 2433/2980/2180
f 994/2992/2190 995/2993/2191 2435/2984/2184 2434/2981/2181
f 995/2993/2191 140/2970/2170 983/2969/2169 2435/2984/2184
f 2435/2984/2184 983/2969/2169 982/2968/2168 2438/2985/2185
f 2438/2985/2185 982/2968/2168 981/2966/2166 2441/2988/2188
f 2441/2988/2188 981/2966/2166 139/2965/2165 1001/2994/2192
f 2440/2986/2186 2441/2988/2188 1001/2994/2192 1000/2995/2193
f 2439/2987/2187 2440/2986/2186 1000/2995/2193 999/2996/2194
f 846/2497/1814 2439/2987/2187 999/2996/2194 117/2499/1815
f 847/2496/1813 2436/2983/2183 2439/2987/2187 846/2497/1814
f 848/2991/1812 2433/2980/2180 2436/2983/2183 847/2496/1813
f 2442/2997/2195 2443/2998/2196 2446/2999/2197 2445/3000/2198
f 2443/2998/2196 2444/3001/2199 2447/3002/2200 2446/2999/2197
f 2445/3000/2198 2446/2999/2197 2449/3003/2201 2448/3004/2202
f 2446/2999/2197 2447/3002/2200 2450/3005/2203 2449/3003/2201
f 119/2527/1831 1004/3006/2204 2442/2997/2195 857/2528/1832
f 1004/3006/2204 1003/3007/2205 2443/2998/2196 2442/2997/2195
f 1003/3007/2205 1002/3008/2206 2444/3001/2199 2443/2998/2196
f 1002/3008/2206 141/2978/2178 992/2976/2176 2444/3001/2199
f 2444/3001/2199 992/2976/2176 991/2975/2175 2447/3002/2200
f 2447/3002/2200 991/2975/2175 990/2974/2174 2450/3005/2203
f 2450/3005/2203 990/2974/2174 142/2459/1788 996/2461/1790
f 2449/3003/2201 2450/3005/2203 996/2461/1790 997/2474/1802
f 2448/3004/2202 2449/3003/2201 997/2474/1802 998/2472/1801
f 855/3009/1834 2448/3004/2202 998/2472/1801 120/2473/1729
f 856/3010/1833 2445/3000/2198 2448/3004/2202 855/3009/1834
f 857/2528/1832 2442/2997/2195 2445/3000/2198 856/3010/1833
f 2451/3011/2207 2452/3012/2208 2455/3013/2209 2454/3014/2210
f 2452/3012/2208 2453/3015/2211 2456/3016/2212 2455/3013/2209
f 2454/3014/2210 2455/3013/2209 2458/3017/2213 2457/3018/2214
f 2455/3013/2209 2456/3016/2212 2459/3019/2215 2458/3017/2213
f 117/2499/1815 999/2996/2194 2451/3011/2207 851/2548/1844
f 999/2996/2194 1000/2995/2193 2452/3012/2208 2451/3011/2207
f 1000/2995/2193 1001/2994/2192 2453/3015/2211 2452/3012/2208
f 1001/2994/2192 139/2965/2165 986/2967/2167 2453/3015/2211
f 2453/3015/2211 986/2967/2167 985/2979/2179 2456/3016/2212
f 2456/3016/2212 985/2979/2179 984/2977/2177 2459/3019/2215
f 2459/3019/2215 984/2977/2177 141/2978/2178 1002/3008/2206
f 2458/3017/2213 2459/3019/2215 1002/3008/2206 1003/3007/2205
f 2457/3018/2214 2458/3017/2213 1003/3007/2205 1004/3006/2204
f 849/2550/1846 2457/3018/2214 1004/3006/2204 119/2527/1831
f 850/2549/1845 2454/3014/2210 2457/3018/2214 849/2550/1846
f 851/2548/1844 2451/3011/2207 2454/3014/2210 850/2549/1845
f 2460/3020/2216 2461/3021/2217 2464/3022/2218 2463/3023/2219
f 2461/3021/2217 2462/3024/2220 2465/3025/2221 2464/3022/2218
f 2463/3023/2219 2464/3022/2218 2467/3026/2222 2466/3027/2223
f 2464/3022/2218 2465/3025/2221 2468/3028/2224 2467/3026/2222
f 143/3029/2225 1046/3030/2226 2460/3020/2216 1011/3031/2227
f 1046/3030/2226 1045/3032/2228 2461/3021/2217 2460/3020/2216
f 1045/3032/2228 1044/3033/2229 2462/3024/2220 2461/3021/2217
f 1044/3033/2229 147/3034/2230 1035/3035/2231 2462/3024/2220
f 2462/3024/2220 1035/3035/2231 1036/3036/2232 2465/3025/2221
f 2465/3025/2221 1036/3036/2232 1037/3037/2233 2468/3028/2224
f 2468/3028/2224 1037/3037/2233 149/3038/2234 1043/3039/2235
f 2467/3026/2222 2468/3028/2224 1043/3039/2235 1042/3040/2236
f 2466/3027/2223 2467/3026/2222 1042/3040/2236 1041/3041/2237
f 1013/3042/2238 2466/3027/2223 1041/3041/2237 145/3043/2239
f 1012/3044/2240 2463/3023/2219 2466/3027/2223 1013/3042/2238
f 1011/3031/2227 2460/3020/2216 2463/3023/2219 1012/3044/2240
f 2469/3045/2241 2470/3046/2242 2473/3047/2243 2472/3048/2244
f 2470/3046/2242 2471/3049/2245 2474/3050/2246 2473/3047/2243
f 2472/3048/2244 2473/3047/2243 2476/3051/2247 2475/3052/2248
f 2473/3047/2243 2474/3050/2246 2477/3053/2249 2476/3051/2247
f 120/2473/1729 1017/2471/1800 2469/3045/2241 854/3054/1730
f 1017/2471/1800 1018/2470/1799 2470/3046/2242 2469/3045/2241
f 1018/2470/1799 1019/2469/1798 2471/3049/2245 2470/3046/2242
f 1019/2469/1798 144/2468/1797 1007/3055/2250 2471/3049/2245
f 2471/3049/2245 1007/3055/2250 1006/3056/2251 2474/3050/2246
f 2474/3050/2246 1006/3056/2251 1005/3057/2252 2477/3053/2249
f 2477/3053/2249 1005/3057/2252 143/3029/2225 1025/3058/2253
f 2476/3051/2247 2477/3053/2249 1025/3058/2253 1024/3059/2254
f 2475/3052/2248 2476/3051/2247 1024/3059/2254 1023/3060/2255
f 852/3061/1732 2475/3062/2248 1023/3063/2255 118/3064/1733
f 853/3065/1731 2472/3066/2244 2475/3062/2248 852/3061/1732
f 854/3067/1730 2469/3068/2241 2472/3066/2244 853/3065/1731
f 2478/3069/2256 2479/3070/2257 2482/3071/2258 2481/3072/2259
f 2479/3070/2257 2480/3073/2260 2483/3074/2261 2482/3071/2258
f 2481/3072/2259 2482/3071/2258 2485/3075/2262 2484/3076/2263
f 2482/3071/2258 2483/3074/2261 2486/3077/2264 2485/3075/2262
f 118/2989/1733 1023/3060/2255 2478/3069/2256 993/2990/2189
f 1023/3060/2255 1024/3059/2254 2479/3070/2257 2478/3069/2256
f 1024/3059/2254 1025/3058/2253 2480/3073/2260 2479/3070/2257
f 1025/3058/2253 143/3029/2225 1011/3031/2227 2480/3073/2260
f 2480/3073/2260 1011/3031/2227 1012/3044/2240 2483/3074/2261
f 2483/3074/2261 1012/3044/2240 1013/3042/2238 2486/3077/2264
f 2486/3077/2264 1013/3042/2238 145/3043/2239 1028/3078/2265
f 2485/3075/2262 2486/3077/2264 1028/3078/2265 1027/3079/2266
f 2484/3076/2263 2485/3075/2262 1027/3079/2266 1026/3080/2267
f 995/2993/2191 2484/3076/2263 1026/3080/2267 140/2970/2170
f 994/2992/2190 2481/3072/2259 2484/3076/2263 995/2993/2191
f 993/2990/2189 2478/3069/2256 2481/3072/2259 994/2992/2190
f 2487/3081/2268 2488/3082/2269 2491/3083/2270 2490/3084/2271
f 2488/3082/2269 2489/3085/2272 2492/3086/2273 2491/3083/2270
f 2490/3084/2271 2491/3083/2270 2494/3087/2274 2493/3088/2275
f 2491/3083/2270 2492/3086/2273 2495/3089/2276 2494/3087/2274
f 140/2970/2170 1026/3080/2267 2487/3081/2268 987/2971/2171
f 1026/3080/2267 1027/3079/2266 2488/3082/2269 2487/3081/2268
f 1027/3079/2266 1028/3078/2265 2489/3085/2272 2488/3082/2269
f 1028/3078/2265 145/3043/2239 1008/3090/2277 2489/3085/2272
f 2489/3085/2272 1008/3090/2277 1009/3091/2278 2492/3086/2273
f 2492/3086/2273 1009/3091/2278 1010/3092/2279 2495/3089/2276
f 2495/3089/2276 1010/3092/2279 146/2464/1793 1020/2463/1792
f 2494/3087/2274 2495/3089/2276 1020/2463/1792 1021/2462/1791
f 2493/3088/2275 2494/3087/2274 1021/2462/1791 1022/2460/1789
f 989/2973/2173 2493/3088/2275 1022/2460/1789 142/2459/1788
f 988/2972/2172 2490/3084/2271 2493/3088/2275 989/2973/2173
f 987/2971/2171 2487/3081/2268 2490/3084/2271 988/2972/2172
f 2496/3093/2280 2497/3094/2280 2500/3095/2280 2499/3096/2280
f 2497/3094/2280 2498/3097/2280 2501/3098/2281 2500/3095/2280
f 2499/3096/2280 2500/3095/2280 2503/3099/2280 2502/3100/2280
f 2500/3095/2280 2501/3098/2281 2504/3101/2281 2503/3099/2280
f 148/3102/2282 1040/3103/2283 2496/3093/2280 1031/3104/2284
f 1040/3103/2283 1039/3105/2285 2497/3094/2280 2496/3093/2280
f 1039/3105/2285 1038/3106/2286 2498/3097/2280 2497/3094/2280
f 1038/3106/2286 150/3107/2287 1034/3108/2288 2498/3097/2280
f 2498/3097/2280 1034/3108/2288 1033/3109/2289 2501/3098/2281
f 2501/3098/2281 1033/3109/2289 1032/3110/2290 2504/3101/2281
f 2504/3101/2281 1032/3110/2290 149/3038/2234 1037/3037/2233
f 2503/3099/2280 2504/3101/2281 1037/3037/2233 1036/3036/2232
f 2502/3100/2280 2503/3099/2280 1036/3036/2232 1035/3035/2231
f 1029/3111/2291 2502/3100/2280 1035/3035/2231 147/3034/2230
f 1030/3112/2292 2499/3096/2280 2502/3100/2280 1029/3111/2291
f 1031/3104/2284 2496/3093/2280 2499/3096/2280 1030/3112/2292
f 2505/3113/2293 2506/3114/2294 2509/3115/2295 2508/3116/2296
f 2506/3114/2294 2507/3117/2297 2510/3118/2298 2509/3115/2295
f 2508/3116/2296 2509/3115/2295 2512/3119/2299 2511/3120/2300
f 2509/3115/2295 2510/3118/2298 2513/3121/2301 2512/3119/2299
f 144/2468/1797 1049/3122/2302 2505/3113/2293 1007/3055/2250
f 1049/3122/2302 1048/3123/2303 2506/3114/2294 2505/3113/2293
f 1048/3123/2303 1047/3124/2304 2507/3117/2297 2506/3114/2294
f 1047/3124/2304 148/3102/2282 1031/3104/2284 2507/3117/2297
f 2507/3117/2297 1031/3104/2284 1030/3112/2292 2510/3118/2298
f 2510/3118/2298 1030/3112/2292 1029/3111/2291 2513/3121/2301
f 2513/3121/2301 1029/3111/2291 147/3034/2230 1044/3033/2229
f 2512/3119/2299 2513/3121/2301 1044/3033/2229 1045/3032/2228
f 2511/3120/2300 2512/3119/2299 1045/3032/2228 1046/3030/2226
f 1005/3057/2252 2511/3120/2300 1046/3030/2226 143/3029/2225
f 1006/3056/2251 2508/3116/2296 2511/3120/2300 1005/3057/2252
f 1007/3055/2250 2505/3113/2293 2508/3116/2296 1006/3056/2251
f 2514/3125/2305 2515/3126/2306 2518/3127/2307 2517/3128/2308
f 2515/3126/2306 2516/3129/2309 2519/3130/2310 2518/3127/2307
f 2517/3128/2308 2518/3127/2307 2521/3131/2311 2520/3132/2312
f 2518/3127/2307 2519/3130/2310 2522/3133/2313 2521/3131/2311
f 146/2464/1793 1052/3134/2314 2514/3125/2305 1014/2465/1794
f 1052/3134/2314 1051/3135/2315 2515/3126/2306 2514/3125/2305
f 1051/3135/2315 1050/3136/2316 2516/3129/2309 2515/3126/2306
f 1050/3136/2316 150/3107/2287 1038/3106/2286 2516/3129/2309
f 2516/3129/2309 1038/3106/2286 1039/3105/2285 2519/3130/2310
f 2519/3130/2310 1039/3105/2285 1040/3103/2283 2522/3133/2313
f 2522/3133/2313 1040/3103/2283 148/3102/2282 1047/3124/2304
f 2521/3131/2311 2522/3133/2313 1047/3124/2304 1048/3123/2303
f 2520/3132/2312 2521/3131/2311 1048/3123/2303 1049/3122/2302
f 1016/2467/1796 2520/3132/2312 1049/3122/2302 144/2468/1797
f 1015/2466/1795 2517/3128/2308 2520/3132/2312 1016/2467/1796
f 1014/2465/1794 2514/3125/2305 2517/3128/2308 1015/2466/1795
f 2523/3137/2317 2524/3138/2318 2527/3139/2319 2526/3140/2320
f 2524/3138/2318 2525/3141/2321 2528/3142/2322 2527/3139/2319
f 2526/3140/2320 2527/3139/2319 2530/3143/2323 2529/3144/2324
f 2527/3139/2319 2528/3142/2322 2531/3145/2325 2530/3143/2323
f 145/3043/2239 1041/3041/2237 2523/3137/2317 1008/3090/2277
f 1041/3041/2237 1042/3040/2236 2524/3138/2318 2523/3137/2317
f 1042/3040/2236 1043/3039/2235 2525/3141/2321 2524/3138/2318
f 1043/3039/2235 149/3038/2234 1032/3110/2290 2525/3141/2321
f 2525/3141/2321 1032/3110/2290 1033/3109/2289 2528/3142/2322
f 2528/3142/2322 1033/3109/2289 1034/3108/2288 2531/3145/2325
f 2531/3145/2325 1034/3108/2288 150/3107/2287 1050/3136/2316
f 2530/3143/2323 2531/3145/2325 1050/3136/2316 1051/3135/2315
f 2529/3144/2324 2530/3143/2323 1051/3135/2315 1052/3134/2314
f 1010/3092/2279 2529/3144/2324 1052/3134/2314 146/2464/1793
f 1009/3091/2278 2526/3140/2320 2529/3144/2324 1010/3092/2279
f 1008/3090/2277 2523/3137/2317 2526/3140/2320 1009/3091/2278
f 2532/3146/2326 2533/3147/2327 2536/3148/2328 2535/3149/2329
f 2533/3147/2327 2534/3150/2330 2537/3151/2331 2536/3148/2328
f 2535/3149/2329 2536/3148/2328 2539/3152/2332 2538/3153/2333
f 2536/3148/2328 2537/3151/2331 2540/3154/2334 2539/3152/2332
f 165/3155/2335 1154/3156/2336 2532/3146/2326 1166/3157/2337
f 1154/3156/2336 1153/3158/2338 2533/3147/2327 2532/3146/2326
f 1153/3158/2338 1152/3159/2339 2534/3150/2330 2533/3147/2327
f 1152/3159/2339 154/3160/2340 1076/3161/2341 2534/3150/2330
f 2534/3150/2330 1076/3161/2341 1075/3162/2342 2537/3151/2331
f 2537/3151/2331 1075/3162/2342 1074/3163/2343 2540/3154/2334
f 2540/3154/2334 1074/3163/2343 64/1157/889 536/1156/888
f 2539/3152/2332 2540/3154/2334 536/1156/888 535/1155/887
f 2538/3153/2333 2539/3152/2332 535/1155/887 534/1154/886
f 1164/3164/2344 2538/3153/2333 534/1154/886 84/1153/885
f 1165/3165/2345 2535/3149/2329 2538/3153/2333 1164/3164/2344
f 1166/3157/2337 2532/3146/2326 2535/3149/2329 1165/3165/2345
f 2541/3166/2346 2542/3167/2347 2545/3168/2348 2544/3169/2349
f 2542/3170/2347 2543/3171/2350 2546/3172/2351 2545/3173/2348
f 2544/3174/2349 2545/3175/2348 2548/3176/2352 2547/3177/2353
f 2545/3178/2348 2546/3179/2351 2549/3180/2354 2548/3181/2352
f 7/50/44 524/1180/905 2541/3166/2346 770/2085/1522
f 524/1204/905 523/1202/915 2542/3170/2347 2541/3182/2346
f 523/1202/915 522/1203/913 2543/3171/2350 2542/3170/2347
f 522/1200/913 58/1201/914 1055/3183/2355 2543/3184/2350
f 2543/3184/2350 1055/3183/2355 1054/3185/2356 2546/3186/2351
f 2546/3187/2351 1054/3188/2356 1053/3189/2357 2549/3190/2354
f 2549/3191/2354 1053/3192/2357 151/3193/2358 1067/3194/2359
f 2548/3195/2352 2549/3196/2354 1067/3197/2359 1066/3198/2360
f 2547/3199/2353 2548/3200/2352 1066/3201/2360 1065/3202/2361
f 768/2088/1524 2547/3203/2353 1065/3204/2361 105/2090/1526
f 769/3205/1523 2544/3174/2349 2547/3177/2353 768/3206/1524
f 770/2085/1522 2541/3166/2346 2544/3169/2349 769/2086/1523
f 2550/3207/2362 2551/3208/2363 2554/3209/2364 2553/3210/2365
f 2551/3211/2363 2552/3212/2366 2555/3213/2367 2554/3214/2364
f 2553/3215/2365 2554/3216/2364 2557/3217/2368 2556/3218/2369
f 2554/3216/2364 2555/3219/2367 2558/3220/2370 2557/3217/2368
f 105/3221/1526 1065/3222/2361 2550/3223/2362 773/3224/1569
f 1065/3202/2361 1066/3201/2360 2551/3225/2363 2550/3226/2362
f 1066/3198/2360 1067/3197/2359 2552/3227/2366 2551/3228/2363
f 1067/3229/2359 151/3230/2358 1058/3231/2371 2552/3232/2366
f 2552/3232/2366 1058/3231/2371 1057/3233/2372 2555/3234/2367
f 2555/3219/2367 1057/3235/2372 1056/3236/2373 2558/3220/2370
f 2558/3220/2370 1056/3236/2373 152/3237/1502 1062/3238/1501
f 2557/3217/2368 2558/3220/2370 1062/3238/1501 1063/3239/1500
f 2556/3240/2369 2557/3241/2368 1063/2058/1500 1064/2056/1498
f 771/2126/1558 2556/3240/2369 1064/2056/1498 103/2055/1497
f 772/2151/1570 2553/3215/2365 2556/3218/2369 771/2150/1558
f 773/3242/1569 2550/3243/2362 2553/3244/2365 772/3245/1570
f 2559/3246/2374 2560/3247/2375 2563/3248/2376 2562/3249/2377
f 2560/3247/2375 2561/3250/2378 2564/3251/2379 2563/3248/2376
f 2562/3249/2377 2563/3248/2376 2566/3252/2380 2565/3253/2381
f 2563/3248/2376 2564/3251/2379 2567/3254/2382 2566/3252/2380
f 154/3160/2340 1097/3255/2383 2559/3246/2374 1076/3161/2341
f 1097/3255/2383 1096/3256/2384 2560/3247/2375 2559/3246/2374
f 1096/3256/2384 1095/3257/2385 2561/3250/2378 2560/3247/2375
f 1095/3257/2385 157/3258/2386 1094/3259/2387 2561/3250/2378
f 2561/3250/2378 1094/3259/2387 1093/3260/2388 2564/3251/2379
f 2564/3251/2379 1093/3260/2388 1092/3261/2389 2567/3254/2382
f 2567/3254/2382 1092/3261/2389 68/1250/941 557/1249/940
f 2566/3252/2380 2567/3254/2382 557/1249/940 556/1248/939
f 2565/3253/2381 2566/3252/2380 556/1248/939 555/1247/938
f 1074/3163/2343 2565/3253/2381 555/1247/938 64/1157/889
f 1075/3162/2342 2562/3249/2377 2565/3253/2381 1074/3163/2343
f 1076/3161/2341 2559/3246/2374 2562/3249/2377 1075/3162/2342
f 2568/3262/2390 2569/3263/2391 2572/3264/2392 2571/3265/2393
f 2569/3263/2391 2570/3266/2394 2573/3267/2395 2572/3264/2392
f 2571/3268/2393 2572/3269/2392 2575/3270/2396 2574/3271/2397
f 2572/3269/2392 2573/3272/2395 2576/3273/2398 2575/3270/2396
f 166/3274/2399 1157/3275/2400 2568/3276/2390 1163/3277/2401
f 1157/3275/2400 1156/3278/2402 2569/3279/2391 2568/3276/2390
f 1156/3278/2402 1155/3280/2403 2570/3281/2394 2569/3279/2391
f 1155/3280/2403 153/3282/2404 1070/3283/2405 2570/3281/2394
f 2570/3284/2394 1070/3285/2405 1069/3286/2406 2573/3272/2395
f 2573/3272/2395 1069/3286/2406 1068/3287/2407 2576/3273/2398
f 2576/3273/2398 1068/3287/2407 154/3160/2340 1152/3159/2339
f 2575/3270/2396 2576/3273/2398 1152/3159/2339 1153/3158/2338
f 2574/3271/2397 2575/3270/2396 1153/3158/2338 1154/3156/2336
f 1161/3288/2408 2574/3271/2397 1154/3156/2336 165/3155/2335
f 1162/3289/2409 2571/3268/2393 2574/3271/2397 1161/3288/2408
f 1163/3290/2401 2568/3262/2390 2571/3265/2393 1162/3291/2409
f 2577/3292/2410 2578/3293/2411 2581/3294/2412 2580/3295/2413
f 2578/3293/2411 2579/3296/2414 2582/3297/2415 2581/3294/2412
f 2580/3295/2413 2581/3294/2412 2584/3298/2416 2583/3299/2417
f 2581/3294/2412 2582/3297/2415 2585/3300/2418 2584/3298/2416
f 78/1286/977 641/1288/979 2577/3292/2410 1160/3301/2419
f 641/1288/979 640/1306/987 2578/3293/2411 2577/3292/2410
f 640/1306/987 639/1304/985 2579/3296/2414 2578/3293/2411
f 639/1304/985 62/1305/986 779/3302/2420 2579/3296/2414
f 2579/3296/2414 779/3302/2420 778/3303/2421 2582/3297/2415
f 2582/3297/2415 778/3303/2421 777/3304/2422 2585/3300/2418
f 2585/3300/2418 777/3304/2422 153/3305/2404 1155/3306/2403
f 2584/3298/2416 2585/3300/2418 1155/3306/2403 1156/3307/2402
f 2583/3299/2417 2584/3298/2416 1156/3307/2402 1157/3308/2400
f 1158/3309/2423 2583/3310/2417 1157/3311/2400 166/3312/2399
f 1159/3313/2424 2580/3314/2413 2583/3310/2417 1158/3309/2423
f 1160/3315/2419 2577/3316/2410 2580/3314/2413 1159/3313/2424
f 2586/3317/2425 2587/3318/2426 2590/3319/2427 2589/3320/2428
f 2587/3318/2426 2588/3321/2429 2591/3322/2430 2590/3319/2427
f 2589/3320/2428 2590/3319/2427 2593/3323/2431 2592/3324/2432
f 2590/3319/2427 2591/3322/2430 2594/3325/2433 2593/3323/2431
f 62/1305/986 578/1316/997 2586/3317/2425 779/3302/2420
f 578/1316/997 577/1329/1007 2587/3318/2426 2586/3317/2425
f 577/1329/1007 576/1327/1005 2588/3321/2429 2587/3318/2426
f 576/1327/1005 74/1328/1006 1115/3326/2434 2588/3321/2429
f 2588/3321/2429 1115/3326/2434 1114/3327/2435 2591/3322/2430
f 2591/3322/2430 1114/3327/2435 1113/3328/2436 2594/3325/2433
f 2594/3325/2433 1113/3328/2436 160/3329/2437 1103/3330/2438
f 2593/3323/2431 2594/3325/2433 1103/3330/2438 1102/3331/2439
f 2592/3324/2432 2593/3323/2431 1102/3331/2439 1101/3332/2440
f 777/3304/2422 2592/3324/2432 1101/3332/2440 153/3305/2404
f 778/3303/2421 2589/3320/2428 2592/3324/2432 777/3304/2422
f 779/3302/2420 2586/3317/2425 2589/3320/2428 778/3303/2421
f 2595/3333/2441 2596/3334/2442 2599/3335/2443 2598/3336/2444
f 2596/3334/2442 2597/3337/2445 2600/3338/2446 2599/3335/2443
f 2598/3336/2444 2599/3335/2443 2602/3339/2447 2601/3340/2448
f 2599/3335/2443 2600/3338/2446 2603/3341/2449 2602/3339/2447
f 153/3282/2404 1100/3342/2450 2595/3343/2441 1070/3283/2405
f 1100/3344/2450 1099/3345/2451 2596/3334/2442 2595/3333/2441
f 1099/3345/2451 1098/3346/2452 2597/3337/2445 2596/3334/2442
f 1098/3346/2452 155/3347/2453 1088/3348/2454 2597/3337/2445
f 2597/3337/2445 1088/3348/2454 1087/3349/2455 2600/3338/2446
f 2600/3338/2446 1087/3349/2455 1086/3350/2456 2603/3341/2449
f 2603/3341/2449 1086/3350/2456 157/3258/2386 1095/3257/2385
f 2602/3339/2447 2603/3341/2449 1095/3257/2385 1096/3256/2384
f 2601/3340/2448 2602/3339/2447 1096/3256/2384 1097/3255/2383
f 1068/3287/2407 2601/3340/2448 1097/3255/2383 154/3160/2340
f 1069/3286/2406 2598/3336/2444 2601/3340/2448 1068/3287/2407
f 1070/3285/2405 2595/3333/2441 2598/3336/2444 1069/3286/2406
f 2604/3351/2457 2605/3352/2458 2608/3353/2459 2607/3354/2460
f 2605/3352/2458 2606/3355/2461 2609/3356/2462 2608/3353/2459
f 2607/3354/2460 2608/3353/2459 2611/3357/2463 2610/3358/2464
f 2608/3353/2459 2609/3356/2462 2612/3359/2465 2611/3357/2463
f 155/3347/2453 1136/3360/2466 2604/3351/2457 1089/3361/2467
f 1136/3360/2466 1135/3362/2468 2605/3352/2458 2604/3351/2457
f 1135/3362/2468 1134/3363/2469 2606/3355/2461 2605/3352/2458
f 1134/3363/2469 162/3364/2470 1122/3365/2471 2606/3355/2461
f 2606/3355/2461 1122/3365/2471 1123/3366/2472 2609/3356/2462
f 2609/3356/2462 1123/3366/2472 1124/3367/2473 2612/3359/2465
f 2612/3359/2465 1124/3367/2473 161/3368/2474 1085/3369/2475
f 2611/3357/2463 2612/3359/2465 1085/3369/2475 1084/3370/2476
f 2610/3358/2464 2611/3357/2463 1084/3370/2476 1083/3371/2477
f 1091/3372/2478 2610/3358/2464 1083/3371/2477 158/3373/2479
f 1090/3374/2480 2607/3354/2460 2610/3358/2464 1091/3372/2478
f 1089/3361/2467 2604/3351/2457 2607/3354/2460 1090/3374/2480
f 2613/3375/2481 2614/3376/2482 2617/3377/2483 2616/3378/2484
f 2614/3376/2482 2615/3379/2485 2618/3380/2486 2617/3377/2483
f 2616/3378/2484 2617/3377/2483 2620/3381/2487 2619/3382/2488
f 2617/3377/2483 2618/3380/2486 2621/3383/2489 2620/3381/2487
f 159/3384/2490 1104/3385/2491 2613/3375/2481 1109/3386/2492
f 1104/3385/2491 1105/3387/2493 2614/3376/2482 2613/3375/2481
f 1105/3387/2493 1106/3388/2494 2615/3379/2485 2614/3376/2482
f 1106/3388/2494 158/3373/2479 1071/3389/2495 2615/3379/2485
f 2615/3379/2485 1071/3389/2495 1072/3390/2496 2618/3380/2486
f 2618/3380/2486 1072/3390/2496 1073/3391/2497 2621/3383/2489
f 2621/3383/2489 1073/3391/2497 70/1388/1066 570/1387/1065
f 2620/3381/2487 2621/3383/2489 570/1387/1065 571/1386/1064
f 2619/3382/2488 2620/3381/2487 571/1386/1064 572/1385/1063
f 1107/3392/2498 2619/3382/2488 572/1385/1063 72/1384/1062
f 1108/3393/2499 2616/3378/2484 2619/3382/2488 1107/3392/2498
f 1109/3386/2492 2613/3375/2481 2616/3378/2484 1108/3393/2499
f 2622/3394/2500 2623/3395/2501 2626/3396/2502 2625/3397/2503
f 2623/3395/2501 2624/3398/2504 2627/3399/2505 2626/3396/2502
f 2625/3397/2503 2626/3396/2502 2629/3400/2506 2628/3401/2507
f 2626/3396/2502 2627/3399/2505 2630/3402/2508 2629/3400/2506
f 157/3258/2386 1112/3403/2509 2622/3394/2500 1094/3259/2387
f 1112/3403/2509 1111/3404/2510 2623/3395/2501 2622/3394/2500
f 1111/3404/2510 1110/3405/2511 2624/3398/2504 2623/3395/2501
f 1110/3405/2511 159/3384/2490 1109/3386/2492 2624/3398/2504
f 2624/3398/2504 1109/3386/2492 1108/3393/2499 2627/3399/2505
f 2627/3399/2505 1108/3393/2499 1107/3392/2498 2630/3402/2508
f 2630/3402/2508 1107/3392/2498 72/1384/1062 581/1406/1084
f 2629/3400/2506 2630/3402/2508 581/1406/1084 580/1405/1083
f 2628/3401/2507 2629/3400/2506 580/1405/1083 579/1404/1082
f 1092/3261/2389 2628/3401/2507 579/1404/1082 68/1250/941
f 1093/3260/2388 2625/3397/2503 2628/3401/2507 1092/3261/2389
f 1094/3259/2387 2622/3394/2500 2625/3397/2503 1093/3260/2388
f 2631/3406/2512 2632/3407/2513 2635/3408/2514 2634/3409/2515
f 2632/3407/2513 2633/3410/2516 2636/3411/2517 2635/3408/2514
f 2634/3409/2515 2635/3408/2514 2638/3412/2518 2637/3413/2519
f 2635/3408/2514 2636/3411/2517 2639/3414/2520 2638/3412/2518
f 155/3347/2453 1089/3361/2467 2631/3406/2512 1088/3348/2454
f 1089/3361/2467 1090/3374/2480 2632/3407/2513 2631/3406/2512
f 1090/3374/2480 1091/3372/2478 2633/3410/2516 2632/3407/2513
f 1091/3372/2478 158/3373/2479 1106/3388/2494 2633/3410/2516
f 2633/3410/2516 1106/3388/2494 1105/3387/2493 2636/3411/2517
f 2636/3411/2517 1105/3387/2493 1104/3385/2491 2639/3414/2520
f 2639/3414/2520 1104/3385/2491 159/3384/2490 1110/3405/2511
f 2638/3412/2518 2639/3414/2520 1110/3405/2511 1111/3404/2510
f 2637/3413/2519 2638/3412/2518 1111/3404/2510 1112/3403/2509
f 1086/3350/2456 2637/3413/2519 1112/3403/2509 157/3258/2386
f 1087/3349/2455 2634/3409/2515 2637/3413/2519 1086/3350/2456
f 1088/3348/2454 2631/3406/2512 2634/3409/2515 1087/3349/2455
f 2640/3415/2521 2641/3416/2522 2644/3417/2523 2643/3418/2524
f 2641/3416/2522 2642/3419/2525 2645/3420/2526 2644/3417/2523
f 2643/3418/2524 2644/3417/2523 2647/3421/2527 2646/3422/2528
f 2644/3417/2523 2645/3420/2526 2648/3423/2529 2647/3421/2527
f 74/1427/1006 635/1429/1105 2640/3415/2521 1115/3424/2434
f 635/1429/1105 634/1445/1115 2641/3416/2522 2640/3415/2521
f 634/1445/1115 633/1443/1113 2642/3419/2525 2641/3416/2522
f 633/1443/1113 79/1444/1114 1139/3425/2530 2642/3419/2525
f 2642/3419/2525 1139/3425/2530 1138/3426/2531 2645/3420/2526
f 2645/3420/2526 1138/3426/2531 1137/3427/2532 2648/3423/2529
f 2648/3423/2529 1137/3427/2532 156/3428/2533 1119/3429/2534
f 2647/3421/2527 2648/3423/2529 1119/3429/2534 1120/3430/2535
f 2646/3422/2528 2647/3421/2527 1120/3430/2535 1121/3431/2536
f 1113/3432/2436 2646/3422/2528 1121/3431/2536 160/3433/2437
f 1114/3434/2435 2643/3418/2524 2646/3422/2528 1113/3432/2436
f 1115/3424/2434 2640/3415/2521 2643/3418/2524 1114/3434/2435
f 2649/3435/2537 2650/3436/2538 2653/3437/2539 2652/3438/2540
f 2650/3436/2538 2651/3439/2541 2654/3440/2542 2653/3437/2539
f 2652/3438/2540 2653/3437/2539 2656/3441/2543 2655/3442/2544
f 2653/3437/2539 2654/3440/2542 2657/3443/2545 2656/3441/2543
f 160/3444/2437 1121/3445/2536 2649/3446/2537 1127/3447/2546
f 1121/3431/2536 1120/3430/2535 2650/3448/2538 2649/3449/2537
f 1120/3430/2535 1119/3429/2534 2651/3439/2541 2650/3436/2538
f 1119/3429/2534 156/3428/2533 1151/3450/2547 2651/3439/2541
f 2651/3439/2541 1151/3450/2547 1150/3451/2548 2654/3440/2542
f 2654/3440/2542 1150/3451/2548 1149/3452/2549 2657/3443/2545
f 2657/3443/2545 1149/3452/2549 164/3453/2550 1133/3454/2551
f 2656/3441/2543 2657/3443/2545 1133/3454/2551 1132/3455/2552
f 2655/3442/2544 2656/3441/2543 1132/3455/2552 1131/3456/2553
f 1125/3457/2554 2655/3458/2544 1131/3459/2553 162/3364/2470
f 1126/3460/2555 2652/3461/2540 2655/3458/2544 1125/3457/2554
f 1127/3462/2546 2649/3463/2537 2652/3464/2540 1126/3465/2555
f 2658/3466/2556 2659/3467/2557 2662/3468/2558 2661/3469/2559
f 2659/3467/2557 2660/3470/2560 2663/3471/2561 2662/3468/2558
f 2661/3469/2559 2662/3468/2558 2665/3472/2562 2664/3473/2563
f 2662/3468/2558 2663/3471/2561 2666/3474/2564 2665/3472/2562
f 158/3373/2479 1083/3371/2477 2658/3466/2556 1071/3389/2495
f 1083/3371/2477 1084/3370/2476 2659/3467/2557 2658/3466/2556
f 1084/3370/2476 1085/3369/2475 2660/3470/2560 2659/3467/2557
f 1085/3369/2475 161/3368/2474 1116/3475/2565 2660/3470/2560
f 2660/3470/2560 1116/3475/2565 1117/3476/2566 2663/3471/2561
f 2663/3471/2561 1117/3476/2566 1118/3477/2567 2666/3474/2564
f 2666/3474/2564 1118/3477/2567 76/1483/1147 611/1482/1146
f 2665/3472/2562 2666/3474/2564 611/1482/1146 610/1481/1145
f 2664/3473/2563 2665/3472/2562 610/1481/1145 609/1480/1144
f 1073/3391/2497 2664/3473/2563 609/1480/1144 70/1388/1066
f 1072/3390/2496 2661/3469/2559 2664/3473/2563 1073/3391/2497
f 1071/3389/2495 2658/3466/2556 2661/3469/2559 1072/3390/2496
f 2667/3478/2568 2668/3479/2569 2671/3480/2570 2670/3481/2571
f 2668/3479/2569 2669/3482/2572 2672/3483/2573 2671/3480/2570
f 2670/3481/2571 2671/3480/2570 2674/3484/2574 2673/3485/2575
f 2671/3480/2570 2672/3483/2573 2675/3486/2576 2674/3484/2574
f 153/3282/2404 1101/3487/2440 2667/3488/2568 1100/3342/2450
f 1101/3489/2440 1102/3490/2439 2668/3479/2569 2667/3478/2568
f 1102/3490/2439 1103/3491/2438 2669/3482/2572 2668/3479/2569
f 1103/3491/2438 160/3492/2437 1127/3493/2546 2669/3482/2572
f 2669/3482/2572 1127/3493/2546 1126/3460/2555 2672/3483/2573
f 2672/3483/2573 1126/3460/2555 1125/3457/2554 2675/3486/2576
f 2675/3486/2576 1125/3457/2554 162/3364/2470 1134/3363/2469
f 2674/3484/2574 2675/3486/2576 1134/3363/2469 1135/3362/2468
f 2673/3485/2575 2674/3484/2574 1135/3362/2468 1136/3360/2466
f 1098/3346/2452 2673/3485/2575 1136/3360/2466 155/3347/2453
f 1099/3345/2451 2670/3481/2571 2673/3485/2575 1098/3346/2452
f 1100/3344/2450 2667/3478/2568 2670/3481/2571 1099/3345/2451
f 2676/3494/2577 2677/3495/2578 2680/3496/2579 2679/3497/2580
f 2677/3495/2578 2678/3498/2581 2681/3499/2582 2680/3496/2579
f 2679/3497/2580 2680/3496/2579 2683/3500/2583 2682/3501/2584
f 2680/3496/2579 2681/3499/2582 2684/3502/2585 2683/3500/2583
f 83/1510/1169 632/1512/1171 2676/3494/2577 1145/3503/2586
f 632/1512/1171 631/1524/1183 2677/3495/2578 2676/3494/2577
f 631/1524/1183 630/1522/1181 2678/3498/2581 2677/3495/2578
f 630/1522/1181 81/1523/1182 1142/3504/2587 2678/3498/2581
f 2678/3498/2581 1142/3504/2587 1141/3505/2588 2681/3499/2582
f 2681/3499/2582 1141/3505/2588 1140/3506/2589 2684/3502/2585
f 2684/3502/2585 1140/3506/2589 163/3507/2590 1148/3508/2591
f 2683/3500/2583 2684/3502/2585 1148/3508/2591 1147/3509/2592
f 2682/3501/2584 2683/3500/2583 1147/3509/2592 1146/3510/2593
f 1143/3511/2594 2682/3501/2584 1146/3510/2593 164/3453/2550
f 1144/3512/2595 2679/3497/2580 2682/3501/2584 1143/3511/2594
f 1145/3503/2586 2676/3494/2577 2679/3497/2580 1144/3512/2595
f 2685/3513/2596 2686/3514/2597 2689/3515/2598 2688/3516/2599
f 2686/3514/2597 2687/3517/2600 2690/3518/2601 2689/3515/2598
f 2688/3516/2599 2689/3515/2598 2692/3519/2602 2691/3520/2603
f 2689/3515/2598 2690/3518/2601 2693/3521/2604 2692/3519/2602
f 79/1444/1114 629/1534/1193 2685/3513/2596 1139/3425/2530
f 629/1534/1193 628/1536/1195 2686/3514/2597 2685/3513/2596
f 628/1536/1195 627/1535/1194 2687/3517/2600 2686/3514/2597
f 627/1535/1194 83/1510/1169 1145/3503/2586 2687/3517/2600
f 2687/3517/2600 1145/3503/2586 1144/3512/2595 2690/3518/2601
f 2690/3518/2601 1144/3512/2595 1143/3511/2594 2693/3521/2604
f 2693/3521/2604 1143/3511/2594 164/3453/2550 1149/3452/2549
f 2692/3519/2602 2693/3521/2604 1149/3452/2549 1150/3451/2548
f 2691/3520/2603 2692/3519/2602 1150/3451/2548 1151/3450/2547
f 1137/3427/2532 2691/3520/2603 1151/3450/2547 156/3428/2533
f 1138/3426/2531 2688/3516/2599 2691/3520/2603 1137/3427/2532
f 1139/3425/2530 2685/3513/2596 2688/3516/2599 1138/3426/2531
f 2694/3522/2605 2695/3523/2606 2698/3524/2607 2697/3525/2608
f 2695/3523/2606 2696/3526/2609 2699/3527/2610 2698/3524/2607
f 2697/3525/2608 2698/3524/2607 2701/3528/2611 2700/3529/2612
f 2698/3524/2607 2699/3527/2610 2702/3530/2613 2701/3528/2611
f 162/3364/2470 1131/3459/2553 2694/3531/2605 1122/3365/2471
f 1131/3456/2553 1132/3455/2552 2695/3523/2606 2694/3522/2605
f 1132/3455/2552 1133/3454/2551 2696/3526/2609 2695/3523/2606
f 1133/3454/2551 164/3453/2550 1146/3510/2593 2696/3526/2609
f 2696/3526/2609 1146/3510/2593 1147/3509/2592 2699/3527/2610
f 2699/3527/2610 1147/3509/2592 1148/3508/2591 2702/3530/2613
f 2702/3530/2613 1148/3508/2591 163/3507/2590 1130/3532/2614
f 2701/3528/2611 2702/3530/2613 1130/3532/2614 1129/3533/2615
f 2700/3529/2612 2701/3528/2611 1129/3533/2615 1128/3534/2616
f 1124/3367/2473 2700/3535/2612 1128/3536/2616 161/3368/2474
f 1123/3366/2472 2697/3537/2608 2700/3535/2612 1124/3367/2473
f 1122/3365/2471 2694/3531/2605 2697/3537/2608 1123/3366/2472
f 2703/3538/2617 2704/3539/2618 2707/3540/2619 2706/3541/2620
f 2704/3539/2618 2705/3542/2621 2708/3543/2622 2707/3540/2619
f 2706/3541/2620 2707/3540/2619 2710/3544/2623 2709/3545/2624
f 2707/3540/2619 2708/3543/2622 2711/3546/2625 2710/3544/2623
f 161/3368/2474 1128/3536/2616 2703/3547/2617 1116/3475/2565
f 1128/3534/2616 1129/3533/2615 2704/3539/2618 2703/3538/2617
f 1129/3533/2615 1130/3532/2614 2705/3542/2621 2704/3539/2618
f 1130/3532/2614 163/3507/2590 1140/3506/2589 2705/3542/2621
f 2705/3542/2621 1140/3506/2589 1141/3505/2588 2708/3543/2622
f 2708/3543/2622 1141/3505/2588 1142/3504/2587 2711/3546/2625
f 2711/3546/2625 1142/3504/2587 81/1523/1182 638/1574/1219
f 2710/3544/2623 2711/3546/2625 638/1574/1219 637/1573/1218
f 2709/3545/2624 2710/3544/2623 637/1573/1218 636/1572/1217
f 1118/3548/2567 2709/3549/2624 636/3550/1217 76/3551/1147
f 1117/3552/2566 2706/3553/2620 2709/3549/2624 1118/3548/2567
f 1116/3554/2565 2703/3555/2617 2706/3553/2620 1117/3552/2566
f 2712/3556/2626 2713/3557/2627 2716/3558/2628 2715/3559/2629
f 2713/3557/2627 2714/3560/2630 2717/3561/2631 2716/3558/2628
f 2715/3559/2629 2716/3558/2628 2719/3562/2632 2718/3563/2633
f 2716/3558/2628 2717/3561/2631 2720/3564/2634 2719/3562/2632
f 58/3565/914 509/1619/1229 2712/3556/2626 1055/3566/2355
f 509/1619/1229 508/1617/1234 2713/3557/2627 2712/3556/2626
f 508/1617/1234 507/1618/1233 2714/3560/2630 2713/3557/2627
f 507/1615/1233 78/1616/977 1160/3567/2419 2714/3568/2630
f 2714/3568/2630 1160/3567/2419 1159/3569/2424 2717/3570/2631
f 2717/3570/2631 1159/3569/2424 1158/3571/2423 2720/3572/2634
f 2720/3572/2634 1158/3571/2423 166/3573/2399 1080/3574/2635
f 2719/3562/2632 2720/3564/2634 1080/3575/2635 1081/3576/2636
f 2718/3577/2633 2719/3578/2632 1081/3579/2636 1082/3580/2637
f 1053/3581/2357 2718/3582/2633 1082/3583/2637 151/3584/2358
f 1054/3185/2356 2715/3585/2629 2718/3586/2633 1053/3587/2357
f 1055/3566/2355 2712/3556/2626 2715/3559/2629 1054/3588/2356
f 2721/3589/2638 2722/3590/2639 2725/3591/2640 2724/3592/2641
f 2722/3590/2639 2723/3593/2642 2726/3594/2643 2725/3591/2640
f 2724/3595/2641 2725/3596/2640 2728/3597/2644 2727/3598/2645
f 2725/3596/2640 2726/3599/2643 2729/3600/2646 2728/3597/2644
f 151/3230/2358 1082/3601/2637 2721/3602/2638 1058/3231/2371
f 1082/3603/2637 1081/3604/2636 2722/3590/2639 2721/3589/2638
f 1081/3604/2636 1080/3605/2635 2723/3593/2642 2722/3590/2639
f 1080/3606/2635 166/3607/2399 1163/3608/2401 2723/3609/2642
f 2723/3609/2642 1163/3608/2401 1162/3289/2409 2726/3599/2643
f 2726/3599/2643 1162/3289/2409 1161/3288/2408 2729/3600/2646
f 2729/3600/2646 1161/3288/2408 165/3155/2335 1077/3610/2647
f 2728/3597/2644 2729/3600/2646 1077/3610/2647 1078/3611/2648
f 2727/3598/2645 2728/3597/2644 1078/3611/2648 1079/3612/2649
f 1056/3613/2373 2727/3598/2645 1079/3612/2649 152/2060/1502
f 1057/3235/2372 2724/3614/2641 2727/3615/2645 1056/3236/2373
f 1058/3231/2371 2721/3602/2638 2724/3616/2641 1057/3233/2372
f 2730/3617/2650 2731/3618/2651 2734/3619/2652 2733/3620/2653
f 2731/3618/2651 2732/3621/2654 2735/3622/2655 2734/3619/2652
f 2733/3620/2653 2734/3619/2652 2737/3623/2656 2736/3624/2657
f 2734/3619/2652 2735/3622/2655 2738/3625/2658 2737/3623/2656
f 152/2060/1502 1079/3612/2649 2730/3617/2650 1061/2061/1503
f 1079/3612/2649 1078/3611/2648 2731/3618/2651 2730/3617/2650
f 1078/3611/2648 1077/3610/2647 2732/3621/2654 2731/3618/2651
f 1077/3610/2647 165/3155/2335 1166/3157/2337 2732/3621/2654
f 2732/3621/2654 1166/3157/2337 1165/3165/2345 2735/3622/2655
f 2735/3622/2655 1165/3165/2345 1164/3164/2344 2738/3625/2658
f 2738/3625/2658 1164/3164/2344 84/1153/885 644/1657/1258
f 2737/3623/2656 2738/3625/2658 644/1657/1258 643/1656/1257
f 2736/3624/2657 2737/3623/2656 643/1656/1257 642/1655/1256
f 1059/2063/1505 2736/3624/2657 642/1655/1256 60/19/19
f 1060/2062/1504 2733/3620/2653 2736/3624/2657 1059/2063/1505
f 1061/2061/1503 2730/3617/2650 2733/3620/2653 1060/2062/1504
f 2739/3626/2659 2740/3627/2660 2743/3628/2661 2742/3629/2662
f 2740/3627/2660 2741/3630/2663 2744/3631/2664 2743/3628/2661
f 2742/3629/2662 2743/3628/2661 2746/3632/2665 2745/3633/2666
f 2743/3628/2661 2744/3631/2664 2747/3634/2667 2746/3632/2665
f 168/3635/2668 1173/3636/2669 2739/3626/2659 1169/3637/2670
f 1173/3636/2669 1174/3638/2671 2740/3627/2660 2739/3626/2659
f 1174/3638/2671 1175/3639/2672 2741/3630/2663 2740/3627/2660
f 1175/3639/2672 170/2822/2051 1172/2821/2050 2741/3630/2663
f 2741/3630/2663 1172/2821/2050 1171/2820/2049 2744/3631/2664
f 2744/3631/2664 1171/2820/2049 1170/2819/2048 2747/3634/2667
f 2747/3634/2667 1170/2819/2048 169/2818/2047 1176/3640/2673
f 2746/3632/2665 2747/3634/2667 1176/3640/2673 1177/3641/2674
f 2745/3633/2666 2746/3632/2665 1177/3641/2674 1178/3642/2675
f 1167/3643/2676 2745/3633/2666 1178/3642/2675 167/3644/2677
f 1168/3645/2678 2742/3629/2662 2745/3633/2666 1167/3643/2676
f 1169/3637/2670 2739/3626/2659 2742/3629/2662 1168/3645/2678
f 2748/3646/2679 2749/3647/2680 2752/3648/2681 2751/3649/2682
f 2749/3647/2680 2750/3650/2683 2753/3651/2684 2752/3648/2681
f 2751/3649/2682 2752/3648/2681 2755/3652/2685 2754/3653/2686
f 2752/3648/2681 2753/3651/2684 2756/3654/2687 2755/3652/2685
f 134/2726/1967 1179/2825/2054 2748/3646/2679 941/2727/1968
f 1179/2825/2054 1180/2824/2053 2749/3647/2680 2748/3646/2679
f 1180/2824/2053 1181/2823/2052 2750/3650/2683 2749/3647/2680
f 1181/2823/2052 170/2822/2051 1175/3639/2672 2750/3650/2683
f 2750/3650/2683 1175/3639/2672 1174/3638/2671 2753/3651/2684
f 2753/3651/2684 1174/3638/2671 1173/3636/2669 2756/3654/2687
f 2756/3654/2687 1173/3636/2669 168/3635/2668 1187/3655/2688
f 2755/3652/2685 2756/3654/2687 1187/3655/2688 1186/3656/2689
f 2754/3657/2686 2755/3658/2685 1186/3659/2689 1185/3660/2690
f 939/3661/1970 2754/3657/2686 1185/3660/2690 132/2843/1971
f 940/2728/1969 2751/3649/2682 2754/3653/2686 939/2729/1970
f 941/2727/1968 2748/3646/2679 2751/3649/2682 940/2728/1969
f 2757/3662/2691 2758/3663/2692 2761/3664/2693 2760/3665/2694
f 2758/3663/2692 2759/3666/2695 2762/3667/2696 2761/3664/2693
f 2760/3665/2694 2761/3664/2693 2764/3668/2697 2763/3669/2698
f 2761/3664/2693 2762/3667/2696 2765/3670/2699 2764/3668/2697
f 132/2843/1971 1185/3660/2690 2757/3671/2691 935/2844/2067
f 1185/3660/2690 1186/3659/2689 2758/3672/2692 2757/3671/2691
f 1186/3656/2689 1187/3655/2688 2759/3666/2695 2758/3663/2692
f 1187/3655/2688 168/3635/2668 1169/3637/2670 2759/3666/2695
f 2759/3666/2695 1169/3637/2670 1168/3645/2678 2762/3667/2696
f 2762/3667/2696 1168/3645/2678 1167/3643/2676 2765/3670/2699
f 2765/3670/2699 1167/3643/2676 167/3644/2677 1190/3673/2700
f 2764/3668/2697 2765/3670/2699 1190/3673/2700 1189/3674/2701
f 2763/3669/2698 2764/3668/2697 1189/3674/2701 1188/3675/2702
f 933/2847/2069 2763/3669/2698 1188/3675/2702 131/2848/2070
f 934/2846/2068 2760/3665/2694 2763/3669/2698 933/2847/2069
f 935/2844/2067 2757/3671/2691 2760/3676/2694 934/2845/2068
f 2766/3677/2703 2767/3678/2704 2770/3679/2705 2769/3680/2706
f 2767/3678/2704 2768/3681/2707 2771/3682/2708 2770/3679/2705
f 2769/3680/2706 2770/3679/2705 2773/3683/2709 2772/3684/2710
f 2770/3679/2705 2771/3682/2708 2774/3685/2711 2773/3683/2709
f 131/2848/2070 1188/3675/2702 2766/3677/2703 944/2865/2087
f 1188/3675/2702 1189/3674/2701 2767/3678/2704 2766/3677/2703
f 1189/3674/2701 1190/3673/2700 2768/3681/2707 2767/3678/2704
f 1190/3673/2700 167/3644/2677 1178/3642/2675 2768/3681/2707
f 2768/3681/2707 1178/3642/2675 1177/3641/2674 2771/3682/2708
f 2771/3682/2708 1177/3641/2674 1176/3640/2673 2774/3685/2711
f 2774/3685/2711 1176/3640/2673 169/2818/2047 1182/2817/2046
f 2773/3683/2709 2774/3685/2711 1182/2817/2046 1183/2816/2045
f 2772/3684/2710 2773/3683/2709 1183/2816/2045 1184/2814/2043
f 942/2867/2089 2772/3684/2710 1184/2814/2043 133/2813/2042
f 943/2866/2088 2769/3680/2706 2772/3684/2710 942/2867/2089
f 944/2865/2087 2766/3677/2703 2769/3680/2706 943/2866/2088
f 2775/3686/2712 2776/3687/2713 2779/3688/2714 2778/3689/2715
f 2776/3690/2713 2777/3691/2716 2780/3692/2717 2779/3693/2714
f 2778/3689/2715 2779/3688/2714 2782/3694/2718 2781/3695/2719
f 2779/3688/2714 2780/3696/2717 2783/3697/2720 2782/3694/2718
f 129/3698/1942 1200/3699/2721 2775/3700/2712 912/2699/1943
f 1200/3701/2721 1201/3702/2722 2776/3690/2713 2775/3703/2712
f 1201/3702/2722 1202/3704/2723 2777/3691/2716 2776/3690/2713
f 1202/3704/2723 174/2872/2094 1205/2883/2105 2777/3691/2716
f 2777/3691/2716 1205/2883/2105 1204/2885/2107 2780/3692/2717
f 2780/3692/2717 1204/2885/2107 1203/2884/2106 2783/3705/2720
f 2783/3705/2720 1203/2884/2106 172/2721/1962 948/3706/2724
f 2782/3694/2718 2783/3697/2720 948/3707/2724 949/3708/2725
f 2781/3695/2719 2782/3694/2718 949/3708/2725 950/3709/2726
f 914/3710/1945 2781/3711/2719 950/3712/2726 130/3713/1946
f 913/3714/1944 2778/3715/2715 2781/3711/2719 914/3710/1945
f 912/2699/1943 2775/3700/2712 2778/3689/2715 913/2700/1944
f 2784/3716/2727 2785/3717/2728 2788/3718/2729 2787/3719/2730
f 2785/3717/2728 2786/3720/2731 2789/3721/2732 2788/3718/2729
f 2787/3722/2730 2788/3723/2729 2791/3724/2733 2790/3725/2734
f 2788/3718/2729 2789/3721/2732 2792/3726/2735 2791/3727/2733
f 127/2780/2011 1197/3728/2736 2784/3729/2727 920/2799/2028
f 1197/3730/2736 1198/3731/2737 2785/3717/2728 2784/3716/2727
f 1198/3731/2737 1199/3732/2738 2786/3720/2731 2785/3717/2728
f 1199/3732/2738 173/2853/2075 1208/2864/2086 2786/3720/2731
f 2786/3720/2731 1208/2864/2086 1207/2873/2095 2789/3721/2732
f 2789/3721/2732 1207/2873/2095 1206/2871/2093 2792/3726/2735
f 2792/3726/2735 1206/2871/2093 174/2872/2094 1202/3704/2723
f 2791/3727/2733 2792/3726/2735 1202/3704/2723 1201/3702/2722
f 2790/3733/2734 2791/3727/2733 1201/3702/2722 1200/3701/2721
f 918/2801/2030 2790/3734/2734 1200/3735/2721 129/2697/1942
f 919/2800/2029 2787/3736/2730 2790/3734/2734 918/2801/2030
f 920/2799/2028 2784/3729/2727 2787/3736/2730 919/2800/2029
f 2793/3737/2739 2794/3738/2740 2797/3739/2741 2796/3740/2742
f 2794/3738/2740 2795/3741/2743 2798/3742/2744 2797/3739/2741
f 2796/3740/2742 2797/3739/2741 2800/3743/2745 2799/3744/2746
f 2797/3739/2741 2798/3742/2744 2801/3745/2747 2800/3743/2745
f 128/3746/1991 1191/3747/2748 2793/3748/2739 911/3749/2008
f 1191/3750/2748 1192/3751/2749 2794/3738/2740 2793/3737/2739
f 1192/3751/2749 1193/3752/2750 2795/3741/2743 2794/3738/2740
f 1193/3752/2750 171/2735/1976 1211/2840/2066 2795/3741/2743
f 2795/3741/2743 1211/2840/2066 1210/2854/2076 2798/3742/2744
f 2798/3742/2744 1210/2854/2076 1209/2852/2074 2801/3745/2747
f 2801/3745/2747 1209/2852/2074 173/2853/2075 1199/3732/2738
f 2800/3743/2745 2801/3745/2747 1199/3732/2738 1198/3731/2737
f 2799/3744/2746 2800/3743/2745 1198/3731/2737 1197/3730/2736
f 909/2779/2010 2799/3753/2746 1197/3728/2736 127/2780/2011
f 910/2778/2009 2796/3754/2742 2799/3753/2746 909/2779/2010
f 911/3755/2008 2793/3737/2739 2796/3754/2742 910/2778/2009
f 2802/3756/2751 2803/3757/2752 2806/3758/2753 2805/3759/2754
f 2803/3757/2752 2804/3760/2755 2807/3761/2756 2806/3758/2753
f 2805/3762/2754 2806/3763/2753 2809/3764/2757 2808/3765/2758
f 2806/3763/2753 2807/3766/2756 2810/3767/2759 2809/3764/2757
f 128/3746/1991 1232/3768/2760 2802/3756/2751 1191/3747/2748
f 1232/3768/2760 1231/3769/2761 2803/3757/2752 2802/3756/2751
f 1231/3769/2761 1230/3770/2762 2804/3760/2755 2803/3757/2752
f 1230/3770/2762 175/3771/2763 1221/3772/2764 2804/3760/2755
f 2804/3760/2755 1221/3772/2764 1222/3773/2765 2807/3761/2756
f 2807/3761/2756 1222/3773/2765 1223/3774/2766 2810/3775/2759
f 2810/3767/2759 1223/3776/2766 178/3777/2767 1229/3778/2768
f 2809/3764/2757 2810/3767/2759 1229/3778/2768 1228/3779/2769
f 2808/3765/2758 2809/3764/2757 1228/3779/2769 1227/3780/2770
f 1193/3752/2750 2808/3765/2758 1227/3780/2770 171/2735/1976
f 1192/3781/2749 2805/3759/2754 2808/3782/2758 1193/3783/2750
f 1191/3747/2748 2802/3756/2751 2805/3759/2754 1192/3781/2749
f 2811/3784/2771 2812/3785/2772 2815/3786/2773 2814/3787/2774
f 2812/3788/2772 2813/3789/2775 2816/3790/2776 2815/3791/2773
f 2814/3792/2774 2815/3791/2773 2818/3793/2777 2817/3794/2778
f 2815/3791/2773 2816/3790/2776 2819/3795/2779 2818/3793/2777
f 175/3771/2763 1256/3796/2780 2811/3784/2771 1221/3772/2764
f 1256/3796/2780 1255/3797/2781 2812/3785/2772 2811/3784/2771
f 1255/3798/2781 1254/3799/2782 2813/3789/2775 2812/3788/2772
f 1254/3799/2782 179/3800/2783 1245/3801/2784 2813/3789/2775
f 2813/3789/2775 1245/3801/2784 1246/3802/2785 2816/3790/2776
f 2816/3790/2776 1246/3802/2785 1247/3803/2786 2819/3795/2779
f 2819/3795/2779 1247/3803/2786 182/3804/2787 1253/3805/2788
f 2818/3793/2777 2819/3795/2779 1253/3805/2788 1252/3806/2789
f 2817/3794/2778 2818/3793/2777 1252/3806/2789 1251/3807/2790
f 1223/3776/2766 2817/3794/2778 1251/3807/2790 178/3777/2767
f 1222/3773/2765 2814/3787/2774 2817/3808/2778 1223/3774/2766
f 1221/3772/2764 2811/3784/2771 2814/3787/2774 1222/3773/2765
f 2820/3809/2791 2821/3810/2792 2824/3811/2793 2823/3812/2794
f 2821/3810/2792 2822/3813/2795 2825/3814/2796 2824/3811/2793
f 2823/3812/2794 2824/3811/2793 2827/3815/2797 2826/3816/2798
f 2824/3811/2793 2825/3814/2796 2828/3817/2799 2827/3815/2797
f 171/2735/1976 1227/3780/2770 2820/3809/2791 1212/2734/1975
f 1227/3780/2770 1228/3779/2769 2821/3810/2792 2820/3809/2791
f 1228/3779/2769 1229/3778/2768 2822/3813/2795 2821/3810/2792
f 1229/3778/2768 178/3777/2767 1224/3818/2800 2822/3813/2795
f 2822/3813/2795 1224/3818/2800 1225/3819/2801 2825/3814/2796
f 2825/3814/2796 1225/3819/2801 1226/3820/2802 2828/3817/2799
f 2828/3817/2799 1226/3820/2802 177/3821/2803 1235/3822/2804
f 2827/3815/2797 2828/3817/2799 1235/3822/2804 1234/3823/2805
f 2826/3816/2798 2827/3815/2797 1234/3823/2805 1233/3824/2806
f 1214/2723/1964 2826/3816/2798 1233/3824/2806 172/2721/1962
f 1213/2736/1977 2823/3812/2794 2826/3816/2798 1214/2723/1964
f 1212/2734/1975 2820/3809/2791 2823/3812/2794 1213/2736/1977
f 2829/3825/2807 2830/3826/2808 2833/3827/2809 2832/3828/2810
f 2830/3826/2808 2831/3829/2811 2834/3830/2812 2833/3827/2809
f 2832/3828/2810 2833/3827/2809 2836/3831/2813 2835/3832/2814
f 2833/3827/2809 2834/3830/2812 2837/3833/2815 2836/3831/2813
f 130/3834/1946 1238/3835/2816 2829/3825/2807 917/3836/1988
f 1238/3835/2816 1237/3837/2817 2830/3826/2808 2829/3825/2807
f 1237/3837/2817 1236/3838/2818 2831/3829/2811 2830/3826/2808
f 1236/3838/2818 176/3839/2819 1217/3840/2820 2831/3829/2811
f 2831/3829/2811 1217/3840/2820 1216/3841/2821 2834/3830/2812
f 2834/3830/2812 1216/3841/2821 1215/3842/2822 2837/3833/2815
f 2837/3833/2815 1215/3842/2822 175/3771/2763 1230/3770/2762
f 2836/3831/2813 2837/3833/2815 1230/3770/2762 1231/3769/2761
f 2835/3832/2814 2836/3831/2813 1231/3769/2761 1232/3768/2760
f 915/3843/1990 2835/3832/2814 1232/3768/2760 128/3746/1991
f 916/3844/1989 2832/3828/2810 2835/3832/2814 915/3843/1990
f 917/3836/1988 2829/3825/2807 2832/3828/2810 916/3844/1989
f 2838/3845/2823 2839/3846/2824 2842/3847/2825 2841/3848/2826
f 2839/3849/2824 2840/3850/2827 2843/3851/2828 2842/3852/2825
f 2841/3848/2826 2842/3847/2825 2845/3853/2829 2844/3854/2830
f 2842/3847/2825 2843/3855/2828 2846/3856/2831 2845/3853/2829
f 172/2721/1962 1233/3824/2806 2838/3857/2823 948/3706/2724
f 1233/3824/2806 1234/3823/2805 2839/3849/2824 2838/3857/2823
f 1234/3823/2805 1235/3822/2804 2840/3850/2827 2839/3849/2824
f 1235/3822/2804 177/3821/2803 1218/3858/2832 2840/3850/2827
f 2840/3850/2827 1218/3858/2832 1219/3859/2833 2843/3851/2828
f 2843/3851/2828 1219/3859/2833 1220/3860/2834 2846/3861/2831
f 2846/3856/2831 1220/3862/2834 176/3839/2819 1236/3838/2818
f 2845/3853/2829 2846/3856/2831 1236/3838/2818 1237/3837/2817
f 2844/3854/2830 2845/3853/2829 1237/3837/2817 1238/3835/2816
f 950/3709/2726 2844/3854/2830 1238/3835/2816 130/3834/1946
f 949/3708/2725 2841/3848/2826 2844/3854/2830 950/3709/2726
f 948/3707/2724 2838/3845/2823 2841/3848/2826 949/3708/2725
f 2847/3863/2835 2848/3864/2836 2851/3865/2837 2850/3866/2838
f 2848/3864/2836 2849/3867/2839 2852/3868/2840 2851/3865/2837
f 2850/3866/2838 2851/3865/2837 2854/3869/2841 2853/3870/2842
f 2851/3865/2837 2852/3868/2840 2855/3871/2843 2854/3869/2841
f 180/3872/2844 1244/3873/2845 2847/3863/2835 1241/3874/2846
f 1244/3873/2845 1243/3875/2847 2848/3864/2836 2847/3863/2835
f 1243/3875/2847 1242/3876/2848 2849/3867/2839 2848/3864/2836
f 1242/3876/2848 181/3877/2849 1250/3878/2850 2849/3867/2839
f 2849/3867/2839 1250/3878/2850 1249/3879/2851 2852/3868/2840
f 2852/3868/2840 1249/3879/2851 1248/3880/2852 2855/3871/2843
f 2855/3871/2843 1248/3880/2852 182/3804/2787 1247/3803/2786
f 2854/3869/2841 2855/3871/2843 1247/3803/2786 1246/3802/2785
f 2853/3870/2842 2854/3869/2841 1246/3802/2785 1245/3801/2784
f 1239/3881/2853 2853/3870/2842 1245/3801/2784 179/3800/2783
f 1240/3882/2854 2850/3866/2838 2853/3870/2842 1239/3881/2853
f 1241/3874/2846 2847/3863/2835 2850/3866/2838 1240/3882/2854
f 2856/3883/2855 2857/3884/2856 2860/3885/2857 2859/3886/2858
f 2857/3884/2856 2858/3887/2859 2861/3888/2860 2860/3885/2857
f 2859/3889/2858 2860/3890/2857 2863/3891/2861 2862/3892/2862
f 2860/3885/2857 2861/3888/2860 2864/3893/2863 2863/3894/2861
f 176/3895/2819 1259/3896/2864 2856/3883/2855 1217/3897/2820
f 1259/3896/2864 1258/3898/2865 2857/3884/2856 2856/3883/2855
f 1258/3898/2865 1257/3899/2866 2858/3887/2859 2857/3884/2856
f 1257/3899/2866 180/3872/2844 1241/3874/2846 2858/3887/2859
f 2858/3887/2859 1241/3874/2846 1240/3882/2854 2861/3888/2860
f 2861/3888/2860 1240/3882/2854 1239/3881/2853 2864/3893/2863
f 2864/3893/2863 1239/3881/2853 179/3800/2783 1254/3799/2782
f 2863/3891/2861 2864/3900/2863 1254/3901/2782 1255/3797/2781
f 2862/3892/2862 2863/3891/2861 1255/3797/2781 1256/3796/2780
f 1215/3842/2822 2862/3892/2862 1256/3796/2780 175/3771/2763
f 1216/3841/2821 2859/3889/2858 2862/3892/2862 1215/3842/2822
f 1217/3840/2820 2856/3902/2855 2859/3889/2858 1216/3841/2821
f 2865/3903/2867 2866/3904/2868 2869/3905/2869 2868/3906/2870
f 2866/3904/2868 2867/3907/2871 2870/3908/2872 2869/3905/2869
f 2868/3906/2870 2869/3905/2869 2872/3909/2873 2871/3910/2874
f 2869/3905/2869 2870/3908/2872 2873/3911/2875 2872/3909/2873
f 178/3777/2767 1251/3807/2790 2865/3903/2867 1224/3818/2800
f 1251/3807/2790 1252/3806/2789 2866/3904/2868 2865/3903/2867
f 1252/3806/2789 1253/3805/2788 2867/3907/2871 2866/3904/2868
f 1253/3805/2788 182/3804/2787 1248/3880/2852 2867/3907/2871
f 2867/3907/2871 1248/3880/2852 1249/3879/2851 2870/3908/2872
f 2870/3908/2872 1249/3879/2851 1250/3878/2850 2873/3911/2875
f 2873/3911/2875 1250/3878/2850 181/3877/2849 1262/3912/2876
f 2872/3909/2873 2873/3911/2875 1262/3912/2876 1261/3913/2877
f 2871/3910/2874 2872/3909/2873 1261/3913/2877 1260/3914/2878
f 1226/3820/2802 2871/3910/2874 1260/3914/2878 177/3821/2803
f 1225/3819/2801 2868/3906/2870 2871/3910/2874 1226/3820/2802
f 1224/3818/2800 2865/3903/2867 2868/3906/2870 1225/3819/2801
f 2874/3915/2879 2875/3916/2880 2878/3917/2881 2877/3918/2882
f 2875/3916/2880 2876/3919/2883 2879/3920/2884 2878/3917/2881
f 2877/3918/2882 2878/3917/2881 2881/3921/2885 2880/3922/2886
f 2878/3917/2881 2879/3920/2884 2882/3923/2887 2881/3921/2885
f 177/3821/2803 1260/3914/2878 2874/3915/2879 1218/3858/2832
f 1260/3914/2878 1261/3913/2877 2875/3916/2880 2874/3915/2879
f 1261/3913/2877 1262/3912/2876 2876/3919/2883 2875/3916/2880
f 1262/3912/2876 181/3877/2849 1242/3876/2848 2876/3919/2883
f 2876/3919/2883 1242/3876/2848 1243/3875/2847 2879/3920/2884
f 2879/3920/2884 1243/3875/2847 1244/3873/2845 2882/3923/2887
f 2882/3923/2887 1244/3873/2845 180/3872/2844 1257/3899/2866
f 2881/3921/2885 2882/3923/2887 1257/3899/2866 1258/3898/2865
f 2880/3922/2886 2881/3921/2885 1258/3898/2865 1259/3896/2864
f 1220/3860/2834 2880/3922/2886 1259/3896/2864 176/3895/2819
f 1219/3859/2833 2877/3918/2882 2880/3922/2886 1220/3860/2834
f 1218/3858/2832 2874/3915/2879 2877/3918/2882 1219/3859/2833
f 1330/201/2888 1333/207/2888 2893/207/2888 2892/201/2888
f 239/3924/2888 2135/3925/2888 2897/3925/2888 2884/3924/2888
f 798/3926/2888 2144/3927/2888 2901/3927/2888 2887/3926/2888
f 1334/3928/2888 1333/207/2888 2893/207/2888 2894/3928/2888
f 240/3929/2888 1334/3928/2888 2894/3928/2888 2885/3929/2888
f 2140/2219/2888 2139/2220/2888 2898/2220/2888 2899/2219/2888
f 798/3926/2888 2129/3930/2888 2895/3930/2888 2887/3926/2888
f 784/2250/2888 2139/2220/2888 2898/2220/2888 2886/2250/2888
f 217/214/2888 1327/200/2888 2891/200/2888 2883/214/2888
f 2129/3930/2888 2132/3931/2888 2896/3931/2888 2895/3930/2888
f 2263/3932/2888 2266/2572/2888 2903/2572/2888 2902/3932/2888
f 2141/2222/2888 2144/3927/2888 2901/3927/2888 2900/2222/2888
f 240/3929/2888 1323/3933/2888 2888/3933/2888 2885/3929/2888
f 2132/3931/2888 2135/3925/2888 2897/3925/2888 2896/3931/2888
f 239/3924/2888 1325/3934/2888 2890/3934/2888 2884/3924/2888
f 784/2250/2888 2263/3932/2888 2902/3932/2888 2886/2250/2888
f 1324/3935/2888 1323/3933/2888 2888/3933/2888 2889/3935/2888
f 1327/200/2888 1330/201/2888 2892/201/2888 2891/200/2888
f 1325/3934/2888 1324/3935/2888 2889/3935/2888 2890/3934/2888
f 2141/2222/2888 2140/2219/2888 2899/2219/2888 2900/2222/2888
